date,vac_statut,nb_pcr,nb_pcr_sympt,nb_pcr0,nb_pcr_sympt0,hc,hc_pcr,sc,sc_pcr,dc,dc_pcr,pourcent_parmi_vaccines
2021-06-06,Complet de moins de 3 mois - sans rappel,6371.83,340.08,76.82,13.63,19.45,10.03,6.41,6.0,2.18,2.13,34.79
2021-06-11,Non-vaccinés,125236.69,9815.75,3416.65,945.67,178.57,127.89,37.68,27.69,19.35,13.91,
2021-06-11,Primo dose efficace,48074.46,1856.74,234.53,53.23,13.64,9.1,4.88,3.25,10.62,8.72,41.4
2021-06-15,Complet - avec 1 rappel de moins de 3 mois,0.0,0.0,0.0,0.0,0.0,0.0,0.0,0.0,0.0,0.0,0.0
2021-06-17,Non-vaccinés,101864.55,7274.41,2016.73,599.53,108.03,69.85,35.01,23.51,23.0,16.47,
2021-06-18,Non-vaccinés,124889.31,6758.43,2122.77,526.45,105.37,66.44,21.92,14.41,10.61,8.18,
2021-06-18,Primo dose récente,16517.49,580.73,134.01,39.73,4.97,2.54,3.84,1.28,0.0,0.0,12.9
2021-06-21,Non-vaccinés,101063.86,7534.44,2134.51,693.89,89.15,64.99,28.67,20.16,14.88,9.86,
2021-06-21,Primo dose récente,12081.32,656.01,132.65,53.41,3.16,2.69,0.42,0.08,0.0,0.0,11.82
2021-06-21,Complet entre 3 mois et 6 mois - sans rappel,9504.29,378.45,40.41,6.86,5.65,3.93,1.79,0.06,3.82,2.37,7.47
2021-06-21,Complet - avec 1 rappel de moins de 3 mois,0.0,0.0,0.0,0.0,0.0,0.0,0.0,0.0,0.0,0.0,0.0
2021-06-24,Complet entre 3 mois et 6 mois - sans rappel,6281.59,324.63,38.83,4.38,7.2,5.99,1.21,1.21,4.38,4.19,7.71
2021-06-28,Primo dose récente,9912.45,534.25,114.43,50.89,2.61,2.06,1.22,0.0,0.0,0.0,8.59
2021-06-28,Complet - avec 1 rappel de moins de 3 mois,0.0,0.0,0.0,0.0,0.0,0.0,0.0,0.0,0.0,0.0,0.0
2021-06-29,Complet de moins de 3 mois - sans rappel,43631.23,2082.72,240.0,76.8,16.89,8.28,3.7,2.34,2.68,1.17,46.35
2021-06-30,Complet entre 3 mois et 6 mois - sans rappel,7500.15,387.08,53.4,10.59,4.51,3.31,1.13,1.0,1.18,1.18,8.26
2021-06-30,Complet de 6 mois ou plus - sans rappel,0.01,0.01,0.01,0.01,0.0,0.0,0.0,0.0,0.0,0.0,0.0
2021-07-02,Primo dose récente,12195.75,383.42,123.5,47.27,2.79,2.31,0.01,0.01,0.0,0.0,7.24
2021-07-03,Complet entre 3 mois et 6 mois - sans rappel,6063.11,272.69,31.66,6.06,1.96,0.7,0.59,0.0,0.17,0.17,8.91
2021-07-04,Complet de moins de 3 mois - sans rappel,10995.36,474.54,80.38,20.43,11.22,7.56,0.76,0.42,1.0,1.0,50.66
2021-07-09,Non-vaccinés,131999.14,7626.74,3033.36,1050.47,69.13,54.7,23.37,17.86,5.8,2.31,
2021-07-10,Complet entre 3 mois et 6 mois - sans rappel,6629.42,341.98,39.96,10.32,7.14,4.94,0.34,0.34,0.74,0.27,10.25
2021-07-10,Complet de 6 mois ou plus - sans rappel,1.12,0.08,0.09,0.08,0.0,0.0,0.0,0.0,0.0,0.0,0.0
2021-07-12,Primo dose récente,10908.28,676.5,313.41,129.33,3.65,3.14,0.35,0.28,0.0,0.0,6.13
2021-07-13,Complet de 6 mois ou plus - sans rappel,7.0,1.01,0.1,0.0,0.0,0.0,0.0,0.0,0.0,0.0,0.0
2021-07-14,Primo dose récente,2520.72,142.67,74.0,30.83,2.69,2.08,0.57,0.57,0.2,0.2,6.36
2021-07-15,Complet de 6 mois ou plus - sans rappel,5.29,0.11,0.2,0.1,0.0,0.0,0.0,0.0,0.0,0.0,0.0
2021-07-16,Primo dose récente,14043.32,802.64,516.67,218.14,2.54,1.85,1.05,1.05,0.0,0.0,6.52
2021-07-18,Complet entre 3 mois et 6 mois - sans rappel,3152.55,269.37,53.86,21.77,4.31,3.53,1.28,1.17,0.17,0.17,12.25
2021-07-19,Complet - avec 1 rappel de moins de 3 mois,0.0,0.0,0.0,0.0,0.0,0.0,0.0,0.0,0.0,0.0,0.0
2021-07-21,Complet entre 3 mois et 6 mois - sans rappel,15093.88,1315.96,387.15,135.97,22.13,16.15,3.7,2.96,0.69,0.49,12.93
2021-07-23,Primo dose récente,32317.92,1673.52,1616.61,719.76,10.03,6.45,1.95,1.22,1.0,1.0,8.64
2021-07-24,Primo dose efficace,24533.38,1386.17,785.98,281.79,9.44,7.07,1.35,1.1,2.38,2.1,16.98
2021-07-31,Complet de moins de 3 mois - sans rappel,56112.9,3118.83,1665.92,572.83,52.32,37.97,15.42,12.08,4.88,4.33,60.44
2021-08-01,Primo dose récente,4481.85,294.47,276.39,119.47,18.76,14.51,6.88,5.3,0.33,0.11,10.67
2021-08-02,Complet - avec 1 rappel de moins de 3 mois,1.0,0.0,0.0,0.0,0.0,0.0,0.0,0.0,0.0,0.0,0.0
2021-08-03,Non-vaccinés,110963.26,16212.99,15445.28,7368.76,438.56,317.17,107.14,81.42,38.53,32.56,
2021-08-03,Primo dose efficace,29558.61,2538.46,1343.28,553.46,24.41,17.36,6.14,5.65,3.53,3.31,12.44
2021-08-03,Complet de 6 mois ou plus - sans rappel,452.31,53.72,22.25,11.26,0.38,0.28,0.0,0.0,0.04,0.04,0.18
2021-08-04,Primo dose récente,25369.41,2417.51,2108.81,1058.09,23.23,17.19,7.27,6.67,0.0,0.0,10.59
2021-08-05,Complet de moins de 3 mois - sans rappel,72392.23,7191.65,3461.77,1427.07,74.39,56.07,15.91,12.52,3.92,3.67,60.16
2021-08-07,Primo dose efficace,25476.0,1070.32,716.88,248.23,19.64,14.12,5.75,4.34,2.23,2.12,12.37
2021-08-07,Complet de moins de 3 mois - sans rappel,49572.82,3192.86,2001.66,750.72,63.83,50.2,10.31,7.3,6.39,3.59,59.58
2021-08-08,Non-vaccinés,20239.09,1948.26,2140.17,829.78,299.42,204.34,113.53,85.97,39.33,23.99,
2021-08-10,Primo dose efficace,42117.49,2490.01,1458.71,579.07,40.13,30.77,8.91,6.97,3.48,2.41,12.55
2021-08-10,Complet - avec 1 rappel de moins de 3 mois,0.02,0.02,0.0,0.0,0.0,0.0,0.0,0.0,0.0,0.0,0.0
2021-08-10,Complet - avec 1 rappel entre 3 mois et 6 mois,0.0,0.0,0.0,0.0,0.0,0.0,0.0,0.0,0.0,0.0,0.0
2021-08-11,Primo dose efficace,40969.04,2356.78,1417.52,558.27,25.25,18.99,9.34,8.17,3.01,2.45,12.77
2021-08-12,Complet de moins de 3 mois - sans rappel,62933.32,6671.77,3701.51,1571.71,83.46,55.86,19.48,15.45,3.85,3.51,58.59
2021-08-12,Complet de 6 mois ou plus - sans rappel,2619.09,205.88,137.56,42.16,4.07,3.83,1.16,1.1,3.02,2.02,0.99
2021-08-13,Non-vaccinés,145101.73,11734.18,13446.04,5648.24,514.22,353.63,112.44,88.52,55.48,33.58,
2021-08-13,Complet de moins de 3 mois - sans rappel,72511.72,6240.19,3869.35,1549.5,83.79,59.88,20.5,16.64,10.66,7.33,58.7
2021-08-13,Complet - avec 1 rappel de moins de 3 mois,1.01,1.01,0.0,0.0,0.0,0.0,0.0,0.0,0.0,0.0,0.0
2021-08-15,Complet entre 3 mois et 6 mois - sans rappel,5179.33,506.18,205.08,81.99,67.63,48.48,6.92,3.9,15.09,11.55,18.92
2021-08-15,Complet - avec 1 rappel entre 3 mois et 6 mois,0.0,0.0,0.0,0.0,0.0,0.0,0.0,0.0,0.0,0.0,0.0
2021-08-16,Complet de moins de 3 mois - sans rappel,75534.64,8586.8,5334.3,2375.95,89.7,60.33,23.61,18.58,9.52,8.25,58.73
2021-08-17,Primo dose efficace,42739.26,2632.44,1434.45,599.29,37.11,28.31,10.21,7.38,9.52,5.01,13.7
2021-08-19,Primo dose récente,24338.92,1213.68,1091.11,523.97,27.46,23.35,4.94,2.96,0.04,0.02,6.09
2021-08-20,Non-vaccinés,120944.64,10578.29,11503.82,4824.14,449.42,292.37,131.73,94.33,63.6,36.29,
2021-08-20,Complet - avec 1 rappel de moins de 3 mois,0.09,0.0,0.0,0.0,0.22,0.2,0.0,0.0,0.0,0.0,0.0
2021-08-22,Primo dose récente,2519.12,148.35,136.5,52.58,21.44,17.1,8.73,7.35,1.0,1.0,5.14
2021-08-23,Complet de 6 mois ou plus - sans rappel,7436.44,572.66,394.49,152.86,13.79,10.13,5.1,4.02,0.97,0.16,2.4
2021-08-24,Complet - avec 1 rappel entre 3 mois et 6 mois,0.0,0.0,0.0,0.0,0.0,0.0,0.0,0.0,0.0,0.0,0.0
2021-08-30,Complet entre 3 mois et 6 mois - sans rappel,37522.2,3220.16,1428.74,604.71,70.45,56.1,10.37,7.35,15.13,12.94,21.3
2021-09-04,Primo dose efficace,18261.09,756.57,358.73,127.16,20.06,13.48,3.7,2.36,7.14,3.63,9.94
2021-09-07,Complet entre 3 mois et 6 mois - sans rappel,32689.92,3034.15,985.82,414.95,70.06,52.82,9.32,7.15,16.08,11.49,24.35
2021-09-08,Non-vaccinés,60058.98,7438.24,5099.34,2113.97,268.61,188.68,85.04,65.21,38.63,26.3,
2021-09-09,Complet entre 3 mois et 6 mois - sans rappel,24775.67,2898.84,818.18,330.83,53.23,44.24,21.28,17.29,14.56,13.15,25.34
2021-09-10,Complet entre 3 mois et 6 mois - sans rappel,31564.64,2685.36,800.96,307.99,47.09,35.19,10.14,8.08,13.18,10.5,25.84
2021-09-12,Complet - avec 1 rappel entre 3 mois et 6 mois,0.0,0.0,0.0,0.0,0.0,0.0,0.0,0.0,0.0,0.0,0.0
2021-09-13,Complet de 6 mois ou plus - sans rappel,10419.55,684.54,303.44,91.11,6.74,3.85,2.26,1.04,5.49,4.28,4.24
2021-09-15,Primo dose récente,5404.57,366.84,131.01,60.15,8.75,6.03,0.49,0.19,0.0,0.0,1.96
2021-09-15,Complet - avec 2 rappels de moins de 3 mois,0.0,0.0,0.0,0.0,0.0,0.0,0.0,0.0,0.0,0.0,0.0
2021-09-17,Complet - avec 1 rappel de moins de 3 mois,850.75,33.9,4.06,0.32,0.09,0.0,0.0,0.0,1.17,0.11,0.52
2021-09-19,Complet entre 3 mois et 6 mois - sans rappel,7914.11,644.67,124.24,41.75,37.35,28.02,11.93,9.49,10.57,8.73,31.15
2021-09-20,Primo dose récente,5830.95,384.84,145.18,63.17,6.64,4.74,1.19,1.17,0.03,0.0,1.58
2021-09-22,Complet - avec 1 rappel entre 3 mois et 6 mois,0.0,0.0,0.0,0.0,0.0,0.0,0.0,0.0,0.0,0.0,0.0
2021-09-25,Complet - avec 1 rappel de moins de 3 mois,1179.93,41.6,7.45,0.0,0.09,0.0,0.0,0.0,0.07,0.07,1.19
2021-10-01,Primo dose récente,3377.62,157.91,36.52,12.72,4.87,3.08,1.04,1.04,0.0,0.0,0.94
2021-10-03,Complet de moins de 3 mois - sans rappel,8658.41,727.72,129.55,48.27,16.43,11.89,4.38,2.67,1.32,1.25,46.69
2021-10-06,Complet - avec 1 rappel de moins de 3 mois,2625.17,147.06,16.47,4.87,1.11,1.0,0.0,0.0,0.0,0.0,2.05
2021-10-07,Primo dose récente,2084.77,112.23,30.91,11.98,1.05,0.77,1.3,0.14,0.01,0.0,0.84
2021-10-07,Complet - avec 1 rappel de moins de 3 mois,2028.88,167.04,24.65,4.76,1.47,0.41,0.23,0.18,0.01,0.0,2.16
2021-10-12,Non-vaccinés,49746.23,5806.39,1922.19,785.7,90.78,68.18,25.78,21.32,18.62,11.27,
2021-10-13,Non-vaccinés,44001.31,5099.43,1797.34,710.42,86.5,58.59,20.72,14.51,20.7,15.58,
2021-10-17,Complet de 6 mois ou plus - sans rappel,2219.21,151.87,44.39,13.93,10.82,8.74,1.44,1.35,2.76,1.0,6.38
2021-10-18,Complet - avec 2 rappels de moins de 3 mois,10.18,0.0,0.0,0.0,0.0,0.0,0.0,0.0,0.0,0.0,0.0
2021-10-19,Complet entre 3 mois et 6 mois - sans rappel,52253.26,7491.49,1485.41,739.44,45.69,34.55,12.12,6.87,6.71,5.29,50.23
2021-10-21,Complet - avec 1 rappel entre 3 mois et 6 mois,0.0,0.0,0.0,0.0,0.0,0.0,0.0,0.0,0.0,0.0,0.0
2021-10-23,Primo dose efficace,4451.13,262.62,66.29,22.25,5.94,4.9,0.8,0.55,1.31,1.0,3.4
2021-10-25,Complet - avec 3 rappels de moins de 3 mois,0.0,0.0,0.0,0.0,0.0,0.0,0.0,0.0,0.0,0.0,0.0
2021-10-27,Complet - avec 1 rappel de moins de 3 mois,5242.56,382.74,45.46,6.91,3.67,2.32,1.39,1.37,3.28,2.0,4.34
2021-10-30,Complet - avec 2 rappels de moins de 3 mois,4.64,0.05,0.0,0.0,0.0,0.0,0.0,0.0,0.0,0.0,0.0
2021-10-31,Complet entre 3 mois et 6 mois - sans rappel,14895.52,878.83,362.24,152.64,33.03,25.6,12.55,7.65,5.3,4.0,54.73
2021-10-31,Complet de 6 mois ou plus - sans rappel,3305.8,274.77,91.62,35.14,33.5,27.28,6.18,5.32,7.91,6.0,8.81
2021-11-03,Primo dose efficace,4686.61,509.47,136.37,66.46,6.82,4.26,3.02,2.88,3.36,2.2,3.11
2021-11-06,Complet - avec 3 rappels de moins de 3 mois,0.0,0.0,0.0,0.0,0.0,0.0,0.0,0.0,0.0,0.0,0.0
2021-11-08,Complet de moins de 3 mois - sans rappel,25985.47,3846.9,1269.58,652.82,23.71,18.82,2.47,0.82,4.6,4.42,24.64
2021-11-11,Primo dose récente,201.27,13.95,11.83,4.92,1.32,1.09,1.4,1.2,0.02,0.0,0.48
2021-11-13,Complet - avec 2 rappels de moins de 3 mois,10.45,0.04,0.0,0.0,0.0,0.0,0.0,0.0,0.0,0.0,0.0
2021-11-15,Primo dose récente,1060.91,106.78,83.88,39.63,1.29,1.08,0.2,0.2,0.0,0.0,0.44
2021-11-15,Complet de 6 mois ou plus - sans rappel,26791.7,3631.98,1954.8,1020.0,67.25,54.26,14.51,10.99,5.73,3.18,11.75
2021-11-17,Primo dose efficace,4964.47,631.98,211.62,107.99,13.48,9.96,2.4,2.0,0.57,0.07,2.78
2021-11-19,Non-vaccinés,61966.33,10628.63,6497.38,2923.72,181.07,131.07,65.19,55.33,22.66,19.13,
2021-11-21,Non-vaccinés,8626.93,1394.24,957.38,362.64,135.56,104.84,52.81,40.03,18.81,15.25,
2021-11-23,Primo dose récente,1116.51,171.5,131.67,70.23,1.78,1.63,0.3,0.1,0.0,0.0,0.48
2021-11-24,Non-vaccinés,71665.18,15788.77,9103.9,4232.28,246.5,193.84,60.81,50.69,22.17,15.87,
2021-11-25,Primo dose efficace,5582.76,948.84,346.26,178.22,19.09,14.39,0.65,0.39,0.73,0.17,2.62
2021-11-26,Primo dose efficace,6047.38,869.82,331.32,157.45,23.29,17.15,3.26,2.14,2.16,1.16,2.57
2021-11-27,Complet - avec 1 rappel de moins de 3 mois,15481.61,1247.33,293.58,82.76,17.45,13.14,4.54,3.54,5.68,4.16,10.87
2021-11-27,Complet - avec 1 rappel entre 3 mois et 6 mois,0.02,0.0,0.0,0.0,0.0,0.0,0.0,0.0,0.0,0.0,0.0
2021-11-27,Complet - avec 2 rappels de moins de 3 mois,10.38,0.15,0.11,0.0,0.34,0.34,0.0,0.0,0.0,0.0,0.01
2021-11-29,Primo dose efficace,7393.06,1057.52,535.26,236.96,22.21,15.39,5.86,4.68,1.84,0.59,2.49
2021-12-01,Complet - avec 1 rappel de moins de 3 mois,27850.96,3130.86,730.2,227.76,39.93,31.91,6.31,5.91,7.35,3.97,11.92
2021-12-02,Complet - avec 1 rappel entre 3 mois et 6 mois,182.05,22.93,10.08,3.58,1.19,1.17,0.06,0.06,0.1,0.1,0.08
2021-12-02,Complet - avec 2 rappels entre 3 mois et 6 mois,0.0,0.0,0.0,0.0,0.0,0.0,0.0,0.0,0.0,0.0,0.0
2021-12-02,Complet - avec 3 rappels de moins de 3 mois,0.0,0.0,0.0,0.0,0.0,0.0,0.0,0.0,0.0,0.0,0.0
2021-12-03,Complet - avec 1 rappel de moins de 3 mois,31259.49,3641.23,935.39,287.85,45.37,36.98,4.51,2.74,8.09,6.81,12.83
2021-12-03,Complet - avec 2 rappels entre 3 mois et 6 mois,0.0,0.0,0.0,0.0,0.0,0.0,0.0,0.0,0.0,0.0,0.0
2021-12-04,Primo dose récente,860.61,110.04,108.71,51.74,2.5,2.3,0.95,0.85,0.02,0.0,0.51
2021-12-05,Non-vaccinés,13048.93,2235.66,1876.58,657.87,311.59,226.0,105.82,87.45,45.21,34.41,
2021-12-05,Complet entre 3 mois et 6 mois - sans rappel,21735.17,2903.53,2191.18,856.02,143.06,111.32,39.05,30.92,13.97,12.94,59.42
2021-12-05,Complet de 6 mois ou plus - sans rappel,6453.71,863.69,615.23,220.23,119.21,93.72,28.6,24.94,39.06,34.04,12.98
2021-12-07,Complet - avec 2 rappels de moins de 3 mois,80.63,7.81,1.15,0.0,0.0,0.0,0.0,0.0,0.0,0.0,0.01
2021-12-09,Primo dose efficace,6475.86,1047.22,528.7,233.59,24.57,20.41,4.07,3.36,5.12,3.87,2.31
2021-12-11,Complet de 6 mois ou plus - sans rappel,22037.02,3076.3,2106.99,969.04,107.81,82.66,25.24,20.69,36.06,31.59,12.51
2021-12-13,Primo dose récente,1770.58,327.5,381.87,196.21,9.62,6.48,3.74,3.06,0.0,0.0,0.48
2021-12-14,Complet de 6 mois ou plus - sans rappel,39998.82,7396.66,4801.28,2213.74,185.02,151.53,30.21,26.49,37.59,31.57,12.48
2021-12-14,Complet - avec 1 rappel de 6 mois ou plus,0.0,0.0,0.0,0.0,0.0,0.0,0.0,0.0,0.0,0.0,0.0
2021-12-15,Complet - avec 2 rappels de moins de 3 mois,98.4,9.68,4.71,3.27,0.0,0.0,0.0,0.0,0.0,0.0,0.02
2021-12-17,Primo dose récente,1495.9,272.5,277.83,143.99,14.14,11.02,2.1,1.94,0.01,0.0,0.49
2021-12-18,Non-vaccinés,47391.36,9412.36,8596.16,3709.68,405.07,309.59,101.32,80.08,80.52,64.65,
2021-12-18,Primo dose efficace,3951.42,408.34,316.46,127.48,19.7,14.99,3.39,2.2,3.66,3.33,2.1
2021-12-18,Complet - avec 1 rappel entre 3 mois et 6 mois,1803.64,187.7,60.55,16.47,12.39,9.93,0.69,0.0,0.81,0.1,1.13
2021-12-20,Complet - avec 2 rappels de moins de 3 mois,127.89,12.0,10.2,4.33,0.0,0.0,0.0,0.0,0.0,0.0,0.02
2021-12-21,Complet - avec 3 rappels de moins de 3 mois,0.0,0.0,0.0,0.0,0.0,0.0,0.0,0.0,0.0,0.0,0.0
2021-12-22,Non-vaccinés,77373.98,19071.67,18125.74,8250.72,545.54,435.53,178.71,145.49,76.02,56.89,
2021-12-22,Complet - avec 1 rappel de moins de 3 mois,104962.45,14176.28,6445.76,2111.6,112.35,88.14,25.96,18.53,14.34,11.8,29.61
2021-12-23,Complet entre 3 mois et 6 mois - sans rappel,209889.96,37971.33,36496.22,16354.99,194.66,159.06,43.99,33.62,26.06,22.0,47.81
2021-12-23,Complet - avec 1 rappel de 6 mois ou plus,1.0,0.0,0.0,0.0,0.0,0.0,0.0,0.0,0.0,0.0,0.0
2021-12-26,Complet - avec 2 rappels de moins de 3 mois,35.04,4.13,2.29,2.06,0.04,0.04,0.0,0.0,0.0,0.0,0.03
2021-12-26,Complet - avec 2 rappels entre 3 mois et 6 mois,2.04,1.02,0.01,0.0,0.0,0.0,0.0,0.0,0.0,0.0,0.0
2021-12-27,Complet - avec 2 rappels de moins de 3 mois,228.7,39.8,29.22,13.24,1.04,1.04,0.0,0.0,0.0,0.0,0.03
2021-12-28,Complet de moins de 3 mois - sans rappel,22356.84,5830.0,6389.08,3118.4,70.73,59.56,10.76,8.94,2.96,2.42,6.07
2021-12-28,Complet - avec 3 rappels de moins de 3 mois,0.0,0.0,0.0,0.0,0.0,0.0,0.0,0.0,0.0,0.0,0.0
2021-12-29,Complet de 6 mois ou plus - sans rappel,48560.34,14007.44,16355.95,8071.88,177.87,142.06,27.04,21.3,41.42,35.72,9.13
2021-12-30,Primo dose récente,2385.58,623.37,815.14,417.68,8.31,6.13,4.38,2.19,1.01,1.0,0.57
2021-12-30,Complet entre 3 mois et 6 mois - sans rappel,220758.15,62857.04,73764.05,37020.54,288.71,237.65,42.73,35.74,21.26,17.41,41.72
2021-12-30,Complet - avec 1 rappel entre 3 mois et 6 mois,15565.81,1918.48,1595.1,581.69,36.61,31.67,2.36,2.12,2.85,2.4,2.05
2021-12-30,Complet - avec 2 rappels entre 3 mois et 6 mois,20.91,0.03,5.7,0.02,0.0,0.0,0.0,0.0,0.0,0.0,0.0
2021-12-31,Complet entre 3 mois et 6 mois - sans rappel,154224.9,42541.16,54130.18,26944.03,273.54,225.67,36.08,28.18,26.83,22.99,40.87
2022-01-01,Primo dose récente,318.27,59.03,73.98,26.41,8.04,6.37,4.12,3.3,1.35,1.35,0.56
2022-01-02,Complet - avec 1 rappel entre 3 mois et 6 mois,2565.43,328.75,232.39,70.16,32.42,30.69,4.08,3.86,9.49,9.06,2.33
2022-01-02,Complet - avec 2 rappels entre 3 mois et 6 mois,1.09,0.0,1.05,0.0,0.0,0.0,0.0,0.0,0.0,0.0,0.0
2022-01-03,Primo dose récente,2777.57,825.45,1018.57,563.98,10.68,8.75,4.24,3.5,1.98,1.53,0.52
2022-01-04,Complet - avec 1 rappel de 6 mois ou plus,0.0,0.0,0.0,0.0,0.0,0.0,0.0,0.0,0.0,0.0,0.0
2022-01-05,Complet entre 3 mois et 6 mois - sans rappel,201703.39,66952.32,72867.19,37621.42,338.38,277.26,48.23,37.72,19.51,13.74,37.99
2022-01-05,Complet - avec 1 rappel de 6 mois ou plus,0.0,0.0,0.0,0.0,0.0,0.0,0.0,0.0,0.0,0.0,0.0
2022-01-06,Complet de moins de 3 mois - sans rappel,24102.02,6212.8,6393.87,2947.75,84.93,65.9,9.32,8.4,3.17,2.92,5.16
2022-01-06,Complet de 6 mois ou plus - sans rappel,51169.03,14930.62,16730.48,7858.6,223.42,177.26,41.82,32.27,28.79,21.59,9.86
2022-01-07,Complet - avec 1 rappel de 6 mois ou plus,0.0,0.0,0.0,0.0,0.0,0.0,0.0,0.0,0.0,0.0,0.0
2022-01-09,Complet de 6 mois ou plus - sans rappel,7986.21,1768.92,2483.72,939.39,155.44,124.83,29.67,25.98,34.97,30.14,10.72
2022-01-09,Complet - avec 2 rappels entre 3 mois et 6 mois,2.09,0.0,0.03,0.0,0.0,0.0,0.0,0.0,0.0,0.0,0.0
2022-01-11,Non-vaccinés,120017.72,29153.23,38318.96,16138.56,807.84,599.3,147.79,109.74,111.21,84.63,
2022-01-13,Primo dose récente,2780.62,736.77,929.37,449.53,10.29,7.76,1.02,0.28,0.03,0.0,0.82
2022-01-14,Primo dose récente,2932.9,800.05,1047.04,520.68,15.67,7.47,1.82,1.51,0.14,0.0,0.82
2022-01-15,Complet - avec 1 rappel de 6 mois ou plus,0.0,0.0,0.0,0.0,0.0,0.0,0.0,0.0,0.0,0.0,0.0
2022-01-16,Complet entre 3 mois et 6 mois - sans rappel,19039.75,5077.97,7631.5,3312.23,260.92,201.65,39.53,30.74,18.0,12.42,28.9
2022-01-16,Complet - avec 2 rappels entre 3 mois et 6 mois,2.38,0.01,0.1,0.01,0.08,0.0,0.0,0.0,0.0,0.0,0.0
2022-01-16,Complet - avec 3 rappels de moins de 3 mois,0.0,0.0,0.0,0.0,0.0,0.0,0.0,0.0,0.0,0.0,0.0
2022-01-17,Complet - avec 1 rappel entre 3 mois et 6 mois,24696.56,2277.67,3706.95,992.79,182.57,146.11,9.55,8.34,18.49,14.11,3.81
2022-01-17,Complet - avec 3 rappels entre 3 et 6 mois ou plus,0.0,0.0,0.0,0.0,0.0,0.0,0.0,0.0,0.0,0.0,0.0
2022-01-20,Complet - avec 2 rappels entre 3 mois et 6 mois,23.24,1.27,4.39,0.24,0.79,0.08,0.0,0.0,0.0,0.0,0.0
2022-01-24,Non-vaccinés,129583.59,45320.12,62118.83,30158.78,859.3,640.16,133.94,100.88,119.9,93.51,
2022-01-24,Complet - avec 1 rappel de moins de 3 mois,222782.13,53422.14,60739.78,28476.04,602.06,485.0,59.02,45.14,47.38,34.51,55.3
2022-01-25,Complet de moins de 3 mois - sans rappel,17050.23,5189.93,5963.21,2990.11,125.95,100.85,11.43,10.45,10.37,9.4,4.36
2022-01-25,Complet - avec 2 rappels de moins de 3 mois,695.78,110.88,144.73,55.97,4.2,3.43,0.24,0.14,0.0,0.0,0.17
2022-01-25,Complet - avec 3 rappels entre 3 et 6 mois ou plus,0.0,0.0,0.0,0.0,0.0,0.0,0.0,0.0,0.0,0.0,0.0
2022-01-27,Complet - avec 1 rappel entre 3 mois et 6 mois,20996.63,2636.85,4122.07,1224.1,225.68,171.9,14.45,11.75,31.64,26.26,5.23
2022-01-30,Complet de moins de 3 mois - sans rappel,2776.2,592.62,853.99,343.76,67.94,54.6,11.13,8.72,7.16,5.61,4.26
2022-01-31,Complet entre 3 mois et 6 mois - sans rappel,83274.13,32963.0,40989.6,22781.44,315.26,254.9,19.45,14.71,28.41,23.95,19.56
2022-02-03,Complet - avec 1 rappel de moins de 3 mois,135339.25,37261.12,35333.36,17906.52,585.76,467.62,69.2,54.8,49.54,36.42,58.94
2022-02-04,Complet entre 3 mois et 6 mois - sans rappel,45252.23,16513.34,18237.06,9738.89,220.42,174.34,22.0,16.17,24.65,21.52,17.77
2022-02-04,Complet - avec 1 rappel entre 3 mois et 6 mois,17691.77,2910.39,3857.65,1372.05,250.3,183.01,31.38,22.95,32.65,24.74,6.32
2022-02-09,Complet - avec 3 rappels entre 3 et 6 mois ou plus,0.0,0.0,0.0,0.0,0.0,0.0,0.0,0.0,0.0,0.0,0.0
2022-02-10,Complet de moins de 3 mois - sans rappel,8883.59,2115.3,2150.16,1072.75,86.26,63.32,8.68,6.47,13.0,11.81,4.17
2022-02-15,Complet - avec 2 rappels de moins de 3 mois,844.9,106.26,109.05,39.58,2.77,2.37,0.05,0.0,0.24,0.04,0.36
2022-02-16,Complet de moins de 3 mois - sans rappel,7622.15,1590.36,1646.71,810.76,49.76,36.92,4.97,2.7,5.88,3.0,4.15
2022-02-19,Complet de 6 mois ou plus - sans rappel,12101.9,1682.8,1804.51,787.48,65.85,51.96,8.45,6.66,25.76,21.01,11.69
2022-02-19,Complet - avec 2 rappels de moins de 3 mois,669.37,46.61,55.17,15.66,1.72,1.26,0.01,0.01,0.24,0.04,0.42
2022-02-21,Primo dose efficace,3051.5,515.49,598.24,276.95,30.78,24.26,2.95,1.47,10.93,8.94,1.48
2022-02-21,Complet de 6 mois ou plus - sans rappel,19017.49,3763.94,3700.88,1870.78,91.12,70.55,12.42,8.97,14.45,10.75,11.84
2022-02-25,Non-vaccinés,22243.93,5420.76,5130.79,2597.26,243.6,185.88,28.11,25.1,53.5,41.46,
2022-02-26,Complet - avec 3 rappels de moins de 3 mois,1.07,0.0,0.0,0.0,0.0,0.0,0.0,0.0,0.0,0.0,0.0
2022-02-27,Primo dose récente,54.61,4.57,6.67,2.76,0.37,0.13,0.0,0.0,0.17,0.17,0.1
2022-02-27,Complet - avec 1 rappel de moins de 3 mois,18903.32,2466.32,2352.74,960.46,154.33,122.46,26.37,21.62,21.93,17.09,58.6
2022-03-01,Complet de moins de 3 mois - sans rappel,5345.12,1064.63,860.49,457.11,37.85,34.55,1.85,1.35,6.73,5.01,3.86
2022-03-03,Complet - avec 1 rappel de moins de 3 mois,58704.82,13824.99,10515.4,5990.96,197.47,155.43,22.28,18.28,28.61,22.34,56.26
2022-03-04,Complet - avec 1 rappel de moins de 3 mois,61816.01,12497.33,10276.39,5349.03,177.18,144.3,15.59,11.44,25.19,19.94,55.27
2022-03-06,Complet de moins de 3 mois - sans rappel,1372.96,169.96,163.28,59.56,18.21,13.68,2.57,2.35,2.16,0.75,3.7
2022-03-06,Complet - avec 1 rappel de moins de 3 mois,16517.85,2367.92,2211.57,1006.01,134.42,104.95,14.99,12.58,17.15,14.27,53.58
2022-03-06,Complet - avec 2 rappels de 6 mois ou plus,0.0,0.0,0.0,0.0,0.0,0.0,0.0,0.0,0.0,0.0,0.0
2022-03-13,Primo dose récente,46.04,6.57,5.06,3.69,0.19,0.13,0.0,0.0,0.0,0.0,0.05
2022-03-14,Complet - avec 2 rappels entre 3 mois et 6 mois,110.69,15.57,15.03,9.07,1.3,1.3,0.0,0.0,0.0,0.0,0.02
2022-05-08,Complet - avec 3 rappels de moins de 3 mois,1.08,0.05,0.0,0.0,0.0,0.0,0.0,0.0,0.0,0.0,0.0
2022-05-09,Complet - avec 2 rappels de moins de 3 mois,5186.33,480.92,513.05,189.09,35.52,29.01,2.97,2.4,3.47,2.21,2.31
2022-05-10,Complet de moins de 3 mois - sans rappel,1031.43,192.84,154.84,81.87,6.27,5.76,1.01,1.0,1.15,1.0,0.94
2022-05-10,Complet - avec 1 rappel de 6 mois ou plus,9600.54,1230.82,1575.53,636.69,99.72,72.59,12.33,7.5,17.74,13.81,5.37
2022-05-11,Complet - avec 1 rappel de moins de 3 mois,5909.2,946.14,724.38,389.67,16.97,13.64,4.3,4.16,1.5,1.28,5.31
2022-05-12,Complet entre 3 mois et 6 mois - sans rappel,3164.96,725.57,582.12,326.92,15.69,11.46,1.32,1.02,3.98,3.78,4.08
2022-05-15,Complet de 6 mois ou plus - sans rappel,4123.68,390.65,309.81,112.16,45.55,36.2,7.33,6.79,4.73,4.28,19.31
2022-05-16,Complet - avec 1 rappel de 6 mois ou plus,13903.58,1563.05,1940.92,849.73,89.91,73.12,13.04,10.23,9.29,8.38,6.36
2022-05-17,Complet de 6 mois ou plus - sans rappel,15168.64,2568.17,1665.22,893.22,51.05,38.95,8.25,5.59,10.37,9.02,19.35
2022-05-18,Complet de 6 mois ou plus - sans rappel,14846.26,2388.44,1548.01,771.35,57.58,45.46,4.34,3.75,10.53,8.73,19.37
2022-05-19,Complet - avec 2 rappels de 6 mois ou plus,12.93,3.25,2.54,2.2,0.48,0.48,1.14,1.0,0.0,0.0,0.01
2022-05-21,Non-vaccinés,11757.95,1519.12,1209.82,549.55,69.69,51.3,9.03,7.25,9.36,8.7,
2022-05-21,Primo dose efficace,804.43,79.64,49.87,28.28,4.04,3.14,0.29,0.25,0.0,0.0,1.13
2022-05-21,Complet - avec 1 rappel de 6 mois ou plus,8536.21,683.61,755.88,287.41,45.34,37.01,6.25,5.29,13.83,11.99,8.0
2022-05-24,Complet entre 3 mois et 6 mois - sans rappel,2518.44,488.0,383.63,216.8,9.96,9.11,1.27,0.15,1.54,1.25,3.88
2022-05-24,Complet - avec 2 rappels de 6 mois ou plus,25.61,5.34,3.49,1.1,1.05,1.0,0.0,0.0,0.0,0.0,0.01
2022-05-25,Primo dose récente,46.74,6.14,2.56,2.12,0.05,0.0,0.0,0.0,0.0,0.0,0.03
2022-05-25,Complet - avec 3 rappels de moins de 3 mois,16.87,2.05,2.0,1.0,0.0,0.0,0.0,0.0,0.0,0.0,0.0
2022-05-26,Non-vaccinés,3818.74,503.14,293.45,94.81,44.78,31.71,4.24,3.67,9.24,8.42,
2022-05-26,Complet entre 3 mois et 6 mois - sans rappel,761.05,81.39,60.91,19.34,9.15,7.24,0.04,0.0,1.22,1.0,3.82
2022-05-26,Complet - avec 3 rappels de moins de 3 mois,5.23,1.03,0.0,0.0,0.0,0.0,0.0,0.0,0.0,0.0,0.0
2022-05-27,Primo dose récente,38.96,5.18,4.62,1.03,1.0,0.0,0.0,0.0,0.0,0.0,0.02
2022-05-27,Complet - avec 1 rappel entre 3 mois et 6 mois,38832.67,8561.08,8323.56,4947.08,92.2,72.66,14.24,9.99,11.93,10.1,59.45
2022-05-27,Complet - avec 2 rappels de moins de 3 mois,3145.53,338.56,284.08,108.52,13.88,9.25,0.49,0.31,2.68,1.49,3.02
2022-05-27,Complet - avec 2 rappels entre 3 mois et 6 mois,488.48,65.94,58.49,29.7,2.11,2.0,0.03,0.0,0.02,0.02,0.52
2022-05-28,Primo dose efficace,705.66,50.67,43.07,17.03,3.84,3.35,0.0,0.0,1.29,1.23,1.12
2022-05-28,Complet de 6 mois ou plus - sans rappel,10223.85,911.64,688.59,294.35,24.53,16.61,4.1,3.26,8.56,6.12,19.74
2022-05-29,Complet entre 3 mois et 6 mois - sans rappel,743.23,82.62,55.73,24.09,11.28,9.97,0.58,0.27,0.14,0.14,3.71
2022-05-29,Complet - avec 3 rappels de moins de 3 mois,1.22,0.03,0.0,0.0,0.0,0.0,0.0,0.0,0.0,0.0,0.01
2022-05-30,Complet - avec 1 rappel entre 3 mois et 6 mois,62015.38,11886.75,11382.41,6892.94,121.32,94.48,31.6,25.16,10.62,7.78,58.4
2022-05-31,Complet de 6 mois ou plus - sans rappel,14469.09,2405.46,1317.95,705.03,44.77,35.57,1.24,0.57,5.93,3.78,19.81
2022-06-02,Non-vaccinés,11348.81,2282.04,1525.28,847.82,75.26,55.11,13.41,10.76,2.57,1.64,
2022-06-02,Primo dose récente,36.47,3.23,1.36,0.12,0.0,0.0,0.0,0.0,0.0,0.0,0.02
2022-06-02,Complet - avec 2 rappels entre 3 mois et 6 mois,404.38,77.66,54.63,29.56,1.36,1.17,0.08,0.0,0.0,0.0,0.56
2022-06-03,Complet de moins de 3 mois - sans rappel,318.73,49.8,37.48,21.04,2.03,2.0,0.01,0.0,0.0,0.0,0.37
2022-06-04,Complet entre 3 mois et 6 mois - sans rappel,2065.35,246.69,211.51,96.82,11.33,8.91,1.29,1.29,0.0,0.0,3.52
2022-06-05,Complet - avec 1 rappel entre 3 mois et 6 mois,9688.21,1173.56,1274.6,513.16,66.88,52.47,16.33,14.19,10.86,9.46,53.33
2022-06-05,Complet - avec 1 rappel de 6 mois ou plus,3935.03,455.83,444.84,150.1,76.37,61.4,5.71,4.85,13.39,10.94,16.18
2022-06-09,Complet de 6 mois ou plus - sans rappel,12371.27,1629.93,1716.34,596.52,42.8,33.6,8.44,5.83,1.71,1.66,20.12
2022-06-11,Complet - avec 3 rappels de moins de 3 mois,6.13,1.13,0.04,0.0,0.0,0.0,0.0,0.0,0.0,0.0,0.01
2022-06-12,Primo dose efficace,278.68,27.92,22.36,8.19,3.95,3.2,1.03,1.0,0.04,0.01,1.11
2022-06-16,Complet - avec 3 rappels de moins de 3 mois,15.9,0.11,1.2,0.03,0.0,0.0,0.0,0.0,0.0,0.0,0.01
2022-06-17,Complet de 6 mois ou plus - sans rappel,15147.53,3120.92,2561.74,1382.47,67.42,50.51,7.1,6.16,0.87,0.48,20.43
2022-06-17,Complet - avec 3 rappels de moins de 3 mois,16.03,3.12,2.19,2.01,0.0,0.0,0.0,0.0,0.0,0.0,0.01
2022-06-17,Complet - avec 3 rappels entre 3 et 6 mois ou plus,1.15,0.08,0.05,0.03,0.09,0.0,0.0,0.0,0.0,0.0,0.0
2022-06-21,Complet - avec 2 rappels de moins de 3 mois,6062.17,865.61,999.88,454.85,50.65,40.24,4.68,4.25,1.37,1.17,3.72
2022-06-23,Primo dose récente,37.16,2.25,3.05,0.1,0.04,0.0,0.0,0.0,0.0,0.0,0.02
2022-06-23,Primo dose efficace,1120.88,261.74,220.95,126.52,7.9,6.76,0.26,0.12,0.25,0.25,1.1
2022-06-23,Complet - avec 2 rappels de 6 mois ou plus,60.68,14.2,19.76,9.76,1.03,1.03,0.0,0.0,1.0,0.0,0.04
2022-06-26,Complet de 6 mois ou plus - sans rappel,5323.25,764.73,785.88,317.15,50.27,37.29,5.26,2.67,4.09,3.2,20.68
2022-06-26,Complet - avec 1 rappel entre 3 mois et 6 mois,7808.2,1724.04,2193.66,1082.5,87.09,69.25,10.16,8.17,5.27,4.0,32.38
2022-06-28,Primo dose efficace,1565.3,349.56,285.24,152.84,12.2,9.12,0.28,0.08,0.0,0.0,1.1
2022-06-28,Complet - avec 2 rappels entre 3 mois et 6 mois,1804.48,377.44,433.8,214.56,19.13,17.58,2.24,2.03,0.2,0.09,1.04
2022-06-30,Complet de 6 mois ou plus - sans rappel,26005.09,7940.73,6431.01,3989.85,91.82,66.16,11.78,9.9,6.15,4.57,20.79
2022-07-01,Complet de moins de 3 mois - sans rappel,563.8,114.44,88.22,46.22,1.47,1.24,0.05,0.0,0.0,0.0,0.25
2022-07-01,Complet de 6 mois ou plus - sans rappel,29437.46,7591.25,6416.03,3702.8,98.78,71.82,8.87,7.95,5.56,4.62,20.81
2022-07-05,Primo dose efficace,1848.16,437.31,439.76,242.85,12.17,9.08,1.17,1.17,0.27,0.18,1.1
2022-07-05,Complet - avec 1 rappel entre 3 mois et 6 mois,44042.21,17750.49,18324.02,12048.78,179.92,135.07,20.63,17.28,4.43,3.72,26.96
2022-07-05,Complet - avec 2 rappels de moins de 3 mois,8320.53,1683.47,2054.8,984.06,85.49,70.35,5.58,5.4,3.86,3.01,4.12
2022-07-05,Complet - avec 2 rappels entre 3 mois et 6 mois,2706.14,621.46,722.85,382.16,35.64,27.29,1.18,1.02,1.6,1.46,1.3
2022-07-06,Complet - avec 3 rappels de moins de 3 mois,19.61,3.3,1.23,1.12,1.0,1.0,0.0,0.0,0.0,0.0,0.01
2022-07-09,Complet - avec 3 rappels de moins de 3 mois,23.01,3.11,3.11,1.04,0.01,0.0,0.0,0.0,0.0,0.0,0.01
2022-07-10,Complet - avec 2 rappels entre 3 mois et 6 mois,642.22,83.31,107.8,29.33,23.34,13.64,3.34,3.01,3.14,2.0,1.56
2022-07-11,Non-vaccinés,40609.1,11112.09,10889.82,6275.98,262.04,205.44,20.73,15.52,12.97,7.74,
2022-07-11,Complet - avec 1 rappel de moins de 3 mois,3570.12,677.42,673.07,332.16,23.49,17.28,2.11,2.08,1.06,1.0,1.35
2022-07-11,Complet - avec 1 rappel entre 3 mois et 6 mois,40108.43,16371.62,17782.45,11568.98,172.96,133.8,17.79,16.79,5.25,4.25,20.59
2022-07-13,Complet de moins de 3 mois - sans rappel,560.02,102.07,92.4,52.18,3.7,3.39,0.15,0.05,0.01,0.01,0.24
2022-07-14,Primo dose efficace,403.86,54.57,61.12,23.17,10.41,8.08,1.04,0.85,1.31,1.1,1.08
2022-07-17,Complet de moins de 3 mois - sans rappel,125.48,16.34,14.75,5.32,1.86,1.21,0.16,0.0,0.0,0.0,0.24
2022-07-17,Complet - avec 2 rappels de moins de 3 mois,1706.74,247.21,281.92,97.44,47.36,35.67,7.57,6.53,6.72,4.74,5.47
2022-07-18,Complet - avec 2 rappels de 6 mois ou plus,380.61,86.96,111.12,58.78,1.85,0.69,0.08,0.06,0.0,0.0,0.15
2022-07-31,Complet - avec 1 rappel de 6 mois ou plus,10634.92,1670.22,1865.67,738.56,217.06,168.84,39.44,30.41,31.86,24.57,57.07
2022-08-03,Complet de moins de 3 mois - sans rappel,341.67,43.0,38.1,17.8,3.41,3.09,0.04,0.0,0.02,0.0,0.22
2022-08-03,Complet - avec 1 rappel de moins de 3 mois,1411.6,159.7,125.4,52.45,9.13,7.31,1.32,1.1,3.08,3.0,1.35
2022-08-04,Complet - avec 2 rappels entre 3 mois et 6 mois,2528.26,409.41,447.89,186.56,39.13,28.97,3.77,3.62,7.3,4.6,2.46
2022-08-04,Complet - avec 3 rappels de moins de 3 mois,29.53,3.12,3.84,1.25,1.08,1.0,0.0,0.0,0.0,0.0,0.04
2022-08-04,Complet - avec 3 rappels entre 3 et 6 mois ou plus,9.95,1.14,2.38,1.08,0.0,0.0,0.0,0.0,0.0,0.0,0.0
2022-08-05,Complet entre 3 mois et 6 mois - sans rappel,676.33,113.86,105.47,58.89,2.66,1.83,0.17,0.04,0.04,0.02,1.01
2022-08-05,Complet - avec 2 rappels entre 3 mois et 6 mois,2401.44,390.5,429.1,163.51,40.38,31.61,1.14,0.96,4.2,3.15,2.51
2022-08-05,Complet - avec 2 rappels de 6 mois ou plus,232.75,58.2,46.76,22.69,1.61,1.0,0.32,0.32,0.0,0.0,0.3
2022-08-06,Non-vaccinés,11866.38,1454.25,1270.93,596.93,85.54,65.26,8.21,6.14,7.9,4.53,
2022-08-07,Complet - avec 1 rappel entre 3 mois et 6 mois,1112.99,129.84,120.61,48.63,14.75,10.45,1.72,1.28,1.15,0.72,6.09
2022-08-08,Complet de moins de 3 mois - sans rappel,382.23,47.06,35.61,14.7,0.02,0.0,0.0,0.0,1.0,1.0,0.22
2022-08-08,Complet - avec 2 rappels de 6 mois ou plus,367.33,82.94,71.35,42.73,1.55,1.5,0.04,0.0,0.09,0.0,0.33
2022-08-16,Primo dose efficace,993.44,144.1,125.7,62.83,9.98,8.35,0.0,0.0,3.24,2.0,1.07
2022-08-16,Complet - avec 3 rappels entre 3 et 6 mois ou plus,12.67,0.13,1.3,0.03,0.0,0.0,0.0,0.0,0.0,0.0,0.01
2022-08-21,Complet de moins de 3 mois - sans rappel,75.12,2.75,3.96,0.36,0.03,0.0,0.0,0.0,0.0,0.0,0.2
2022-08-21,Complet - avec 2 rappels de 6 mois ou plus,95.93,8.78,5.8,3.12,1.38,1.14,0.02,0.02,0.0,0.0,0.45
2022-08-22,Complet de moins de 3 mois - sans rappel,217.77,24.67,18.12,7.35,0.11,0.03,0.0,0.0,0.0,0.0,0.2
2022-08-24,Complet entre 3 mois et 6 mois - sans rappel,277.94,48.78,41.37,22.32,1.27,1.08,0.0,0.0,0.0,0.0,0.47
2022-08-26,Complet - avec 1 rappel de 6 mois ou plus,29227.05,6706.32,5317.23,3231.13,160.58,123.67,25.53,21.88,23.75,20.73,61.86
2022-08-28,Complet de moins de 3 mois - sans rappel,59.68,1.58,4.91,1.17,0.06,0.0,0.0,0.0,0.0,0.0,0.19
2022-08-29,Non-vaccinés,12664.77,2313.48,1936.48,1112.96,60.63,43.33,2.85,2.56,4.74,3.87,
2022-08-29,Complet - avec 2 rappels de moins de 3 mois,8419.21,850.79,690.42,377.39,27.13,23.02,2.45,2.25,1.35,1.25,6.98
2022-08-29,Complet - avec 2 rappels de 6 mois ou plus,566.76,68.18,53.69,25.02,1.17,1.0,1.0,1.0,1.0,1.0,0.5
2022-08-30,Complet de 6 mois ou plus - sans rappel,11630.28,2110.82,1290.97,760.41,51.11,40.24,8.04,5.1,2.0,2.0,22.34
2022-08-30,Complet - avec 2 rappels de 6 mois ou plus,402.5,46.11,37.69,17.87,4.75,3.38,1.03,1.0,0.0,0.0,0.51
2022-08-31,Complet - avec 1 rappel entre 3 mois et 6 mois,1229.78,216.42,135.99,80.93,2.52,1.85,1.09,0.09,1.11,1.11,1.9
2022-09-02,Complet entre 3 mois et 6 mois - sans rappel,204.88,33.75,28.32,14.87,1.04,1.04,1.0,1.0,0.0,0.0,0.34
2022-09-02,Complet de 6 mois ou plus - sans rappel,9987.79,1767.76,1014.4,587.85,30.16,23.9,3.2,2.48,2.59,1.59,22.37
2022-09-03,Complet - avec 1 rappel de moins de 3 mois,792.17,57.78,35.83,11.87,2.36,2.0,1.09,1.01,1.26,1.26,1.06
2022-09-03,Complet - avec 2 rappels de moins de 3 mois,6062.15,370.4,264.7,100.54,23.93,18.98,3.41,3.21,0.38,0.06,6.89
2022-09-04,Non-vaccinés,3116.29,469.13,284.77,104.79,39.26,28.45,3.47,3.07,9.37,8.47,
2022-09-05,Complet de moins de 3 mois - sans rappel,215.9,19.99,11.33,3.68,1.0,1.0,0.0,0.0,0.01,0.01,0.18
2022-09-06,Primo dose récente,14.37,1.04,0.04,0.0,0.0,0.0,0.01,0.0,0.0,0.0,0.01
2022-09-07,Complet - avec 2 rappels de moins de 3 mois,5693.51,593.36,446.81,207.26,23.63,17.88,2.53,2.42,0.0,0.0,6.9
2022-09-10,Complet - avec 3 rappels de moins de 3 mois,55.31,4.48,1.26,0.08,0.0,0.0,0.0,0.0,1.25,0.25,0.06
2022-09-11,Complet - avec 1 rappel de 6 mois ou plus,9774.84,1156.11,1035.34,438.74,107.0,88.57,8.09,5.64,12.35,11.36,62.21
2022-09-14,Complet de moins de 3 mois - sans rappel,113.52,18.43,15.14,7.81,0.0,0.0,0.0,0.0,0.0,0.0,0.16
2022-09-14,Complet de 6 mois ou plus - sans rappel,15053.67,4138.41,2270.29,1517.51,47.17,37.93,5.98,4.87,4.2,3.2,22.4
2022-09-16,Primo dose récente,11.87,3.08,1.09,0.02,0.0,0.0,0.0,0.0,0.0,0.0,0.01
2022-09-17,Complet - avec 1 rappel de 6 mois ou plus,39305.28,6540.61,4908.0,3049.52,115.9,86.64,7.3,6.17,11.39,10.84,62.12
2022-09-18,Complet entre 3 mois et 6 mois - sans rappel,71.09,13.09,4.09,3.26,1.14,1.13,0.01,0.0,0.02,0.0,0.26
2022-09-19,Complet - avec 1 rappel entre 3 mois et 6 mois,1813.75,375.07,225.08,133.57,7.72,6.81,1.35,1.2,0.05,0.05,1.53
2022-09-20,Complet - avec 1 rappel de moins de 3 mois,893.98,179.71,80.9,52.24,2.52,2.3,0.05,0.0,0.0,0.0,0.92
2022-09-20,Complet - avec 1 rappel entre 3 mois et 6 mois,1428.75,305.11,150.45,83.35,7.73,6.86,0.6,0.25,0.0,0.0,1.52
2022-09-23,Complet - avec 3 rappels de moins de 3 mois,69.1,12.92,8.83,6.41,1.06,1.0,0.0,0.0,0.0,0.0,0.07
2022-09-27,Non-vaccinés,14659.62,4851.61,2588.34,1593.24,107.95,79.86,16.56,14.01,5.1,3.25,
2022-09-27,Complet - avec 1 rappel entre 3 mois et 6 mois,1598.51,373.81,243.41,133.75,5.99,4.33,2.06,1.06,1.04,1.0,1.48
2022-09-28,Complet - avec 1 rappel de moins de 3 mois,861.17,200.16,121.94,74.83,4.47,2.28,1.0,1.0,0.4,0.2,0.83
2022-09-28,Complet - avec 1 rappel de 6 mois ou plus,56603.58,19098.33,14227.03,9719.43,318.2,247.6,24.37,18.68,14.01,10.71,62.03
2022-09-28,Complet - avec 3 rappels de moins de 3 mois,116.86,17.85,19.88,11.77,2.0,2.0,0.0,0.0,0.0,0.0,0.08
2022-09-29,Primo dose efficace,724.83,226.17,124.42,74.72,9.41,5.97,0.13,0.01,0.17,0.0,1.06
2022-09-29,Complet de moins de 3 mois - sans rappel,135.13,31.93,21.28,6.77,0.04,0.0,0.0,0.0,0.01,0.0,0.14
2022-09-29,Complet entre 3 mois et 6 mois - sans rappel,210.53,65.25,51.36,25.13,0.01,0.0,0.07,0.07,0.03,0.0,0.24
2022-09-29,Complet - avec 1 rappel de 6 mois ou plus,43241.95,17707.78,13071.56,8959.13,310.34,233.81,28.63,23.64,25.06,19.87,62.02
2022-09-29,Complet - avec 2 rappels entre 3 mois et 6 mois,4487.26,1295.48,1209.57,704.15,75.32,56.12,7.68,6.79,2.6,0.48,4.58
2022-09-30,Complet - avec 1 rappel entre 3 mois et 6 mois,1280.03,331.21,203.6,114.83,9.43,6.97,2.11,2.06,0.08,0.0,1.48
2022-09-30,Complet - avec 2 rappels entre 3 mois et 6 mois,5702.82,1334.07,1264.94,695.03,86.23,64.37,4.41,3.18,7.91,6.5,4.71
2022-10-01,Primo dose récente,7.67,0.04,0.23,0.04,0.0,0.0,0.0,0.0,0.0,0.0,0.01
2022-10-01,Complet - avec 3 rappels entre 3 et 6 mois ou plus,25.54,4.31,6.49,4.22,0.0,0.0,0.01,0.01,0.0,0.0,0.01
2022-10-02,Complet de 6 mois ou plus - sans rappel,3538.23,552.6,416.92,184.05,46.49,30.98,6.81,4.35,2.15,1.76,22.42
2022-10-03,Complet - avec 1 rappel de 6 mois ou plus,88336.71,30717.94,26825.12,18535.29,460.7,354.42,42.24,38.08,20.81,17.72,61.98
2022-10-03,Complet - avec 2 rappels entre 3 mois et 6 mois,10855.03,2199.66,2526.7,1373.6,106.21,82.56,6.2,3.57,1.11,1.02,4.93
2022-10-04,Primo dose récente,22.68,3.22,4.29,2.05,2.1,2.0,0.08,0.0,0.0,0.0,0.01
2022-10-04,Complet - avec 2 rappels entre 3 mois et 6 mois,8602.93,1907.94,1985.91,1103.03,127.45,96.97,11.93,10.8,6.14,3.53,5.05
2022-10-05,Non-vaccinés,14745.59,4977.83,2784.57,1700.08,135.11,97.96,11.65,9.22,6.39,4.47,
2022-10-05,Primo dose récente,17.31,1.09,2.3,0.07,0.08,0.0,0.0,0.0,0.0,0.0,0.01
2022-10-05,Primo dose efficace,867.71,217.53,147.3,73.18,6.18,5.2,0.32,0.18,0.41,0.41,1.06
2022-10-05,Complet de moins de 3 mois - sans rappel,158.35,35.32,34.3,15.99,0.49,0.44,0.0,0.0,0.0,0.0,0.13
2022-10-05,Complet entre 3 mois et 6 mois - sans rappel,256.67,71.47,44.11,25.48,2.45,2.36,0.0,0.0,0.59,0.59,0.24
2022-10-05,Complet - avec 2 rappels de 6 mois ou plus,2037.53,511.15,522.73,293.02,36.39,30.83,3.55,2.39,4.14,4.0,1.35
2022-10-06,Complet - avec 1 rappel de moins de 3 mois,600.03,168.57,108.6,56.69,4.35,4.14,0.14,0.14,0.25,0.0,0.68
2022-10-07,Complet de moins de 3 mois - sans rappel,138.02,35.64,20.98,9.92,0.39,0.29,0.0,0.0,0.0,0.0,0.12
2022-10-08,Primo dose récente,13.92,0.03,0.15,0.02,0.24,0.18,0.0,0.0,0.0,0.0,0.01
2022-10-08,Primo dose efficace,647.71,132.93,84.4,45.86,2.25,1.74,0.13,0.01,0.11,0.0,1.05
2022-10-08,Complet - avec 1 rappel de 6 mois ou plus,48200.03,12114.54,10639.47,6673.79,315.05,245.98,39.77,33.22,17.4,12.82,61.91
2022-10-08,Complet - avec 2 rappels entre 3 mois et 6 mois,6610.38,1102.52,1214.12,614.6,73.72,56.22,7.56,6.66,6.08,5.6,5.74
2022-10-09,Primo dose récente,10.12,0.0,2.04,0.0,0.0,0.0,0.01,0.01,0.0,0.0,0.01
2022-10-10,Primo dose efficace,1105.71,298.1,217.75,129.32,9.49,8.61,0.0,0.0,0.21,0.21,1.05
2022-10-10,Complet de 6 mois ou plus - sans rappel,23110.93,7743.52,5340.58,3564.26,102.2,77.34,5.64,3.89,9.01,6.42,22.42
2022-10-12,Complet de moins de 3 mois - sans rappel,145.11,27.86,23.0,8.77,1.13,1.11,0.0,0.0,0.0,0.0,0.11
2022-10-13,Complet - avec 2 rappels entre 3 mois et 6 mois,7084.02,2216.7,2251.71,1292.57,123.79,100.99,11.24,9.24,11.52,11.18,6.23
2022-10-14,Primo dose efficace,730.27,186.46,142.22,65.44,6.11,3.74,1.0,1.0,0.19,0.17,1.05
2022-10-14,Complet - avec 1 rappel entre 3 mois et 6 mois,1318.97,358.01,248.93,121.04,17.67,14.01,3.34,3.01,0.17,0.08,1.48
2022-10-14,Complet - avec 2 rappels de 6 mois ou plus,2606.18,670.6,731.99,381.0,62.24,50.03,5.84,5.75,4.53,2.47,1.83
2022-10-15,Non-vaccinés,11677.22,2716.25,1533.97,834.15,81.29,59.11,6.77,5.48,7.39,6.84,
2022-10-15,Primo dose efficace,629.06,125.67,80.46,45.31,4.26,1.42,0.0,0.0,0.2,0.11,1.05
2022-10-15,Complet - avec 1 rappel de 6 mois ou plus,47693.02,11500.6,10356.62,6276.72,311.94,224.86,42.42,34.19,33.36,25.99,61.84
2022-10-15,Complet - avec 3 rappels de moins de 3 mois,88.44,7.22,7.64,3.62,0.49,0.0,0.01,0.01,1.0,1.0,0.08
2022-10-16,Non-vaccinés,4099.04,931.41,459.52,175.9,103.43,80.85,7.31,5.64,13.6,10.81,
2022-10-17,Complet - avec 1 rappel entre 3 mois et 6 mois,2144.3,538.33,416.1,237.12,24.47,20.81,0.8,0.67,1.06,1.0,1.47
2022-10-17,Complet - avec 1 rappel de 6 mois ou plus,91608.18,30761.59,27044.71,18177.51,510.88,405.49,56.0,48.59,39.03,29.64,61.83
2022-10-17,Complet - avec 3 rappels de moins de 3 mois,181.92,27.67,35.67,17.04,0.13,0.1,0.01,0.01,0.21,0.0,0.09
2022-10-19,Primo dose récente,17.12,4.03,2.33,2.01,0.0,0.0,0.0,0.0,0.0,0.0,0.01
2022-10-20,Primo dose récente,13.71,0.07,1.25,0.01,0.0,0.0,0.0,0.0,0.0,0.0,0.01
2022-10-20,Complet - avec 2 rappels de moins de 3 mois,3469.59,958.26,762.62,428.54,33.44,26.66,2.47,1.04,2.65,2.0,3.71
2022-10-21,Primo dose récente,19.28,1.05,3.17,0.03,0.0,0.0,0.0,0.0,0.0,0.0,0.01
2022-10-21,Complet - avec 3 rappels de moins de 3 mois,98.77,26.03,25.52,12.94,2.13,2.06,0.0,0.0,0.0,0.0,0.11
2022-10-22,Complet - avec 1 rappel de 6 mois ou plus,41118.46,8899.14,7852.34,4574.62,266.3,213.62,32.44,26.0,29.05,22.22,61.6
2022-10-23,Non-vaccinés,3921.71,788.04,343.21,129.02,65.53,51.84,6.34,5.46,11.04,10.16,
2022-10-23,Complet - avec 1 rappel entre 3 mois et 6 mois,281.21,38.86,35.56,13.18,2.37,1.74,0.11,0.0,0.07,0.0,1.47
2022-10-24,Primo dose récente,26.23,1.18,0.07,0.02,0.0,0.0,0.0,0.0,0.0,0.0,0.01
2022-10-25,Primo dose efficace,766.4,154.61,91.53,50.94,5.33,3.7,1.08,1.08,0.02,0.0,1.05
2022-10-26,Primo dose efficace,635.25,127.92,76.68,40.71,3.18,2.6,0.0,0.0,2.16,2.11,1.05
2022-10-27,Complet - avec 2 rappels de 6 mois ou plus,1480.72,273.67,317.69,122.71,56.75,38.38,4.93,4.51,6.38,4.05,2.29
2022-10-28,Complet de moins de 3 mois - sans rappel,34.81,4.28,5.62,2.07,0.03,0.0,0.0,0.0,0.0,0.0,0.1
2022-10-28,Complet - avec 1 rappel de moins de 3 mois,157.62,29.53,23.76,7.77,3.29,0.75,0.0,0.0,0.06,0.04,0.41
2022-10-28,Complet - avec 2 rappels entre 3 mois et 6 mois,2729.7,598.95,550.45,252.21,86.99,65.64,10.56,7.29,12.75,7.42,7.12
2022-10-28,Complet - avec 3 rappels entre 3 et 6 mois ou plus,24.8,8.48,3.58,2.15,1.37,1.21,0.0,0.0,0.1,0.08,0.04
2022-10-29,Complet - avec 3 rappels de moins de 3 mois,60.88,15.46,10.41,5.57,0.25,0.04,0.0,0.0,0.01,0.0,0.21
2022-10-30,Primo dose récente,2.61,0.02,0.08,0.0,0.0,0.0,0.0,0.0,0.0,0.0,0.01
2022-10-30,Complet - avec 1 rappel de 6 mois ou plus,6533.67,961.73,793.12,280.8,188.61,145.09,31.09,22.65,27.41,20.32,61.27
2022-10-30,Complet - avec 3 rappels entre 3 et 6 mois ou plus,25.85,2.31,4.3,1.08,2.24,2.05,0.0,0.0,0.0,0.0,0.04
2022-10-31,Primo dose efficace,348.63,62.84,42.65,17.66,7.79,6.57,0.0,0.0,0.2,0.18,1.05
2022-10-31,Complet entre 3 mois et 6 mois - sans rappel,85.35,14.35,11.38,7.55,0.04,0.0,0.0,0.0,1.04,1.0,0.21
2022-10-31,Complet - avec 1 rappel de 6 mois ou plus,21150.94,4471.62,4156.68,2270.59,263.16,184.62,34.51,30.5,29.01,23.38,61.27
2022-10-31,Complet - avec 2 rappels entre 3 mois et 6 mois,4199.12,700.8,740.95,308.54,97.96,80.58,7.33,4.72,10.52,9.75,7.18
2022-11-02,Primo dose récente,12.92,0.08,1.24,0.08,0.0,0.0,0.0,0.0,0.0,0.0,0.01
2022-11-02,Complet entre 3 mois et 6 mois - sans rappel,190.28,41.28,33.72,17.94,1.63,0.36,0.0,0.0,0.0,0.0,0.21
2022-11-02,Complet - avec 2 rappels entre 3 mois et 6 mois,9351.04,1992.2,1871.77,1019.3,95.02,75.1,7.47,7.02,6.49,5.28,7.23
2022-11-04,Complet entre 3 mois et 6 mois - sans rappel,122.04,23.82,11.79,4.33,2.1,2.08,0.0,0.0,0.0,0.0,0.21
2022-11-04,Complet - avec 3 rappels de moins de 3 mois,288.55,49.15,41.74,15.47,0.46,0.29,0.0,0.0,0.0,0.0,0.29
2022-11-04,Complet - avec 3 rappels entre 3 et 6 mois ou plus,55.38,9.52,12.61,5.74,2.55,2.53,0.0,0.0,2.02,2.0,0.05
2022-11-05,Complet - avec 1 rappel entre 3 mois et 6 mois,903.05,111.33,75.66,37.97,6.05,4.2,0.44,0.18,0.15,0.0,1.36
2022-11-05,Complet - avec 2 rappels de moins de 3 mois,3233.15,310.44,230.35,99.73,14.11,11.57,0.13,0.02,1.39,0.07,3.25
2022-11-07,Complet - avec 3 rappels de moins de 3 mois,536.15,69.44,52.71,25.83,2.43,0.03,0.07,0.0,0.02,0.0,0.32
2022-11-08,Primo dose récente,13.92,1.06,2.12,1.01,0.0,0.0,0.0,0.0,0.0,0.0,0.01
2022-11-08,Complet de moins de 3 mois - sans rappel,84.19,12.12,8.26,2.63,1.0,1.0,1.0,1.0,0.0,0.0,0.09
2022-11-09,Complet entre 3 mois et 6 mois - sans rappel,137.71,32.56,21.6,11.1,0.46,0.12,0.0,0.0,1.0,1.0,0.2
2022-11-09,Complet - avec 1 rappel de 6 mois ou plus,30244.4,10016.93,7080.88,4538.65,298.64,242.39,23.02,16.16,24.36,21.63,61.02
2022-11-10,Complet de moins de 3 mois - sans rappel,61.82,14.51,5.76,3.39,0.14,0.14,0.0,0.0,0.0,0.0,0.09
2022-11-10,Complet - avec 1 rappel entre 3 mois et 6 mois,695.16,186.34,115.61,65.98,5.92,5.15,0.16,0.01,1.0,0.0,1.31
2022-11-11,Primo dose récente,0.61,0.0,0.02,0.0,0.0,0.0,0.0,0.0,0.0,0.0,0.01
2022-11-11,Complet entre 3 mois et 6 mois - sans rappel,29.44,3.02,6.71,2.23,3.57,3.29,0.0,0.0,0.14,0.0,0.2
2022-11-12,Complet entre 3 mois et 6 mois - sans rappel,121.06,14.91,17.92,5.45,2.33,2.21,0.01,0.0,0.0,0.0,0.2
2022-11-12,Complet - avec 2 rappels de moins de 3 mois,4288.68,345.26,271.0,116.37,19.29,14.98,0.42,0.04,3.12,3.0,3.21
2022-11-13,Complet - avec 2 rappels de moins de 3 mois,803.51,78.77,49.73,14.57,9.99,8.55,0.4,0.04,1.65,1.4,3.22
2022-11-14,Complet - avec 1 rappel entre 3 mois et 6 mois,889.22,107.68,84.19,34.29,2.77,2.22,2.09,2.01,0.1,0.0,1.27
2022-11-15,Complet de 6 mois ou plus - sans rappel,7228.46,1197.95,880.63,441.44,63.7,52.69,3.96,2.71,2.76,2.74,22.38
2022-11-15,Complet - avec 1 rappel entre 3 mois et 6 mois,758.99,90.7,81.94,26.69,9.81,9.51,0.26,0.09,0.01,0.01,1.26
2022-11-17,Complet de moins de 3 mois - sans rappel,82.32,21.84,12.98,5.04,0.0,0.0,0.0,0.0,0.0,0.0,0.09
2022-11-17,Complet de 6 mois ou plus - sans rappel,10942.8,3939.06,2407.17,1624.72,51.95,41.47,9.43,8.07,5.49,5.36,22.37
2022-11-18,Non-vaccinés,8672.59,3119.47,1388.02,836.85,98.48,74.75,9.81,8.14,7.13,4.9,
2022-11-18,Complet de moins de 3 mois - sans rappel,67.63,15.22,6.7,3.86,0.41,0.4,0.2,0.2,0.0,0.0,0.09
2022-11-19,Primo dose efficace,463.34,78.59,58.03,30.25,4.16,2.78,1.11,1.11,0.0,0.0,1.04
2022-11-19,Complet - avec 2 rappels entre 3 mois et 6 mois,6960.01,742.94,720.2,331.73,51.25,38.28,4.96,3.4,6.09,4.74,7.09
2022-11-20,Complet - avec 1 rappel entre 3 mois et 6 mois,227.64,28.14,19.26,5.42,5.41,4.89,1.18,1.08,0.0,0.0,1.19
2022-11-20,Complet - avec 3 rappels de moins de 3 mois,186.67,20.59,9.84,3.8,2.63,2.2,0.37,0.26,1.0,1.0,0.52
2022-11-21,Primo dose efficace,849.26,197.9,140.63,82.95,5.51,3.7,0.39,0.31,1.1,1.0,1.04
2022-11-21,Complet - avec 3 rappels de moins de 3 mois,971.62,115.18,131.27,46.3,3.69,2.55,1.05,1.02,0.04,0.0,0.52
2022-11-22,Complet de moins de 3 mois - sans rappel,80.01,15.17,11.11,6.42,0.22,0.22,0.0,0.0,0.0,0.0,0.08
2022-11-22,Complet de 6 mois ou plus - sans rappel,13854.54,4732.6,3096.66,2080.99,84.29,70.64,8.83,8.15,4.38,3.14,22.37
2022-11-22,Complet - avec 2 rappels entre 3 mois et 6 mois,8992.02,1539.89,1469.92,774.67,101.36,88.79,8.94,6.92,7.62,6.23,7.07
2022-11-23,Primo dose efficace,709.14,201.18,109.25,72.67,2.58,2.41,0.25,0.25,0.1,0.0,1.04
2022-11-25,Complet entre 3 mois et 6 mois - sans rappel,150.97,43.08,34.58,19.56,1.02,0.28,0.45,0.0,0.0,0.0,0.18
2022-11-27,Complet - avec 2 rappels entre 3 mois et 6 mois,1905.65,279.98,261.07,88.5,76.55,57.39,8.46,8.05,6.52,4.22,7.06
2022-11-28,Primo dose efficace,980.54,295.77,174.12,107.21,4.87,3.29,1.08,1.02,1.08,1.0,1.04
2022-11-28,Complet - avec 2 rappels entre 3 mois et 6 mois,12924.52,2475.22,2623.56,1431.06,142.52,102.8,11.7,9.76,8.92,7.24,7.06
2022-11-29,Complet - avec 2 rappels de moins de 3 mois,4657.08,819.17,547.45,277.77,30.59,19.38,4.67,4.54,1.73,0.44,3.49
2022-11-30,Complet - avec 1 rappel de 6 mois ou plus,57068.96,20434.75,15410.12,10386.16,461.41,360.5,49.18,43.79,30.14,21.4,60.27
2022-11-30,Complet - avec 2 rappels de moins de 3 mois,4187.42,866.8,562.41,296.41,30.28,26.51,2.78,2.59,2.46,1.59,3.52
2022-11-30,Complet - avec 2 rappels de 6 mois ou plus,5453.71,1143.31,1193.48,577.56,111.41,95.2,11.72,11.28,6.89,5.45,3.27
2022-12-01,Complet - avec 1 rappel de 6 mois ou plus,22071.12,6750.78,5477.13,3158.4,472.54,380.73,48.31,38.38,31.56,22.56,60.24
2022-12-01,Complet - avec 2 rappels de 6 mois ou plus,2716.32,490.46,570.74,191.23,105.68,83.42,6.29,3.98,8.34,7.58,3.29
2022-12-02,Complet - avec 1 rappel de 6 mois ou plus,25386.15,6786.58,5705.69,3300.57,413.37,320.85,45.98,38.01,29.78,23.08,60.18
2022-12-02,Complet - avec 3 rappels entre 3 et 6 mois ou plus,61.01,10.53,14.94,5.59,4.26,2.24,0.04,0.0,1.0,0.0,0.07
2022-12-04,Non-vaccinés,4023.62,1155.76,450.61,164.23,87.9,70.11,7.92,5.02,11.9,8.19,
2022-12-04,Primo dose récente,6.12,1.12,0.09,0.0,0.0,0.0,0.0,0.0,0.0,0.0,0.01
2022-12-04,Primo dose efficace,229.64,51.74,31.69,11.65,3.04,1.54,0.32,0.01,1.01,1.0,1.04
2022-12-04,Complet - avec 2 rappels entre 3 mois et 6 mois,2156.99,331.2,367.94,117.46,99.29,81.81,9.7,8.72,8.24,6.02,6.96
2022-12-05,Primo dose efficace,1105.82,345.66,243.27,149.13,8.98,6.87,0.23,0.09,2.12,1.0,1.04
2022-12-05,Complet - avec 1 rappel entre 3 mois et 6 mois,1631.88,461.89,370.65,208.87,12.48,11.26,2.2,1.02,2.17,2.17,1.07
2022-12-05,Complet - avec 3 rappels entre 3 et 6 mois ou plus,206.35,34.21,46.46,22.87,2.72,2.26,0.0,0.0,0.0,0.0,0.07
2022-12-07,Complet - avec 2 rappels de 6 mois ou plus,5488.35,1274.15,1308.32,626.52,117.68,91.11,12.09,10.02,7.09,5.44,3.41
2022-12-08,Complet - avec 2 rappels de moins de 3 mois,3202.65,989.11,580.27,332.56,46.13,34.91,2.48,2.02,0.56,0.28,3.68
2022-12-11,Complet - avec 2 rappels entre 3 mois et 6 mois,1961.01,374.22,372.81,134.99,107.11,77.74,10.62,7.91,8.24,7.62,6.84
2022-12-14,Complet - avec 2 rappels entre 3 mois et 6 mois,8404.6,2140.03,1989.28,1046.34,155.17,113.72,20.27,16.22,9.02,8.61,6.76
2022-12-16,Complet - avec 3 rappels entre 3 et 6 mois ou plus,128.0,32.56,34.68,15.13,6.53,5.4,0.0,0.0,1.0,1.0,0.08
2022-12-27,Complet - avec 2 rappels de 6 mois ou plus,4172.39,1124.65,858.97,377.1,87.8,68.85,9.46,8.69,20.74,15.92,3.75
2022-12-28,Complet - avec 2 rappels entre 3 mois et 6 mois,4808.25,1671.19,1049.03,541.4,85.64,63.35,10.7,9.27,11.4,7.83,6.04
2022-12-29,Non-vaccinés,7088.16,2687.87,826.46,408.2,122.7,91.87,10.63,9.04,21.46,14.08,
2023-01-01,Complet entre 3 mois et 6 mois - sans rappel,29.74,9.21,6.33,2.05,0.0,0.0,0.0,0.0,0.0,0.0,0.13
2023-01-07,Complet - avec 2 rappels entre 3 mois et 6 mois,3642.06,379.96,189.0,66.16,22.39,14.45,4.15,3.07,6.15,5.4,4.74
2023-01-09,Complet - avec 2 rappels de moins de 3 mois,5835.91,525.49,215.9,72.14,21.41,18.08,1.53,1.31,2.56,2.44,5.45
2023-01-10,Complet - avec 1 rappel entre 3 mois et 6 mois,402.46,58.85,19.21,7.8,2.63,2.41,0.01,0.01,0.22,0.12,0.62
2023-01-12,Non-vaccinés,5546.91,1459.11,339.51,132.12,47.8,39.27,4.76,3.97,8.09,7.75,
2023-01-13,Primo dose récente,9.68,0.02,0.07,0.0,0.0,0.0,0.0,0.0,0.0,0.0,0.01
2023-01-13,Complet - avec 2 rappels de 6 mois ou plus,4347.6,608.0,359.33,116.21,54.87,43.73,7.19,6.69,5.87,4.79,5.66
2023-01-14,Complet - avec 1 rappel entre 3 mois et 6 mois,302.02,20.6,18.91,3.33,2.25,2.19,0.0,0.0,0.0,0.0,0.56
2023-01-15,Complet entre 3 mois et 6 mois - sans rappel,15.21,4.3,0.12,0.06,0.0,0.0,0.0,0.0,2.0,2.0,0.1
2023-01-16,Complet de moins de 3 mois - sans rappel,111.74,17.35,4.54,4.29,1.41,1.0,0.03,0.03,0.0,0.0,0.07
2023-01-16,Complet - avec 1 rappel entre 3 mois et 6 mois,534.36,61.18,23.72,9.84,5.0,4.06,0.0,0.0,0.0,0.0,0.55
2023-01-18,Complet de 6 mois ou plus - sans rappel,7891.38,1226.52,354.68,183.49,27.25,23.34,2.04,1.74,2.84,2.54,22.24
2023-01-18,Complet - avec 3 rappels entre 3 et 6 mois ou plus,192.56,20.68,10.87,5.75,0.48,0.18,1.05,1.05,0.0,0.0,0.19
2023-01-21,Complet - avec 1 rappel entre 3 mois et 6 mois,276.47,33.04,8.3,4.31,0.15,0.0,0.0,0.0,0.48,0.2,0.49
2023-01-22,Non-vaccinés,2445.42,507.83,85.39,20.36,18.87,13.67,6.22,5.03,8.16,5.89,
2023-01-22,Complet - avec 3 rappels entre 3 et 6 mois ou plus,71.3,10.15,2.42,0.1,1.13,1.03,0.09,0.09,0.31,0.31,0.26
2023-01-25,Primo dose efficace,394.77,44.98,10.36,1.67,1.42,1.25,0.0,0.0,0.0,0.0,1.03
2023-02-08,Complet - avec 1 rappel de 6 mois ou plus,,,,,84.26,,15.24,,11.73,,56.96
2023-02-17,Complet - avec 2 rappels de moins de 3 mois,2148.66,279.47,70.99,28.21,11.06,9.83,1.4,1.3,0.58,0.2,4.7
2023-02-17,Complet - avec 3 rappels entre 3 et 6 mois ou plus,461.99,61.78,33.64,11.34,6.59,5.46,1.02,1.0,1.1,1.0,0.68
2023-02-18,Primo dose récente,3.57,0.05,0.02,0.0,0.0,0.0,0.0,0.0,0.0,0.0,0.01
2023-02-19,Complet - avec 2 rappels entre 3 mois et 6 mois,663.87,72.44,27.64,12.82,7.2,4.58,0.0,0.0,0.1,0.0,3.65
2023-02-21,Complet de moins de 3 mois - sans rappel,60.33,2.54,3.31,0.02,1.0,0.0,0.2,0.2,0.01,0.0,0.07
2023-02-27,Complet - avec 2 rappels de 6 mois ou plus,7746.01,532.53,379.12,126.59,37.19,27.06,1.1,0.18,6.08,3.51,7.14
2023-02-28,Complet - avec 2 rappels de 6 mois ou plus,5570.69,465.59,262.28,100.62,32.63,21.88,4.22,3.75,6.7,6.0,7.15
2023-03-02,Complet entre 3 mois et 6 mois - sans rappel,19.1,2.88,0.27,0.0,1.0,1.0,0.0,0.0,0.0,0.0,0.08
2023-03-04,Non-vaccinés,4791.79,597.98,150.29,58.3,25.11,16.7,2.45,2.0,1.62,1.1,
2023-03-05,Complet - avec 2 rappels de 6 mois ou plus,1431.82,171.89,85.25,21.98,26.02,19.51,0.95,0.71,4.61,4.1,7.28
2023-03-06,Complet - avec 3 rappels entre 3 et 6 mois ou plus,1290.15,112.23,95.46,37.68,11.56,9.42,0.02,0.02,1.55,1.17,1.07
2023-03-08,Non-vaccinés,5573.1,1008.17,304.14,123.1,38.25,28.26,0.17,0.17,5.34,3.25,
2023-03-09,Complet - avec 2 rappels de 6 mois ou plus,2866.93,462.1,314.77,146.14,54.39,35.18,8.55,7.0,4.22,3.0,7.37
2023-03-11,Primo dose récente,1.45,0.0,0.06,0.0,0.0,0.0,0.0,0.0,0.0,0.0,0.0
2023-03-11,Complet - avec 2 rappels de moins de 3 mois,1650.31,101.27,58.77,24.86,6.35,6.13,4.43,3.07,0.0,0.0,3.22
2023-03-12,Primo dose efficace,93.15,12.22,6.7,0.63,1.16,1.04,0.07,0.01,0.0,0.0,1.03
2023-03-15,Primo dose efficace,269.52,38.27,24.33,9.02,0.84,0.0,1.0,0.0,0.0,0.0,1.03
2023-03-18,Primo dose récente,0.0,0.0,0.0,0.0,0.0,0.0,0.0,0.0,0.0,0.0,0.0
2023-03-19,Complet - avec 2 rappels de 6 mois ou plus,1286.69,192.58,140.44,39.47,40.45,27.58,3.12,2.55,6.1,5.0,7.61
2021-05-31,Non-vaccinés,157921.82,21245.35,9058.73,3649.14,281.26,207.54,78.36,57.89,27.35,17.66,
2021-06-02,Complet de moins de 3 mois - sans rappel,32318.76,1620.48,565.62,163.89,52.52,40.99,7.86,6.18,3.73,2.25,34.17
2021-06-04,Primo dose efficace,47125.07,2221.97,339.7,85.74,25.36,22.0,3.73,2.57,2.37,1.89,41.68
2021-06-04,Complet entre 3 mois et 6 mois - sans rappel,8191.76,378.78,61.27,10.93,4.15,1.2,1.01,0.98,2.81,2.37,6.55
2021-06-05,Complet de moins de 3 mois - sans rappel,23513.82,811.32,302.46,73.72,21.02,10.85,7.92,4.75,3.33,3.23,34.62
2021-06-07,Non-vaccinés,138653.64,15012.06,5845.04,2084.55,239.2,174.59,53.95,47.29,21.34,17.31,
2021-06-12,Complet de moins de 3 mois - sans rappel,24193.32,740.45,169.5,40.92,15.6,10.48,4.71,3.39,0.2,0.2,36.41
2021-06-12,Complet entre 3 mois et 6 mois - sans rappel,4720.14,173.79,22.67,2.49,3.65,2.66,0.11,0.08,1.31,1.0,7.21
2021-06-12,Complet - avec 1 rappel de moins de 3 mois,0.0,0.0,0.0,0.0,0.0,0.0,0.0,0.0,0.0,0.0,0.0
2021-06-13,Complet - avec 1 rappel de moins de 3 mois,0.0,0.0,0.0,0.0,0.0,0.0,0.0,0.0,0.0,0.0,0.0
2021-06-16,Non-vaccinés,90935.26,7776.02,2064.18,634.02,118.35,80.83,33.53,23.18,13.69,7.59,
2021-06-17,Complet entre 3 mois et 6 mois - sans rappel,6995.5,291.26,44.15,14.88,6.02,3.3,0.08,0.05,3.33,2.69,7.36
2021-06-17,Complet - avec 1 rappel de moins de 3 mois,0.0,0.0,0.0,0.0,0.0,0.0,0.0,0.0,0.0,0.0,0.0
2021-06-19,Complet entre 3 mois et 6 mois - sans rappel,5038.58,189.96,20.08,4.68,5.63,4.35,0.09,0.03,2.32,1.19,7.48
2021-06-19,Complet - avec 1 rappel de moins de 3 mois,0.0,0.0,0.0,0.0,0.0,0.0,0.0,0.0,0.0,0.0,0.0
2021-06-20,Primo dose efficace,7366.26,340.91,40.19,14.11,10.48,7.16,1.34,0.34,4.98,3.32,40.3
2021-06-20,Complet - avec 1 rappel de moins de 3 mois,0.0,0.0,0.0,0.0,0.0,0.0,0.0,0.0,0.0,0.0,0.0
2021-06-23,Primo dose récente,9736.57,520.55,79.77,32.24,3.47,1.32,1.22,1.22,0.4,0.0,10.75
2021-06-24,Non-vaccinés,92101.52,6184.22,1542.88,510.5,84.18,63.79,20.46,13.94,8.9,7.2,
2021-06-26,Complet de moins de 3 mois - sans rappel,30848.74,931.61,149.41,32.59,11.12,8.41,0.56,0.56,1.19,0.0,44.6
2021-06-26,Complet de 6 mois ou plus - sans rappel,0.01,0.01,0.01,0.01,0.0,0.0,0.0,0.0,0.0,0.0,0.0
2021-06-27,Complet de moins de 3 mois - sans rappel,8751.34,383.11,40.09,8.39,11.88,7.51,1.58,1.0,3.51,2.68,45.23
2021-06-29,Primo dose efficace,37084.78,2429.51,204.12,71.22,9.15,4.84,1.9,1.44,0.59,0.13,37.27
2021-06-30,Primo dose récente,9328.69,490.59,123.91,46.61,1.09,0.82,1.22,1.03,0.0,0.0,7.9
2021-06-30,Complet de moins de 3 mois - sans rappel,41953.27,1960.19,347.48,112.7,16.91,11.16,4.54,2.85,3.0,1.0,47.35
2021-07-03,Complet de moins de 3 mois - sans rappel,37553.03,1112.96,262.33,75.63,9.3,7.53,3.19,3.19,2.25,2.25,49.92
2021-07-04,Primo dose efficace,7663.4,353.5,57.32,12.73,3.31,2.49,0.64,0.0,2.0,1.0,33.61
2021-07-08,Complet de moins de 3 mois - sans rappel,54404.66,3170.99,584.54,196.09,13.92,10.46,2.8,2.41,2.14,2.0,53.79
2021-07-09,Primo dose récente,12704.17,437.1,201.44,84.01,1.74,1.66,1.58,1.14,0.0,0.0,6.21
2021-07-09,Primo dose efficace,50584.5,2474.24,483.07,164.61,8.52,6.77,1.45,1.18,2.71,1.34,29.36
2021-07-10,Non-vaccinés,75823.26,3994.03,1582.14,574.51,55.43,43.73,24.11,20.98,9.54,6.76,
2021-07-14,Non-vaccinés,25101.84,1989.66,1089.67,451.17,73.44,51.18,16.86,16.69,4.7,3.28,
2021-07-14,Complet - avec 1 rappel de moins de 3 mois,0.03,0.0,0.0,0.0,0.0,0.0,0.0,0.0,0.0,0.0,0.0
2021-07-17,Complet entre 3 mois et 6 mois - sans rappel,8608.17,556.16,125.92,46.63,10.2,7.41,0.52,0.29,2.86,2.25,12.09
2021-07-18,Non-vaccinés,19768.69,2000.23,1394.77,643.92,104.87,81.67,31.94,23.97,3.5,2.5,
2021-07-18,Complet de moins de 3 mois - sans rappel,14960.48,828.11,350.15,122.78,20.17,17.78,6.12,5.29,0.17,0.17,59.06
2021-07-19,Primo dose efficace,38009.11,3614.53,1606.89,754.68,10.13,7.31,7.58,6.08,0.87,0.47,21.33
2021-07-19,Complet de 6 mois ou plus - sans rappel,14.53,1.26,0.53,0.07,0.24,0.09,0.0,0.0,0.0,0.0,0.01
2021-07-23,Complet de moins de 3 mois - sans rappel,81445.3,5554.61,2504.65,917.1,31.71,21.53,3.32,1.88,3.38,1.12,59.78
2021-07-23,Complet entre 3 mois et 6 mois - sans rappel,17574.49,1265.38,449.68,154.08,22.61,17.96,0.51,0.07,3.05,2.02,13.6
2021-07-24,Complet de 6 mois ou plus - sans rappel,7.27,0.15,0.12,0.0,0.05,0.03,0.0,0.0,0.01,0.01,0.02
2021-07-27,Complet de moins de 3 mois - sans rappel,75098.72,7658.84,3131.6,1270.13,69.96,51.1,8.22,7.25,3.97,3.48,60.49
2021-07-27,Complet de 6 mois ou plus - sans rappel,59.13,7.18,1.47,1.01,0.09,0.0,0.01,0.0,0.08,0.0,0.02
2021-07-27,Complet - avec 1 rappel de moins de 3 mois,0.0,0.0,0.0,0.0,0.0,0.0,0.0,0.0,0.0,0.0,0.0
2021-07-28,Complet de moins de 3 mois - sans rappel,74687.05,7150.38,3140.63,1275.13,53.57,42.02,9.51,7.09,1.64,1.09,60.58
2021-07-29,Primo dose efficace,35105.32,2235.74,1252.41,534.53,22.14,17.53,5.28,3.63,0.04,0.01,13.82
2021-07-31,Primo dose efficace,23293.85,1051.59,648.3,219.5,15.8,13.92,4.09,2.19,2.9,2.52,12.97
2021-08-05,Non-vaccinés,117948.1,13940.3,13928.12,6380.89,405.38,299.3,135.05,106.79,36.62,23.43,
2021-08-05,Complet entre 3 mois et 6 mois - sans rappel,21595.48,2116.47,940.54,348.5,75.2,53.89,9.07,6.47,6.29,5.79,16.78
2021-08-05,Complet - avec 1 rappel de moins de 3 mois,0.03,0.0,0.0,0.0,0.0,0.0,0.0,0.0,0.0,0.0,0.0
2021-08-07,Non-vaccinés,76849.95,6386.05,7027.07,2977.0,354.59,252.78,121.07,95.04,28.44,14.92,
2021-08-07,Complet entre 3 mois et 6 mois - sans rappel,13500.13,1168.09,543.92,229.82,74.78,57.2,13.36,10.61,4.84,3.37,17.56
2021-08-08,Primo dose récente,5013.3,282.89,299.08,121.46,20.66,15.69,3.84,1.47,0.0,0.0,9.74
2021-08-08,Complet entre 3 mois et 6 mois - sans rappel,5370.91,467.16,204.85,66.92,52.26,38.95,8.63,5.9,11.47,7.39,17.64
2021-08-15,Complet de 6 mois ou plus - sans rappel,493.19,57.33,38.22,16.57,9.69,8.45,0.01,0.0,3.05,3.0,1.38
2021-08-15,Complet - avec 1 rappel de moins de 3 mois,0.0,0.0,0.0,0.0,0.0,0.0,0.0,0.0,0.0,0.0,0.0
2021-08-18,Primo dose récente,20987.83,1383.83,1153.2,573.77,28.46,23.8,5.95,5.29,0.45,0.25,6.49
2021-08-19,Complet - avec 1 rappel entre 3 mois et 6 mois,0.0,0.0,0.0,0.0,0.0,0.0,0.0,0.0,0.0,0.0,0.0
2021-08-20,Complet - avec 1 rappel entre 3 mois et 6 mois,0.0,0.0,0.0,0.0,0.0,0.0,0.0,0.0,0.0,0.0,0.0
2021-08-21,Complet - avec 1 rappel entre 3 mois et 6 mois,0.0,0.0,0.0,0.0,0.0,0.0,0.0,0.0,0.0,0.0,0.0
2021-08-23,Complet - avec 1 rappel entre 3 mois et 6 mois,0.0,0.0,0.0,0.0,0.0,0.0,0.0,0.0,0.0,0.0,0.0
2021-08-25,Primo dose récente,12427.31,817.6,658.95,323.89,17.03,13.42,4.83,4.02,1.14,1.0,4.52
2021-08-26,Complet de 6 mois ou plus - sans rappel,6146.35,481.14,271.39,76.06,19.02,15.3,3.1,2.62,5.54,4.78,2.85
2021-08-26,Complet - avec 1 rappel de 6 mois ou plus,0.38,0.38,0.38,0.38,0.0,0.0,0.0,0.0,0.0,0.0,0.0
2021-08-28,Complet - avec 1 rappel de moins de 3 mois,0.09,0.0,0.09,0.0,0.0,0.0,0.0,0.0,0.0,0.0,0.0
2021-08-30,Primo dose efficace,37227.21,2178.72,1185.52,500.88,28.36,25.5,10.75,9.96,6.63,2.91,12.14
2021-08-31,Complet - avec 1 rappel de moins de 3 mois,0.01,0.0,0.0,0.0,0.01,0.0,0.0,0.0,0.0,0.0,0.0
2021-09-01,Primo dose récente,8114.62,524.19,386.75,185.35,16.96,12.71,2.13,0.83,0.16,0.0,3.36
2021-09-01,Primo dose efficace,23803.17,1610.03,805.25,320.18,31.18,25.85,5.98,4.53,7.49,4.16,11.26
2021-09-02,Complet de moins de 3 mois - sans rappel,51480.84,6923.58,2422.71,1032.93,68.16,46.99,16.27,12.64,8.17,7.48,59.94
2021-09-02,Complet de 6 mois ou plus - sans rappel,6497.81,528.02,300.08,107.77,13.62,10.55,4.56,1.52,9.37,6.66,3.54
2021-09-03,Complet de moins de 3 mois - sans rappel,61934.0,6750.64,2347.42,979.79,64.1,46.81,13.04,8.81,8.38,5.75,59.93
2021-09-03,Complet - avec 1 rappel de moins de 3 mois,0.1,0.0,0.0,0.0,0.01,0.0,0.0,0.0,0.0,0.0,0.0
2021-09-03,Complet - avec 1 rappel de 6 mois ou plus,0.0,0.0,0.0,0.0,0.0,0.0,0.04,0.0,0.0,0.0,0.0
2021-09-04,Complet - avec 1 rappel entre 3 mois et 6 mois,0.0,0.0,0.0,0.0,0.0,0.0,0.0,0.0,0.0,0.0,0.0
2021-09-05,Complet - avec 1 rappel de moins de 3 mois,0.08,0.08,0.08,0.08,0.0,0.0,0.0,0.0,0.0,0.0,0.0
2021-09-06,Complet - avec 1 rappel de 6 mois ou plus,0.19,0.19,0.19,0.19,0.0,0.0,0.0,0.0,0.0,0.0,0.0
2021-09-07,Non-vaccinés,63855.73,8116.5,5915.59,2520.74,268.36,185.76,68.71,53.08,55.4,40.16,
2021-09-08,Complet de moins de 3 mois - sans rappel,54489.03,7367.74,1913.12,806.26,50.7,37.96,15.41,11.19,4.54,3.83,59.87
2021-09-09,Complet - avec 1 rappel de moins de 3 mois,115.0,9.01,0.19,0.08,0.0,0.0,0.0,0.0,0.01,0.0,0.08
2021-09-10,Primo dose récente,8877.53,385.16,231.96,96.36,6.14,4.55,0.68,0.04,0.18,0.0,2.33
2021-09-11,Complet entre 3 mois et 6 mois - sans rappel,24109.82,1415.1,444.31,159.77,45.46,32.63,10.92,7.99,13.2,11.49,26.48
2021-09-14,Complet - avec 2 rappels de moins de 3 mois,0.0,0.0,0.0,0.0,0.0,0.0,0.0,0.0,0.0,0.0,0.0
2021-09-17,Complet de moins de 3 mois - sans rappel,55383.31,6886.39,1217.2,456.9,33.88,19.05,6.95,5.96,3.65,1.93,56.99
2021-09-17,Complet - avec 1 rappel entre 3 mois et 6 mois,0.0,0.0,0.0,0.0,0.0,0.0,0.0,0.0,0.0,0.0,0.0
2021-09-18,Complet de 6 mois ou plus - sans rappel,4479.38,321.55,73.31,28.59,9.94,8.32,4.72,4.51,7.68,6.63,4.3
2021-09-19,Primo dose récente,846.75,45.13,13.41,4.52,4.17,3.74,1.19,1.16,0.0,0.0,1.6
2021-09-21,Complet de 6 mois ou plus - sans rappel,7376.16,586.06,180.49,58.97,12.01,9.3,4.07,3.52,4.27,2.28,4.29
2021-09-21,Complet - avec 1 rappel entre 3 mois et 6 mois,0.0,0.0,0.0,0.0,0.0,0.0,0.0,0.0,0.0,0.0,0.0
2021-09-23,Primo dose efficace,10973.58,904.28,183.44,50.01,8.08,5.23,4.77,4.62,3.35,3.18,5.79
2021-09-24,Non-vaccinés,73605.31,7618.74,2698.13,1000.46,117.0,75.85,50.82,41.63,27.32,21.35,
2021-09-24,Primo dose efficace,13798.83,917.89,180.98,51.01,6.92,5.78,3.42,2.48,2.74,2.7,5.68
2021-09-29,Primo dose efficace,9765.58,863.0,127.34,46.9,6.09,1.94,2.22,1.38,4.61,4.3,5.18
2021-09-29,Complet entre 3 mois et 6 mois - sans rappel,39747.99,4491.92,798.25,343.16,43.57,31.66,12.17,8.89,8.44,6.54,38.2
2021-09-30,Complet - avec 1 rappel de moins de 3 mois,1662.99,117.35,20.32,3.41,0.49,0.0,0.0,0.0,0.01,0.01,1.56
2021-10-02,Primo dose récente,1925.16,72.65,19.65,10.51,1.26,0.46,1.34,1.29,0.0,0.0,0.91
2021-10-04,Primo dose récente,2649.17,145.21,48.07,22.72,1.4,0.66,0.58,0.48,0.0,0.0,0.89
2021-10-04,Primo dose efficace,11000.66,787.62,166.96,61.53,8.74,7.83,1.75,0.6,2.19,2.01,4.62
2021-10-15,Complet entre 3 mois et 6 mois - sans rappel,44765.92,5232.7,1190.87,552.51,48.65,34.32,16.19,12.7,8.97,7.68,48.17
2021-10-20,Complet entre 3 mois et 6 mois - sans rappel,52356.54,7030.01,1587.22,782.52,59.78,49.63,13.09,10.06,4.45,3.54,50.86
2021-10-20,Complet - avec 1 rappel de moins de 3 mois,4529.51,398.6,49.21,13.35,3.36,3.03,1.77,1.64,1.14,1.0,3.46
2021-10-21,Complet - avec 3 rappels de moins de 3 mois,0.0,0.0,0.0,0.0,0.0,0.0,0.0,0.0,0.0,0.0,0.0
2021-10-23,Complet entre 3 mois et 6 mois - sans rappel,42524.17,3099.88,1019.93,466.81,39.21,30.22,13.48,11.72,6.19,5.38,52.45
2021-10-24,Complet de moins de 3 mois - sans rappel,6747.72,363.04,100.03,35.3,10.5,7.1,4.13,2.83,0.03,0.0,31.52
2021-10-24,Complet - avec 2 rappels de moins de 3 mois,2.05,0.0,0.0,0.0,0.0,0.0,0.0,0.0,0.0,0.0,0.0
2021-10-27,Complet entre 3 mois et 6 mois - sans rappel,52361.21,7008.08,1825.18,889.47,69.62,51.03,16.41,13.49,9.73,7.15,53.65
2021-10-28,Complet de 6 mois ou plus - sans rappel,8783.4,1318.33,421.29,193.35,31.38,26.74,5.56,5.21,6.37,4.37,8.32
2021-10-28,Complet - avec 1 rappel de 6 mois ou plus,0.0,0.0,0.0,0.0,0.0,0.0,0.04,0.0,0.0,0.0,0.0
2021-10-28,Complet - avec 2 rappels de moins de 3 mois,2.74,1.13,0.0,0.0,0.0,0.0,0.0,0.0,0.0,0.0,0.0
2021-10-30,Complet - avec 1 rappel entre 3 mois et 6 mois,0.02,0.0,0.0,0.0,0.0,0.0,0.0,0.0,0.0,0.0,0.0
2021-10-31,Primo dose efficace,1402.12,78.96,17.16,5.44,6.03,4.55,1.57,0.33,0.36,0.0,3.15
2021-11-02,Complet - avec 1 rappel de moins de 3 mois,10796.94,628.95,117.64,32.63,10.74,8.23,2.56,1.26,3.42,2.12,5.2
2021-11-06,Complet de moins de 3 mois - sans rappel,16606.73,1473.52,521.33,227.88,14.97,11.34,4.94,4.62,1.21,1.21,25.12
2021-11-09,Complet - avec 1 rappel de moins de 3 mois,8652.51,928.07,87.73,25.16,12.98,10.49,2.46,1.89,3.31,3.0,6.14
2021-11-10,Complet de moins de 3 mois - sans rappel,20421.06,3310.43,977.24,481.54,23.29,16.9,6.15,5.84,0.59,0.51,23.51
2021-11-10,Complet - avec 3 rappels de moins de 3 mois,0.0,0.0,0.0,0.0,0.0,0.0,0.0,0.0,0.0,0.0,0.0
2021-11-11,Complet de 6 mois ou plus - sans rappel,4315.43,430.49,214.77,92.48,41.31,33.17,11.13,9.19,8.58,6.45,11.55
2021-11-13,Complet de moins de 3 mois - sans rappel,15612.34,1569.94,692.49,305.31,15.63,10.6,3.95,3.08,0.74,0.64,21.92
2021-11-13,Complet de 6 mois ou plus - sans rappel,14135.78,1449.12,740.12,355.08,62.04,49.88,16.52,13.86,10.65,8.06,11.59
2021-11-14,Non-vaccinés,7422.65,988.56,595.57,233.07,118.86,92.95,38.12,33.43,18.23,13.2,
2021-11-17,Complet entre 3 mois et 6 mois - sans rappel,74576.53,14940.85,6040.14,3239.52,109.23,88.9,14.02,8.13,12.95,12.58,56.84
2021-11-18,Complet - avec 2 rappels de moins de 3 mois,17.02,0.18,0.0,0.0,0.0,0.0,0.0,0.0,0.0,0.0,0.0
2021-11-20,Complet entre 3 mois et 6 mois - sans rappel,60129.46,7895.13,4322.07,2064.86,70.29,56.74,29.17,22.73,12.02,10.63,57.7
2021-11-20,Complet - avec 3 rappels de moins de 3 mois,0.0,0.0,0.0,0.0,0.0,0.0,0.0,0.0,0.0,0.0,0.0
2021-11-21,Primo dose récente,183.08,10.84,7.29,3.05,1.34,1.2,0.07,0.07,0.01,0.01,0.48
2021-11-22,Complet - avec 1 rappel entre 3 mois et 6 mois,3.75,0.32,0.59,0.22,0.0,0.0,0.03,0.0,0.0,0.0,0.0
2021-11-24,Primo dose efficace,5695.95,885.2,290.8,133.72,14.56,12.71,3.17,1.0,1.91,1.32,2.65
2021-11-25,Primo dose récente,1067.44,219.31,144.66,87.54,3.64,3.42,1.63,1.51,0.0,0.0,0.49
2021-11-25,Complet de 6 mois ou plus - sans rappel,28404.57,6010.73,2675.39,1378.81,122.92,96.68,18.4,15.87,13.57,11.83,12.15
2021-11-28,Complet - avec 1 rappel entre 3 mois et 6 mois,0.06,0.0,0.06,0.0,0.21,0.14,0.02,0.02,0.17,0.0,0.0
2021-11-29,Complet - avec 2 rappels de moins de 3 mois,35.44,5.5,0.47,0.04,0.02,0.02,0.0,0.0,0.0,0.0,0.01
2021-11-29,Complet - avec 3 rappels de moins de 3 mois,0.0,0.0,0.0,0.0,0.0,0.0,0.0,0.0,0.0,0.0,0.0
2021-11-30,Primo dose récente,1344.18,261.3,214.35,117.29,5.11,4.9,1.36,1.32,2.09,2.0,0.53
2021-12-01,Complet - avec 2 rappels de moins de 3 mois,26.81,7.59,4.11,3.09,0.0,0.0,0.0,0.0,0.0,0.0,0.01
2021-12-02,Primo dose récente,1322.52,266.49,189.38,97.08,9.06,7.87,0.03,0.03,0.22,0.22,0.53
2021-12-02,Complet de 6 mois ou plus - sans rappel,36860.2,7490.57,4070.82,2026.25,146.37,121.99,34.62,30.85,28.56,23.91,12.79
2021-12-03,Complet - avec 1 rappel entre 3 mois et 6 mois,311.09,37.31,11.61,3.58,0.03,0.03,0.0,0.0,0.0,0.0,0.13
2021-12-04,Primo dose efficace,4086.69,474.98,280.78,116.2,16.23,14.05,5.09,4.76,6.06,5.58,2.39
2021-12-04,Complet - avec 2 rappels de moins de 3 mois,17.83,0.21,0.05,0.02,0.02,0.0,0.0,0.0,0.0,0.0,0.01
2021-12-05,Complet - avec 1 rappel de 6 mois ou plus,0.0,0.0,0.0,0.0,0.0,0.0,0.0,0.0,0.0,0.0,0.0
2021-12-06,Complet de 6 mois ou plus - sans rappel,49040.84,8960.27,5841.41,2976.46,185.77,160.12,50.06,44.71,38.2,29.61,13.04
2021-12-06,Complet - avec 1 rappel entre 3 mois et 6 mois,844.13,66.6,28.27,5.3,3.57,2.76,0.27,0.04,0.2,0.0,0.23
2021-12-07,Primo dose récente,1500.12,326.08,235.95,142.75,6.16,5.07,2.31,1.44,0.0,0.0,0.5
2021-12-07,Primo dose efficace,6950.85,1168.06,535.68,254.55,24.22,20.06,4.4,4.04,1.01,0.21,2.35
2021-12-07,Complet - avec 1 rappel de moins de 3 mois,41808.65,4808.35,1264.81,382.25,75.77,54.74,13.07,10.01,8.86,6.41,14.77
2021-12-08,Complet entre 3 mois et 6 mois - sans rappel,144541.17,33567.61,17551.68,8920.8,234.47,191.06,33.02,26.55,21.99,17.73,58.34
2021-12-10,Complet de 6 mois ou plus - sans rappel,37871.42,6930.83,4146.17,1917.43,160.57,123.83,26.8,20.27,27.22,21.97,12.69
2021-12-10,Complet - avec 1 rappel de 6 mois ou plus,0.0,0.0,0.0,0.0,0.0,0.0,0.0,0.0,0.0,0.0,0.0
2021-12-11,Complet - avec 2 rappels de moins de 3 mois,20.72,1.32,1.1,0.04,0.0,0.0,0.0,0.0,0.0,0.0,0.01
2021-12-11,Complet - avec 2 rappels entre 3 mois et 6 mois,0.0,0.0,0.0,0.0,0.0,0.0,0.0,0.0,0.0,0.0,0.0
2021-12-12,Primo dose récente,247.63,26.68,30.9,16.29,2.33,1.38,3.07,2.01,0.02,0.01,0.47
2021-12-12,Complet entre 3 mois et 6 mois - sans rappel,21794.34,3080.26,2284.11,967.7,127.9,99.21,42.42,34.6,25.83,20.83,56.13
2021-12-13,Non-vaccinés,115216.42,25664.76,21936.17,10411.53,524.1,404.44,152.22,130.89,49.91,40.62,
2021-12-13,Complet de 6 mois ou plus - sans rappel,46495.16,8396.25,5885.07,2853.72,171.68,139.43,22.67,20.44,36.95,32.05,12.53
2021-12-13,Complet - avec 1 rappel entre 3 mois et 6 mois,2424.42,180.41,75.9,21.3,7.7,6.07,1.54,1.14,1.34,0.37,0.6
2021-12-14,Complet - avec 1 rappel entre 3 mois et 6 mois,2441.32,216.9,108.39,25.08,7.75,5.87,0.33,0.14,0.81,0.0,0.69
2021-12-15,Non-vaccinés,92779.28,20163.87,16587.81,7421.86,509.83,397.04,157.32,127.01,65.06,52.76,
2021-12-15,Complet de moins de 3 mois - sans rappel,21714.42,3553.76,1884.96,843.63,37.98,31.05,7.9,6.91,5.81,3.4,8.07
2021-12-16,Primo dose récente,1427.53,244.19,247.4,121.82,12.83,10.62,0.89,0.06,0.0,0.0,0.48
2021-12-16,Complet de 6 mois ou plus - sans rappel,37415.74,6681.37,4665.27,2139.97,181.47,149.29,28.55,24.4,39.51,33.03,12.08
2021-12-16,Complet - avec 1 rappel de 6 mois ou plus,0.0,0.0,0.0,0.0,0.0,0.0,0.0,0.0,0.0,0.0,0.0
2021-12-17,Complet de moins de 3 mois - sans rappel,21278.04,2948.51,1986.99,835.55,49.26,38.24,14.24,12.74,6.8,6.48,7.62
2021-12-17,Complet entre 3 mois et 6 mois - sans rappel,148432.59,26913.45,19838.27,9119.46,180.74,136.45,53.23,43.8,25.67,20.63,52.56
2021-12-18,Complet entre 3 mois et 6 mois - sans rappel,87731.9,12864.55,10795.64,4743.25,135.78,100.51,32.36,28.25,16.6,11.51,51.58
2021-12-19,Complet de 6 mois ou plus - sans rappel,6760.89,802.16,787.34,268.72,92.8,75.54,23.34,18.41,36.76,33.68,11.4
2021-12-19,Complet - avec 2 rappels de moins de 3 mois,17.82,0.06,1.07,0.0,0.0,0.0,0.0,0.0,0.0,0.0,0.02
2021-12-20,Complet de 6 mois ou plus - sans rappel,42589.65,8160.84,7082.96,3259.83,154.15,130.07,27.06,22.73,35.37,30.92,11.41
2021-12-20,Complet - avec 3 rappels de moins de 3 mois,0.0,0.0,0.0,0.0,0.0,0.0,0.0,0.0,0.0,0.0,0.0
2021-12-21,Primo dose récente,1744.89,331.95,360.78,183.58,10.59,9.89,1.89,1.0,0.01,0.0,0.53
2021-12-22,Complet de 6 mois ou plus - sans rappel,43833.83,8158.36,7287.95,3241.5,168.42,143.94,37.62,30.91,36.34,31.98,10.84
2021-12-22,Complet - avec 3 rappels de moins de 3 mois,0.0,0.0,0.0,0.0,0.0,0.0,0.0,0.0,0.0,0.0,0.0
2021-12-23,Non-vaccinés,87876.61,19328.44,19795.66,8482.72,533.76,409.44,171.13,144.26,70.1,53.68,
2021-12-24,Complet - avec 2 rappels de moins de 3 mois,126.27,13.81,10.11,2.23,2.0,2.0,0.0,0.0,0.0,0.0,0.03
2021-12-25,Primo dose efficace,949.71,123.82,119.95,40.48,23.58,19.55,5.13,3.34,4.1,3.79,1.88
2021-12-25,Complet - avec 2 rappels entre 3 mois et 6 mois,1.07,0.02,0.05,0.0,0.0,0.0,0.0,0.0,0.0,0.0,0.0
2021-12-26,Non-vaccinés,13897.52,3059.28,3654.65,1494.91,461.17,360.25,140.63,123.55,89.86,73.23,
2021-12-26,Primo dose efficace,1439.39,198.32,202.92,82.23,28.05,22.61,6.4,6.16,5.72,5.49,1.86
2021-12-27,Primo dose efficace,7970.8,1738.47,1893.44,910.13,38.88,33.26,6.55,5.26,5.38,5.03,1.85
2021-12-27,Complet - avec 1 rappel de moins de 3 mois,145677.13,27097.55,21557.83,8885.05,179.67,140.47,23.7,18.89,20.62,13.6,35.41
2021-12-27,Complet - avec 3 rappels de moins de 3 mois,0.0,0.0,0.0,0.0,0.0,0.0,0.0,0.0,0.0,0.0,0.0
2021-12-28,Complet - avec 1 rappel entre 3 mois et 6 mois,11656.17,1399.58,1106.96,375.76,35.85,28.88,1.57,1.01,7.45,3.85,1.84
2021-12-29,Complet - avec 1 rappel de moins de 3 mois,166102.46,35146.52,28401.18,12103.43,208.27,174.74,31.2,27.16,21.02,18.22,37.9
2021-12-29,Complet - avec 3 rappels de moins de 3 mois,1.0,0.0,0.0,0.0,0.0,0.0,0.0,0.0,0.0,0.0,0.0
2021-12-30,Complet - avec 1 rappel de 6 mois ou plus,0.0,0.0,0.0,0.0,0.0,0.0,0.0,0.0,0.0,0.0,0.0
2021-12-31,Complet de 6 mois ou plus - sans rappel,39793.79,10096.16,12503.47,6004.22,158.22,124.6,22.97,20.8,43.68,32.13,9.0
2021-12-31,Complet - avec 1 rappel de 6 mois ou plus,0.0,0.0,0.0,0.0,0.0,0.0,0.0,0.0,0.0,0.0,0.0
2021-12-31,Complet - avec 2 rappels de moins de 3 mois,252.26,42.28,37.55,15.2,0.0,0.0,0.0,0.0,0.0,0.0,0.04
2022-01-01,Complet entre 3 mois et 6 mois - sans rappel,18036.82,3941.46,5276.51,2291.11,204.17,170.51,31.8,24.92,15.16,12.16,40.39
2022-01-01,Complet de 6 mois ou plus - sans rappel,5517.69,1156.92,1485.28,633.01,129.22,102.7,26.32,20.91,31.66,24.3,9.43
2022-01-01,Complet - avec 1 rappel de moins de 3 mois,19123.0,2918.55,2486.85,898.43,151.08,122.38,22.89,19.04,17.64,13.46,39.93
2022-01-01,Complet - avec 2 rappels entre 3 mois et 6 mois,3.1,0.0,0.05,0.0,0.0,0.0,0.0,0.0,0.25,0.25,0.0
2022-01-02,Primo dose récente,518.99,109.13,143.15,67.32,4.38,3.2,1.28,0.84,1.25,1.25,0.53
2022-01-02,Complet de moins de 3 mois - sans rappel,4776.1,877.8,1080.61,439.41,60.18,49.59,12.7,12.14,4.58,2.4,5.42
2022-01-02,Complet - avec 1 rappel de 6 mois ou plus,0.0,0.0,0.0,0.0,0.0,0.0,0.0,0.0,0.0,0.0,0.0
2022-01-03,Complet - avec 1 rappel de moins de 3 mois,233252.59,47357.78,43693.52,18923.88,278.98,231.42,40.75,33.48,24.21,16.14,40.0
2022-01-04,Complet entre 3 mois et 6 mois - sans rappel,206529.05,75897.08,86868.21,47089.83,367.43,284.94,70.91,61.82,15.34,13.0,39.05
2022-01-04,Complet - avec 1 rappel entre 3 mois et 6 mois,19012.79,2024.44,2130.66,604.4,64.14,47.04,5.55,3.66,11.13,9.66,2.43
2022-01-04,Complet - avec 2 rappels de moins de 3 mois,319.28,62.4,52.2,24.12,0.2,0.04,0.51,0.0,0.0,0.0,0.04
2022-01-06,Primo dose récente,2531.38,589.48,724.2,348.17,13.58,10.52,2.39,1.41,0.69,0.67,0.58
2022-01-06,Complet entre 3 mois et 6 mois - sans rappel,184360.36,58992.38,61651.36,31094.54,356.26,279.93,51.45,42.26,18.12,13.7,37.04
2022-01-06,Complet - avec 1 rappel de moins de 3 mois,174515.47,36349.78,29443.38,11932.84,255.14,195.16,41.6,32.08,27.3,19.28,42.8
2022-01-07,Non-vaccinés,132094.13,27867.76,36751.7,14860.94,759.99,579.77,200.12,162.77,99.76,81.66,
2022-01-09,Complet - avec 1 rappel entre 3 mois et 6 mois,2206.93,252.38,249.88,60.58,55.49,41.65,4.14,3.78,6.85,3.25,3.02
2022-01-09,Complet - avec 1 rappel de 6 mois ou plus,0.0,0.0,0.0,0.0,0.0,0.0,0.0,0.0,0.0,0.0,0.0
2022-01-09,Complet - avec 3 rappels de moins de 3 mois,0.0,0.0,0.0,0.0,0.0,0.0,0.0,0.0,0.0,0.0,0.0
2022-01-11,Complet de 6 mois ou plus - sans rappel,48314.95,13378.71,16499.1,7361.47,233.62,182.48,33.45,27.74,42.59,34.28,10.85
2022-01-12,Non-vaccinés,104475.37,26919.05,35649.26,15222.99,787.11,580.59,156.55,125.73,104.54,85.44,
2022-01-12,Complet - avec 2 rappels de moins de 3 mois,357.94,58.88,56.82,20.85,2.66,2.09,0.11,0.08,0.0,0.0,0.07
2022-01-15,Complet - avec 1 rappel de moins de 3 mois,91846.19,14966.82,16474.35,6338.25,300.92,225.5,34.4,25.15,30.72,19.53,49.16
2022-01-18,Complet entre 3 mois et 6 mois - sans rappel,118139.31,43363.11,52529.21,27876.54,457.12,348.69,54.91,45.16,25.58,19.82,27.72
2022-01-19,Complet de moins de 3 mois - sans rappel,17703.49,5021.73,5864.0,2813.83,109.98,93.32,14.89,12.25,9.8,9.29,4.5
2022-01-23,Complet - avec 2 rappels de moins de 3 mois,117.3,15.66,18.5,4.34,2.51,2.09,0.07,0.0,0.03,0.0,0.16
2022-01-24,Complet - avec 1 rappel entre 3 mois et 6 mois,29612.9,3159.56,5547.55,1576.81,225.39,177.25,16.97,14.05,33.37,27.48,4.7
2022-01-24,Complet - avec 2 rappels entre 3 mois et 6 mois,47.26,1.45,8.32,0.22,0.08,0.06,0.0,0.0,0.2,0.2,0.0
2022-01-26,Complet - avec 1 rappel de moins de 3 mois,175043.5,44055.65,44062.92,20867.99,543.45,409.87,55.79,50.13,49.94,38.44,56.35
2022-01-27,Non-vaccinés,82963.19,30263.78,36910.05,18525.09,766.14,543.74,124.28,92.41,100.4,75.76,
2022-01-29,Complet - avec 1 rappel de 6 mois ou plus,0.0,0.0,0.0,0.0,0.0,0.0,0.0,0.0,0.0,0.0,0.0
2022-01-29,Complet - avec 3 rappels entre 3 et 6 mois ou plus,0.0,0.0,0.0,0.0,0.0,0.0,0.0,0.0,0.0,0.0,0.0
2022-01-30,Complet - avec 3 rappels entre 3 et 6 mois ou plus,0.0,0.0,0.0,0.0,0.0,0.0,0.0,0.0,0.0,0.0,0.0
2022-02-01,Complet entre 3 mois et 6 mois - sans rappel,61641.37,24716.49,27874.43,15546.28,287.58,218.82,36.39,30.22,27.86,19.99,19.06
2022-02-01,Complet - avec 2 rappels de moins de 3 mois,817.61,130.32,169.55,58.33,3.48,2.25,1.04,1.04,2.34,1.0,0.23
2022-02-02,Complet entre 3 mois et 6 mois - sans rappel,56737.41,21869.21,24080.75,13464.93,277.17,209.93,33.06,26.27,23.93,18.17,18.59
2022-02-02,Complet - avec 2 rappels de moins de 3 mois,736.59,135.56,128.48,52.62,4.37,3.45,2.01,1.0,1.14,0.1,0.24
2022-02-02,Complet - avec 3 rappels de moins de 3 mois,5.31,2.02,2.11,2.02,0.0,0.0,0.0,0.0,0.0,0.0,0.0
2022-02-03,Complet - avec 1 rappel de 6 mois ou plus,1.05,0.0,0.05,0.0,1.0,0.0,0.01,0.01,0.06,0.0,0.0
2022-02-03,Complet - avec 2 rappels entre 3 mois et 6 mois,27.16,3.4,4.73,2.15,0.01,0.0,0.0,0.0,0.44,0.0,0.0
2022-02-04,Primo dose efficace,5043.9,1388.21,1637.15,760.2,58.26,39.06,3.48,2.69,15.52,11.69,1.81
2022-02-04,Complet - avec 3 rappels entre 3 et 6 mois ou plus,0.0,0.0,0.0,0.0,0.0,0.0,0.0,0.0,0.0,0.0,0.0
2022-02-05,Primo dose efficace,3243.08,641.1,898.34,373.95,38.69,27.74,5.01,2.64,11.16,7.67,1.78
2022-02-05,Complet de 6 mois ou plus - sans rappel,16109.32,3960.41,4764.53,2253.78,131.57,103.1,19.82,16.16,38.09,33.41,10.08
2022-02-05,Complet - avec 1 rappel entre 3 mois et 6 mois,10831.6,1426.83,1895.03,680.14,187.76,147.44,17.35,14.6,39.64,25.85,6.59
2022-02-05,Complet - avec 1 rappel de 6 mois ou plus,0.01,0.0,0.01,0.0,0.0,0.0,0.31,0.29,0.03,0.03,0.0
2022-02-06,Primo dose récente,228.78,41.92,61.86,24.69,4.35,2.28,0.45,0.42,1.55,1.42,0.33
2022-02-07,Non-vaccinés,67062.74,22354.21,27171.62,13592.01,631.87,460.39,90.25,69.65,101.67,75.52,
2022-02-07,Complet - avec 1 rappel de moins de 3 mois,170008.15,41203.99,45001.96,22331.93,568.76,454.98,68.26,49.13,59.94,45.99,59.76
2022-02-08,Primo dose efficace,4570.42,1069.71,1270.81,603.15,58.26,43.73,7.86,7.43,8.89,3.91,1.75
2022-02-08,Complet - avec 2 rappels de moins de 3 mois,811.67,113.76,106.84,51.14,4.46,4.33,1.01,1.0,0.12,0.12,0.29
2022-02-09,Non-vaccinés,45243.76,13775.25,15688.72,7666.46,546.27,406.38,92.35,72.66,80.51,64.3,
2022-02-09,Primo dose efficace,4205.31,984.27,1167.96,545.66,40.58,27.81,2.52,2.14,9.38,4.31,1.73
2022-02-09,Complet - avec 1 rappel de 6 mois ou plus,1.02,0.01,1.02,0.01,0.2,0.0,0.02,0.02,0.15,0.04,0.0
2022-02-09,Complet - avec 2 rappels de moins de 3 mois,716.27,91.29,105.9,46.75,4.39,4.15,0.04,0.0,2.06,2.01,0.3
2022-02-09,Complet - avec 2 rappels entre 3 mois et 6 mois,24.29,4.59,3.71,1.09,0.0,0.0,0.0,0.0,0.14,0.0,0.0
2022-02-10,Complet - avec 2 rappels entre 3 mois et 6 mois,22.73,2.39,1.77,1.13,0.01,0.0,0.0,0.0,0.28,0.0,0.0
2022-02-12,Complet - avec 2 rappels de moins de 3 mois,553.14,68.13,61.29,25.99,2.46,2.27,0.01,0.0,0.12,0.0,0.35
2022-02-13,Complet de moins de 3 mois - sans rappel,2185.19,335.95,360.8,143.9,31.96,26.45,7.09,6.06,10.17,9.25,4.18
2022-02-13,Complet - avec 1 rappel de moins de 3 mois,24023.99,3848.51,4350.46,1772.0,252.47,201.73,46.91,38.47,59.42,47.53,60.33
2022-02-14,Complet - avec 1 rappel de moins de 3 mois,130324.04,28583.35,29672.19,15068.28,415.85,327.9,62.19,48.82,39.62,29.58,60.38
2022-02-15,Complet - avec 3 rappels entre 3 et 6 mois ou plus,0.0,0.0,0.0,0.0,0.0,0.0,0.0,0.0,0.0,0.0,0.0
2022-02-16,Complet - avec 1 rappel entre 3 mois et 6 mois,19387.59,2530.52,3375.34,1153.12,215.69,170.95,26.69,21.45,34.31,27.13,8.89
2022-02-16,Complet - avec 3 rappels entre 3 et 6 mois ou plus,0.0,0.0,0.0,0.0,0.0,0.0,0.0,0.0,0.0,0.0,0.0
2022-02-17,Complet - avec 2 rappels entre 3 mois et 6 mois,16.92,0.18,0.48,0.07,0.02,0.0,0.0,0.0,0.28,0.0,0.01
2022-02-18,Primo dose récente,337.78,66.25,75.8,42.33,5.56,4.71,1.12,1.1,0.21,0.08,0.17
2022-02-18,Primo dose efficace,2414.05,486.38,500.91,218.38,29.66,21.3,2.58,1.23,6.06,4.11,1.53
2022-02-18,Complet de moins de 3 mois - sans rappel,7304.36,1363.88,1423.18,665.87,55.02,41.77,6.73,5.92,11.08,9.38,4.11
2022-02-19,Complet - avec 1 rappel entre 3 mois et 6 mois,13816.1,1496.11,1821.74,673.14,170.18,121.52,15.25,12.0,36.46,28.49,10.13
2022-02-19,Complet - avec 2 rappels entre 3 mois et 6 mois,11.18,0.14,0.24,0.08,0.0,0.0,0.0,0.0,0.0,0.0,0.01
2022-02-20,Complet entre 3 mois et 6 mois - sans rappel,3931.29,580.0,699.69,271.64,59.59,41.89,9.21,6.65,8.32,5.65,11.58
2022-02-20,Complet - avec 1 rappel de moins de 3 mois,21903.0,3112.86,3103.18,1250.49,199.57,159.73,25.95,17.26,29.31,21.18,60.2
2022-02-20,Complet - avec 1 rappel de 6 mois ou plus,0.03,0.02,0.03,0.02,0.0,0.0,0.02,0.02,0.0,0.0,0.0
2022-02-21,Complet de moins de 3 mois - sans rappel,8498.18,1678.8,1666.81,835.86,42.17,35.94,4.43,3.77,5.79,3.53,4.05
2022-02-22,Complet entre 3 mois et 6 mois - sans rappel,13250.8,2872.13,2775.86,1355.86,89.21,67.05,7.59,6.59,14.09,11.82,10.99
2022-02-22,Complet de 6 mois ou plus - sans rappel,14525.39,2828.34,2439.35,1168.37,91.6,71.53,9.96,8.75,31.57,23.35,12.04
2022-02-22,Complet - avec 1 rappel de moins de 3 mois,85121.37,16321.56,14391.09,6968.7,290.29,239.58,33.97,27.61,48.74,38.12,60.17
2022-02-22,Complet - avec 2 rappels entre 3 mois et 6 mois,44.14,2.39,6.12,0.19,0.06,0.04,0.0,0.0,0.0,0.0,0.01
2022-02-23,Complet - avec 1 rappel de moins de 3 mois,81176.36,16351.34,14157.51,7292.2,292.37,232.84,36.81,32.17,39.92,30.48,60.01
2022-02-23,Complet - avec 1 rappel entre 3 mois et 6 mois,20359.41,2543.57,3095.44,1067.39,232.29,191.4,22.49,18.79,35.29,25.44,11.16
2022-02-23,Complet - avec 2 rappels entre 3 mois et 6 mois,28.29,2.53,7.15,2.45,0.0,0.0,0.0,0.0,0.0,0.0,0.01
2022-02-23,Complet - avec 3 rappels entre 3 et 6 mois ou plus,0.0,0.0,0.0,0.0,0.0,0.0,0.0,0.0,0.0,0.0,0.0
2022-02-24,Non-vaccinés,23010.13,5414.08,4927.11,2484.83,267.64,200.2,28.04,20.57,73.95,57.2,
2022-02-24,Primo dose récente,240.49,24.12,33.0,15.93,2.69,2.59,0.05,0.0,0.23,0.23,0.12
2022-02-24,Complet - avec 1 rappel de moins de 3 mois,66546.03,14736.83,12006.16,6349.84,257.95,201.86,40.88,35.97,33.04,26.17,59.81
2022-02-24,Complet - avec 2 rappels de moins de 3 mois,673.65,82.09,71.93,21.31,3.3,3.23,0.01,0.0,0.39,0.25,0.46
2022-02-26,Complet - avec 3 rappels entre 3 et 6 mois ou plus,0.0,0.0,0.0,0.0,0.0,0.0,0.0,0.0,0.0,0.0,0.0
2022-02-27,Complet de moins de 3 mois - sans rappel,1662.84,227.5,184.16,70.41,18.79,13.17,4.69,4.23,2.86,2.23,3.89
2022-02-28,Complet - avec 1 rappel de 6 mois ou plus,23.1,2.15,3.74,1.03,3.17,0.38,0.73,0.24,0.52,0.11,0.0
2022-02-28,Complet - avec 3 rappels de moins de 3 mois,0.16,0.01,0.01,0.01,0.0,0.0,0.0,0.0,0.0,0.0,0.0
2022-03-03,Complet - avec 2 rappels entre 3 mois et 6 mois,21.4,1.24,3.64,0.06,0.08,0.0,0.08,0.0,1.0,1.0,0.01
2022-03-04,Complet - avec 2 rappels de moins de 3 mois,807.42,82.21,73.36,28.89,2.72,2.2,0.16,0.0,1.0,1.0,0.52
2022-03-04,Complet - avec 2 rappels entre 3 mois et 6 mois,30.17,1.29,2.47,0.08,0.0,0.0,0.0,0.0,0.0,0.0,0.01
2022-03-06,Complet - avec 2 rappels de moins de 3 mois,219.14,15.59,18.28,3.47,3.65,3.46,0.03,0.0,0.25,0.25,0.54
2022-03-08,Complet - avec 1 rappel de moins de 3 mois,65570.4,14418.73,11024.93,6121.06,178.64,142.12,21.71,19.3,25.71,21.07,52.45
2022-03-08,Complet - avec 2 rappels de moins de 3 mois,1002.43,126.04,90.0,46.43,3.82,2.21,1.05,1.05,1.04,1.02,0.54
2022-03-08,Complet - avec 2 rappels entre 3 mois et 6 mois,49.74,4.68,12.36,2.3,1.18,1.17,0.0,0.0,0.0,0.0,0.02
2022-03-10,Complet - avec 1 rappel de 6 mois ou plus,596.17,105.14,127.08,52.03,9.59,5.53,1.16,1.16,0.9,0.53,0.37
2022-03-11,Non-vaccinés,25547.25,7413.94,5861.99,3319.36,194.17,139.21,25.99,20.34,34.96,27.13,
2022-03-12,Primo dose efficace,1180.34,162.18,146.78,57.81,11.61,8.37,2.39,2.37,2.0,1.53,1.26
2022-03-12,Complet de moins de 3 mois - sans rappel,3914.06,728.36,656.73,340.88,16.02,12.26,1.17,1.0,1.42,0.87,3.47
2022-03-13,Primo dose efficace,506.87,65.0,73.35,23.18,12.45,10.46,2.47,2.47,3.31,2.03,1.25
2022-03-13,Complet - avec 1 rappel entre 3 mois et 6 mois,10113.91,1555.91,1633.0,737.31,194.12,143.58,24.72,21.31,29.86,21.89,26.01
2022-03-13,Complet - avec 3 rappels de moins de 3 mois,1.01,0.0,0.01,0.0,0.0,0.0,0.0,0.0,0.0,0.0,0.0
2022-03-14,Complet de moins de 3 mois - sans rappel,6660.0,1776.24,1591.35,920.24,19.89,17.16,4.62,4.5,2.81,1.45,3.42
2022-03-14,Complet - avec 1 rappel de 6 mois ou plus,1786.52,277.05,373.81,169.62,19.15,13.93,0.67,0.54,1.45,1.37,0.53
2022-03-14,Complet - avec 3 rappels entre 3 et 6 mois ou plus,0.04,0.04,0.0,0.0,0.0,0.0,0.0,0.0,0.0,0.0,0.0
2022-03-15,Complet de 6 mois ou plus - sans rappel,17332.15,4862.58,3293.48,1900.5,80.5,64.16,3.88,3.18,11.41,9.43,15.61
2022-03-15,Complet - avec 2 rappels entre 3 mois et 6 mois,83.82,10.04,16.18,4.58,1.08,1.07,0.0,0.0,0.0,0.0,0.02
2022-03-16,Primo dose efficace,1814.49,393.0,299.14,154.32,23.21,18.12,0.32,0.05,1.69,0.51,1.24
2022-03-17,Complet entre 3 mois et 6 mois - sans rappel,7369.46,2311.89,1981.18,1152.75,48.28,38.37,2.76,1.2,9.77,8.04,5.9
2022-03-17,Complet - avec 2 rappels de moins de 3 mois,883.6,166.88,177.89,92.66,4.5,4.29,0.53,0.5,0.02,0.0,0.6
2022-03-18,Non-vaccinés,30638.9,10844.41,9201.39,5552.2,193.27,147.79,23.33,18.48,25.28,20.08,
2022-03-18,Complet - avec 3 rappels de moins de 3 mois,4.17,0.05,0.06,0.05,0.0,0.0,0.0,0.0,0.0,0.0,0.0
2022-03-18,Complet - avec 3 rappels entre 3 et 6 mois ou plus,1.06,1.06,0.0,0.0,0.0,0.0,0.0,0.0,0.0,0.0,0.0
2022-03-19,Complet - avec 2 rappels de 6 mois ou plus,0.02,0.0,0.02,0.0,0.0,0.0,0.0,0.0,0.0,0.0,0.0
2022-03-19,Complet - avec 3 rappels entre 3 et 6 mois ou plus,0.04,0.04,0.0,0.0,0.0,0.0,0.0,0.0,0.0,0.0,0.0
2022-03-21,Complet de 6 mois ou plus - sans rappel,29888.17,11273.27,9862.22,6450.6,82.08,68.01,12.07,10.68,9.39,7.72,16.37
2022-03-22,Primo dose efficace,2152.03,556.18,488.92,267.36,14.49,12.59,0.67,0.29,2.39,2.34,1.22
2022-03-22,Complet de moins de 3 mois - sans rappel,6269.73,2297.59,2063.2,1262.78,24.75,19.28,1.54,1.26,1.59,1.47,3.02
2022-03-23,Complet de 6 mois ou plus - sans rappel,26581.3,10048.46,8292.44,5256.25,89.5,70.65,15.68,14.7,11.19,7.9,16.55
2022-03-23,Complet - avec 1 rappel de moins de 3 mois,64404.34,24239.68,22255.6,14297.88,161.86,125.68,15.6,9.49,7.29,6.18,34.78
2022-03-23,Complet - avec 1 rappel de 6 mois ou plus,3621.58,675.77,1030.24,442.05,54.21,43.13,3.16,2.13,4.9,3.68,1.21
2022-03-25,Primo dose récente,107.76,27.02,34.74,16.7,1.24,1.16,0.0,0.0,0.0,0.0,0.03
2022-03-25,Complet de 6 mois ou plus - sans rappel,23985.86,9318.07,7629.28,4761.28,82.23,64.44,10.31,6.42,14.99,10.99,16.82
2022-03-26,Complet - avec 1 rappel de moins de 3 mois,41542.51,12001.57,12421.14,7238.55,105.94,85.72,9.55,7.29,9.28,6.51,32.49
2022-03-26,Complet - avec 2 rappels de 6 mois ou plus,3.14,0.02,0.04,0.02,0.0,0.0,0.0,0.0,0.0,0.0,0.0
2022-03-28,Primo dose récente,128.29,32.84,35.1,24.59,0.01,0.0,0.0,0.0,0.0,0.0,0.03
2022-03-28,Complet - avec 1 rappel de moins de 3 mois,83071.85,32902.97,33120.96,21146.76,197.03,162.25,27.85,25.34,8.88,7.04,32.39
2022-03-28,Complet - avec 2 rappels entre 3 mois et 6 mois,233.67,60.02,80.16,43.39,4.36,4.05,0.08,0.0,0.0,0.0,0.04
2022-03-29,Non-vaccinés,44135.44,17916.94,15190.98,9342.38,303.24,231.07,30.02,24.97,28.15,22.62,
2022-03-29,Complet de moins de 3 mois - sans rappel,6302.87,2431.13,2164.23,1323.45,30.03,23.99,4.67,4.36,1.2,1.13,2.81
2022-03-29,Complet - avec 3 rappels de moins de 3 mois,6.24,1.03,2.02,1.0,0.0,0.0,0.0,0.0,0.0,0.0,0.0
2022-03-31,Complet - avec 3 rappels entre 3 et 6 mois ou plus,1.0,0.0,0.0,0.0,0.0,0.0,0.0,0.0,0.0,0.0,0.0
2022-04-02,Complet - avec 3 rappels de moins de 3 mois,0.1,0.0,0.02,0.0,0.0,0.0,0.06,0.0,0.0,0.0,0.0
2022-04-04,Complet - avec 3 rappels de moins de 3 mois,3.36,0.0,0.03,0.0,0.0,0.0,0.06,0.0,0.0,0.0,0.0
2022-04-04,Complet - avec 3 rappels entre 3 et 6 mois ou plus,1.19,1.03,1.09,1.03,0.0,0.0,0.0,0.0,0.0,0.0,0.0
2022-04-05,Complet - avec 1 rappel entre 3 mois et 6 mois,104882.16,35939.07,40012.51,23836.39,597.85,482.92,55.76,48.91,43.13,35.03,43.93
2022-04-07,Complet entre 3 mois et 6 mois - sans rappel,7266.53,2646.61,2494.43,1496.51,58.17,42.02,3.76,3.14,10.08,7.41,4.37
2022-04-07,Complet - avec 2 rappels entre 3 mois et 6 mois,175.6,50.78,64.94,33.76,4.47,4.28,0.02,0.0,2.0,2.0,0.08
2022-04-08,Complet - avec 1 rappel entre 3 mois et 6 mois,98011.46,36451.27,40833.79,24418.09,553.95,446.71,65.63,50.93,49.14,39.94,47.38
2022-04-08,Complet - avec 2 rappels de moins de 3 mois,2284.44,480.69,614.92,269.92,18.51,14.57,4.82,4.52,2.5,2.13,1.17
2022-04-10,Complet - avec 1 rappel de moins de 3 mois,7577.58,1646.62,1932.97,947.46,91.02,61.73,14.13,9.93,5.89,4.34,20.89
2022-04-12,Primo dose récente,111.26,28.74,32.91,24.01,1.04,1.03,0.0,0.0,0.0,0.0,0.04
2022-04-12,Complet - avec 3 rappels de moins de 3 mois,2.58,0.09,0.09,0.02,0.05,0.05,0.0,0.0,0.0,0.0,0.0
2022-04-14,Complet - avec 1 rappel entre 3 mois et 6 mois,93051.67,35399.82,38807.61,23744.37,646.07,529.87,81.9,68.84,53.89,40.52,52.4
2022-04-14,Complet - avec 2 rappels de 6 mois ou plus,9.82,2.21,4.3,1.14,0.0,0.0,0.0,0.0,0.0,0.0,0.0
2022-04-15,Complet de 6 mois ou plus - sans rappel,19971.53,5701.01,5197.38,2935.3,96.24,70.57,11.31,8.62,18.48,15.19,18.29
2022-04-15,Complet - avec 1 rappel entre 3 mois et 6 mois,86399.09,31262.98,36249.67,20896.39,564.74,443.83,71.57,62.26,52.71,43.24,53.26
2022-04-15,Complet - avec 2 rappels de moins de 3 mois,2391.66,521.14,641.35,291.9,26.54,21.81,1.17,1.06,3.45,3.0,1.42
2022-04-16,Complet - avec 2 rappels de moins de 3 mois,1930.01,329.39,413.78,185.6,21.27,17.52,1.75,1.4,3.33,3.15,1.5
2022-04-17,Complet - avec 1 rappel de moins de 3 mois,4901.52,832.42,989.76,434.97,48.84,32.35,8.38,6.28,2.8,2.33,14.76
2022-04-17,Complet - avec 2 rappels de moins de 3 mois,627.3,82.29,79.87,22.42,16.75,14.31,3.35,2.27,1.14,1.0,1.52
2022-04-17,Complet - avec 3 rappels entre 3 et 6 mois ou plus,2.0,0.0,0.0,0.0,0.0,0.0,0.0,0.0,0.0,0.0,0.0
2022-04-18,Complet - avec 1 rappel de 6 mois ou plus,2304.81,327.24,504.78,155.84,104.14,79.06,12.15,11.32,14.31,11.74,2.98
2022-04-19,Complet de moins de 3 mois - sans rappel,3899.89,1155.28,1346.49,753.69,21.75,17.12,4.26,4.22,2.78,2.12,1.86
2022-04-19,Complet de 6 mois ou plus - sans rappel,29203.52,7766.26,7870.75,4479.59,116.89,98.95,10.93,9.21,14.15,10.77,18.45
2022-04-19,Complet - avec 1 rappel de moins de 3 mois,28062.64,9216.46,10058.24,6213.03,91.3,73.55,10.65,9.19,6.44,4.35,13.94
2022-04-27,Complet entre 3 mois et 6 mois - sans rappel,4925.55,1150.14,1100.88,594.56,32.22,25.41,5.82,5.14,4.45,3.99,4.09
2022-04-27,Complet - avec 1 rappel de moins de 3 mois,11702.69,2728.64,2542.43,1439.86,38.69,34.5,4.09,3.56,2.51,2.31,9.87
2022-04-28,Complet - avec 1 rappel de 6 mois ou plus,6689.08,1343.2,1748.9,751.03,119.96,93.96,14.9,10.99,15.33,10.95,4.05
2022-04-28,Complet - avec 3 rappels entre 3 et 6 mois ou plus,0.0,0.0,0.0,0.0,0.0,0.0,0.0,0.0,0.0,0.0,0.0
2022-04-29,Primo dose récente,55.68,5.13,5.67,3.98,1.09,1.07,0.01,0.01,0.0,0.0,0.03
2022-04-29,Complet de moins de 3 mois - sans rappel,1558.15,344.64,352.91,181.76,8.25,7.67,1.06,1.01,1.49,1.36,1.41
2022-04-30,Primo dose efficace,906.39,103.6,111.79,44.5,11.85,8.5,1.12,1.12,1.04,1.04,1.15
2022-04-30,Complet de moins de 3 mois - sans rappel,1214.4,201.04,225.66,103.95,6.12,5.87,0.16,0.11,0.26,0.17,1.34
2022-04-30,Complet - avec 2 rappels de moins de 3 mois,2482.48,242.55,247.04,89.11,21.75,15.99,0.49,0.14,1.34,1.15,2.02
2022-05-02,Primo dose récente,76.14,7.82,9.0,6.07,1.16,1.15,0.0,0.0,0.0,0.0,0.03
2022-05-02,Complet entre 3 mois et 6 mois - sans rappel,6045.15,1359.92,1320.85,763.3,35.97,28.45,2.27,1.62,2.36,1.18,4.11
2022-05-03,Primo dose efficace,1364.74,202.97,189.41,87.13,10.47,7.32,1.15,0.12,0.12,0.0,1.15
2022-05-03,Complet - avec 2 rappels entre 3 mois et 6 mois,472.28,79.08,82.05,40.15,4.2,3.33,0.11,0.11,0.12,0.12,0.29
2022-05-06,Complet - avec 1 rappel entre 3 mois et 6 mois,59428.56,13383.04,13832.7,7622.02,292.91,235.69,40.61,36.47,28.66,23.03,60.39
2022-05-07,Complet - avec 1 rappel de moins de 3 mois,6046.68,709.59,676.35,325.45,14.54,10.3,3.81,3.69,2.29,2.25,6.31
2022-05-07,Complet - avec 1 rappel entre 3 mois et 6 mois,55497.59,7714.97,9029.78,4491.65,201.91,161.84,28.53,25.5,30.18,23.54,60.6
2022-05-10,Complet - avec 1 rappel entre 3 mois et 6 mois,66970.6,13167.95,13138.39,7294.33,330.97,263.86,45.32,36.55,23.06,19.33,60.93
2022-05-12,Primo dose récente,48.45,5.73,3.54,1.27,0.0,0.0,0.0,0.0,0.0,0.0,0.03
2022-05-13,Complet - avec 2 rappels de 6 mois ou plus,6.58,0.15,0.18,0.13,0.0,0.0,0.0,0.0,0.2,0.0,0.0
2022-05-13,Complet - avec 3 rappels entre 3 et 6 mois ou plus,3.04,0.02,1.02,0.0,0.0,0.0,0.0,0.0,0.0,0.0,0.0
2022-05-15,Complet de moins de 3 mois - sans rappel,252.44,26.38,23.15,6.62,1.83,1.33,0.09,0.0,1.12,1.0,0.72
2022-05-16,Primo dose récente,59.6,3.09,2.66,0.09,0.25,0.25,0.0,0.0,0.0,0.0,0.03
2022-05-16,Complet - avec 2 rappels de moins de 3 mois,5281.13,441.6,436.53,158.5,28.49,23.23,2.11,2.09,1.26,1.05,2.55
2022-05-16,Complet - avec 3 rappels de moins de 3 mois,19.19,1.23,1.01,1.01,0.0,0.0,0.0,0.0,0.0,0.0,0.0
2022-05-17,Complet de moins de 3 mois - sans rappel,814.43,143.99,105.92,53.29,1.64,1.03,0.02,0.01,1.0,1.0,0.69
2022-05-17,Complet entre 3 mois et 6 mois - sans rappel,3824.36,680.07,581.29,311.42,17.15,10.41,1.4,1.35,1.22,0.55,4.04
2022-05-17,Complet - avec 2 rappels de 6 mois ou plus,25.87,0.33,4.7,0.3,0.0,0.0,0.0,0.0,0.32,0.12,0.0
2022-05-18,Primo dose efficace,1078.31,136.6,90.66,45.71,4.65,1.76,0.25,0.25,1.03,1.0,1.13
2022-05-18,Complet - avec 1 rappel entre 3 mois et 6 mois,54117.21,9522.68,9010.08,4968.93,211.04,167.87,31.71,27.02,23.95,18.38,61.37
2022-05-19,Complet - avec 2 rappels entre 3 mois et 6 mois,374.38,60.47,59.35,33.89,3.36,1.28,0.0,0.0,0.22,0.17,0.45
2022-05-21,Complet - avec 2 rappels de moins de 3 mois,2926.38,191.84,166.03,46.9,9.41,8.11,1.04,0.68,0.2,0.2,2.8
2022-05-22,Primo dose efficace,299.14,27.95,18.3,4.6,1.53,0.11,0.39,0.14,2.17,2.01,1.13
2022-05-22,Complet de 6 mois ou plus - sans rappel,3866.7,332.0,206.97,74.08,25.4,21.38,6.31,4.66,5.01,3.6,19.55
2022-05-22,Complet - avec 3 rappels de moins de 3 mois,2.12,1.07,0.02,0.02,0.03,0.0,0.0,0.0,0.0,0.0,0.0
2022-05-23,Non-vaccinés,18794.67,3430.21,2622.08,1376.7,84.8,62.62,8.41,6.69,7.5,5.53,
2022-05-24,Complet de moins de 3 mois - sans rappel,462.02,55.86,38.34,17.46,0.26,0.03,0.0,0.0,0.0,0.0,0.53
2022-05-24,Complet - avec 2 rappels entre 3 mois et 6 mois,410.69,51.64,59.43,26.15,2.2,1.0,1.15,1.01,0.08,0.08,0.49
2022-05-25,Primo dose efficace,829.34,97.94,67.32,33.19,5.25,4.43,0.13,0.13,0.04,0.0,1.13
2022-05-25,Complet - avec 1 rappel de moins de 3 mois,1957.5,268.41,154.61,69.86,6.63,5.87,4.3,4.02,1.0,1.0,2.38
2022-05-26,Complet - avec 1 rappel de 6 mois ou plus,2470.52,253.77,246.6,75.48,51.45,37.83,3.4,3.25,13.0,9.98,9.28
2022-05-28,Primo dose récente,36.63,2.87,0.87,0.28,0.06,0.0,0.0,0.0,0.0,0.0,0.02
2022-05-28,Complet - avec 1 rappel entre 3 mois et 6 mois,35945.01,3992.74,4145.99,2124.75,82.61,64.63,9.9,6.41,13.57,8.97,58.84
2022-05-29,Complet de moins de 3 mois - sans rappel,128.0,10.67,9.8,2.31,1.08,0.0,0.13,0.13,0.0,0.0,0.42
2022-05-29,Complet - avec 1 rappel entre 3 mois et 6 mois,9829.33,1136.29,1199.18,498.48,85.78,63.06,15.15,12.53,12.35,10.99,58.5
2022-05-29,Complet - avec 1 rappel de 6 mois ou plus,3130.89,303.6,272.56,92.54,55.2,42.32,8.98,7.47,12.15,9.91,10.82
2022-05-30,Primo dose efficace,1177.28,150.72,105.3,56.32,5.14,4.11,0.14,0.14,0.0,0.0,1.12
2022-05-30,Complet - avec 1 rappel de moins de 3 mois,2736.49,320.27,221.78,107.76,2.16,1.68,0.14,0.14,1.0,1.0,1.97
2022-05-31,Complet de moins de 3 mois - sans rappel,428.01,49.62,27.25,14.07,1.71,1.5,0.0,0.0,0.0,0.0,0.41
2022-05-31,Complet - avec 2 rappels de 6 mois ou plus,24.18,3.62,1.33,0.12,0.0,0.0,0.0,0.0,0.0,0.0,0.01
2022-06-01,Primo dose efficace,983.29,121.1,80.84,45.43,4.84,4.43,0.28,0.28,0.06,0.0,1.12
2022-06-01,Complet - avec 1 rappel entre 3 mois et 6 mois,41772.55,8295.5,7183.74,4214.13,113.28,89.78,17.99,13.58,8.5,7.26,56.95
2022-06-01,Complet - avec 1 rappel de 6 mois ou plus,13953.81,1965.13,1990.77,998.1,85.28,62.91,12.74,10.12,17.57,15.17,12.42
2022-06-01,Complet - avec 2 rappels entre 3 mois et 6 mois,558.43,57.44,58.64,25.61,1.59,1.39,0.08,0.08,0.02,0.02,0.55
2022-06-01,Complet - avec 2 rappels de 6 mois ou plus,26.76,4.4,1.24,1.12,0.02,0.0,0.0,0.0,0.0,0.0,0.01
2022-06-01,Complet - avec 3 rappels de moins de 3 mois,9.52,1.23,2.12,1.12,0.0,0.0,0.0,0.0,0.0,0.0,0.01
2022-06-02,Complet entre 3 mois et 6 mois - sans rappel,2112.6,448.43,328.56,178.26,6.48,5.93,0.96,0.33,1.14,1.0,3.6
2022-06-02,Complet - avec 1 rappel entre 3 mois et 6 mois,29758.47,7971.21,6641.37,4174.83,110.23,85.15,22.29,16.66,5.55,4.86,56.1
2022-06-02,Complet - avec 1 rappel de 6 mois ou plus,9879.44,2196.02,1929.91,1111.02,85.47,67.54,10.25,8.83,12.64,10.92,13.31
2022-06-03,Complet - avec 2 rappels entre 3 mois et 6 mois,361.58,58.82,57.13,21.28,0.34,0.17,0.08,0.01,0.0,0.0,0.57
2022-06-06,Complet - avec 2 rappels de moins de 3 mois,1723.55,127.87,111.79,29.64,16.65,11.09,1.86,1.83,1.35,1.0,3.27
2022-06-07,Primo dose efficace,1316.4,149.42,136.33,68.59,4.19,3.8,0.03,0.0,1.35,1.2,1.12
2022-06-07,Complet de moins de 3 mois - sans rappel,518.95,80.6,53.83,25.38,1.53,0.17,0.0,0.0,0.0,0.0,0.34
2022-06-07,Complet entre 3 mois et 6 mois - sans rappel,3955.05,737.64,721.04,413.85,9.89,7.9,2.41,2.18,0.36,0.2,3.45
2022-06-07,Complet - avec 1 rappel de moins de 3 mois,2508.11,308.49,223.91,111.39,6.7,5.37,1.04,1.0,0.1,0.1,1.61
2022-06-07,Complet - avec 1 rappel entre 3 mois et 6 mois,62446.58,14065.89,14839.72,9152.43,140.36,114.17,11.08,7.9,11.43,10.09,52.17
2022-06-09,Primo dose efficace,841.68,86.74,114.02,32.68,6.11,5.46,0.03,0.0,0.14,0.09,1.12
2022-06-10,Complet de moins de 3 mois - sans rappel,313.34,45.01,31.74,15.43,1.58,1.0,0.0,0.0,0.0,0.0,0.32
2022-06-10,Complet - avec 1 rappel de moins de 3 mois,1626.33,214.18,159.44,62.49,9.6,9.18,1.26,1.14,0.0,0.0,1.57
2022-06-10,Complet - avec 1 rappel de 6 mois ou plus,19633.48,3880.47,4306.36,2220.69,119.23,91.43,11.84,8.48,12.0,10.68,21.0
2022-06-11,Primo dose récente,30.99,1.2,0.38,0.11,0.0,0.0,0.0,0.0,0.0,0.0,0.02
2022-06-12,Non-vaccinés,4356.33,604.47,450.8,155.35,77.97,56.28,8.45,6.95,5.74,3.69,
2022-06-13,Complet de 6 mois ou plus - sans rappel,21101.14,3989.62,3231.07,1822.71,50.05,41.09,5.82,5.08,4.44,4.0,20.26
2022-06-13,Complet - avec 1 rappel entre 3 mois et 6 mois,54276.63,14083.2,14874.75,9297.07,105.0,83.3,16.26,12.9,5.86,3.4,45.81
2022-06-13,Complet - avec 2 rappels de 6 mois ou plus,58.16,8.28,7.49,4.77,0.0,0.0,0.0,0.0,0.0,0.0,0.02
2022-06-14,Complet de moins de 3 mois - sans rappel,447.07,68.2,46.97,26.6,2.13,2.0,0.0,0.0,0.0,0.0,0.31
2022-06-14,Complet entre 3 mois et 6 mois - sans rappel,2870.16,615.14,557.3,297.86,12.41,9.75,1.9,1.52,0.03,0.0,3.15
2022-06-14,Complet - avec 1 rappel entre 3 mois et 6 mois,40874.75,10677.99,10527.75,6464.28,127.12,98.55,17.91,13.93,12.16,10.45,44.64
2022-06-16,Non-vaccinés,15384.28,3784.62,3009.29,1765.69,100.73,73.51,9.42,8.63,7.58,5.56,
2022-06-16,Complet de moins de 3 mois - sans rappel,339.66,43.04,34.11,15.56,2.24,2.22,0.12,0.12,0.0,0.0,0.29
2022-06-16,Complet - avec 2 rappels de moins de 3 mois,3481.12,607.6,600.13,286.8,35.51,26.27,5.36,5.08,0.68,0.17,3.6
2022-06-16,Complet - avec 2 rappels entre 3 mois et 6 mois,530.97,112.49,114.33,62.08,1.92,1.55,1.0,1.0,0.01,0.0,0.68
2022-06-18,Non-vaccinés,14840.23,2304.78,2089.21,1038.14,77.01,56.41,13.43,10.79,6.57,3.63,
2022-06-18,Complet - avec 1 rappel de 6 mois ou plus,28861.43,4728.48,5925.68,3096.64,138.26,116.32,19.37,17.75,14.45,9.87,30.69
2022-06-18,Complet - avec 2 rappels de moins de 3 mois,4069.51,395.66,434.55,191.82,27.55,22.56,3.79,3.25,1.4,1.19,3.7
2022-06-18,Complet - avec 3 rappels entre 3 et 6 mois ou plus,6.25,1.1,2.08,1.07,0.0,0.0,0.0,0.0,0.0,0.0,0.0
2022-06-19,Primo dose efficace,331.96,33.93,33.83,13.16,7.11,5.01,0.2,0.2,0.01,0.0,1.11
2022-06-19,Complet - avec 1 rappel entre 3 mois et 6 mois,7702.27,1240.05,1583.19,698.36,89.68,73.13,9.43,7.07,4.58,3.15,37.59
2022-06-21,Primo dose récente,34.54,3.19,3.95,1.08,0.08,0.0,0.0,0.0,0.0,0.0,0.02
2022-06-22,Complet de moins de 3 mois - sans rappel,475.2,89.43,59.68,30.78,1.54,0.17,0.11,0.06,0.02,0.0,0.28
2022-06-25,Complet de 6 mois ou plus - sans rappel,17368.09,2936.08,2665.47,1388.03,56.75,43.09,11.07,9.74,2.39,2.31,20.69
2022-06-25,Complet - avec 2 rappels de moins de 3 mois,4580.55,574.71,609.86,277.45,28.26,20.7,0.25,0.04,1.19,0.07,3.84
2022-06-26,Complet - avec 3 rappels de moins de 3 mois,7.26,2.1,0.12,0.03,0.0,0.0,0.0,0.0,0.0,0.0,0.01
2022-06-27,Primo dose récente,81.7,7.76,12.95,5.31,1.04,1.0,0.0,0.0,0.0,0.0,0.02
2022-06-27,Complet - avec 3 rappels entre 3 et 6 mois ou plus,9.42,3.13,3.33,2.1,0.0,0.0,0.0,0.0,0.0,0.0,0.0
2022-06-28,Complet de moins de 3 mois - sans rappel,585.05,101.37,104.42,56.68,2.0,1.34,2.23,0.08,0.0,0.0,0.26
2022-06-28,Complet - avec 1 rappel de moins de 3 mois,2616.71,471.17,410.88,203.67,9.2,7.69,0.37,0.13,0.35,0.3,1.4
2022-06-28,Complet - avec 1 rappel de 6 mois ou plus,66048.32,21644.08,23193.86,14237.37,372.75,287.19,34.71,28.3,18.71,11.66,37.61
2022-06-28,Complet - avec 2 rappels de 6 mois ou plus,111.25,30.06,34.79,15.93,1.18,1.14,0.0,0.0,0.0,0.0,0.04
2022-06-29,Primo dose efficace,1648.22,389.3,355.73,193.41,11.18,8.88,1.21,1.01,0.04,0.0,1.1
2022-06-29,Complet de moins de 3 mois - sans rappel,519.76,99.43,86.95,48.33,5.49,4.28,0.13,0.01,1.08,1.0,0.26
2022-06-29,Complet - avec 1 rappel de moins de 3 mois,2516.41,477.82,365.69,180.95,5.38,4.28,0.25,0.18,1.18,0.0,1.39
2022-07-01,Non-vaccinés,29758.27,8421.62,7430.41,4251.6,163.0,122.51,15.28,12.58,6.11,4.33,
2022-07-01,Complet - avec 1 rappel de moins de 3 mois,2571.86,438.81,391.33,174.59,10.5,8.43,0.19,0.0,1.03,1.0,1.38
2022-07-02,Complet - avec 3 rappels de moins de 3 mois,18.47,4.41,4.18,1.13,0.11,0.0,0.0,0.0,0.0,0.0,0.01
2022-07-02,Complet - avec 3 rappels entre 3 et 6 mois ou plus,2.08,1.04,0.08,0.04,0.0,0.0,0.0,0.0,0.0,0.0,0.0
2022-07-03,Complet - avec 1 rappel entre 3 mois et 6 mois,7795.24,1811.93,2437.85,1124.49,99.44,83.18,21.69,19.06,4.42,4.0,28.09
2022-07-06,Primo dose efficace,1779.15,421.94,420.52,227.09,19.91,16.02,0.0,0.0,0.37,0.06,1.1
2022-07-06,Complet - avec 1 rappel entre 3 mois et 6 mois,41793.38,16931.41,17411.2,11410.97,166.06,130.05,26.21,22.73,4.16,3.43,25.65
2022-07-06,Complet - avec 1 rappel de 6 mois ou plus,78730.46,29636.01,31614.04,19818.77,515.68,392.2,60.08,50.05,26.08,18.09,42.72
2022-07-12,Complet - avec 2 rappels de moins de 3 mois,7040.94,1758.99,2002.44,995.95,73.24,54.32,9.25,8.68,5.55,4.77,4.73
2022-07-13,Complet - avec 3 rappels entre 3 et 6 mois ou plus,9.72,2.1,0.27,0.08,0.0,0.0,0.0,0.0,0.0,0.0,0.0
2022-07-14,Complet - avec 1 rappel de 6 mois ou plus,12529.97,2991.14,3685.64,1732.78,359.02,274.18,42.45,37.74,41.54,35.93,49.68
2022-07-14,Complet - avec 2 rappels de moins de 3 mois,1453.51,252.7,262.7,98.67,55.89,41.09,5.56,4.84,7.13,4.62,5.04
2022-07-15,Complet entre 3 mois et 6 mois - sans rappel,2735.26,846.86,879.38,511.03,16.79,11.72,0.62,0.34,1.83,1.52,1.87
2022-07-15,Complet - avec 1 rappel entre 3 mois et 6 mois,23339.85,9206.81,10240.41,6460.57,114.32,91.62,18.76,13.8,7.99,5.64,16.62
2022-07-15,Complet - avec 2 rappels de 6 mois ou plus,250.63,72.8,82.15,47.82,3.65,3.23,0.0,0.0,0.0,0.0,0.13
2022-07-18,Complet - avec 1 rappel de 6 mois ou plus,98703.39,34522.52,38866.83,24310.66,571.96,449.09,74.47,65.44,51.37,41.57,52.16
2022-07-19,Complet - avec 1 rappel entre 3 mois et 6 mois,15859.89,5261.05,5348.49,3242.35,98.78,76.78,13.24,12.85,10.79,7.04,13.94
2022-07-20,Complet - avec 2 rappels de moins de 3 mois,7426.48,1417.64,1675.24,785.5,108.15,80.18,14.56,12.35,11.18,6.63,5.87
2022-07-20,Complet - avec 2 rappels entre 3 mois et 6 mois,3020.48,554.57,701.11,298.98,65.51,49.58,2.21,1.59,4.88,3.0,1.89
2022-07-20,Complet - avec 2 rappels de 6 mois ou plus,263.88,65.46,80.28,43.66,3.51,3.26,0.0,0.0,0.06,0.0,0.17
2022-07-20,Complet - avec 3 rappels de moins de 3 mois,38.34,6.57,7.53,3.15,0.0,0.0,0.0,0.0,0.0,0.0,0.02
2022-07-27,Complet - avec 1 rappel de moins de 3 mois,1895.66,265.01,225.44,90.7,7.92,5.26,1.33,1.16,0.49,0.39,1.37
2022-07-29,Complet - avec 1 rappel de 6 mois ou plus,44331.76,12747.25,12017.1,6908.77,344.41,264.54,45.53,36.28,34.03,27.01,56.31
2022-07-29,Complet - avec 2 rappels de 6 mois ou plus,238.45,54.99,50.36,29.53,4.33,4.17,0.03,0.03,0.09,0.0,0.24
2022-07-30,Complet entre 3 mois et 6 mois - sans rappel,895.54,150.71,130.79,77.3,7.89,5.93,0.45,0.45,1.07,0.0,1.24
2022-07-31,Complet - avec 1 rappel de moins de 3 mois,470.7,45.76,28.55,9.32,3.51,2.4,0.07,0.01,1.17,1.02,1.36
2022-07-31,Complet - avec 3 rappels de moins de 3 mois,18.7,0.0,1.39,0.0,0.06,0.0,0.01,0.0,0.0,0.0,0.03
2022-08-02,Complet - avec 1 rappel de 6 mois ou plus,45563.89,11622.11,11224.25,6564.99,367.26,287.52,43.03,31.97,39.71,29.98,57.35
2022-08-03,Complet de 6 mois ou plus - sans rappel,17236.37,2951.22,2223.76,1217.93,66.67,53.68,8.27,5.19,7.05,5.45,21.71
2022-08-03,Complet - avec 2 rappels de moins de 3 mois,5590.18,907.98,844.12,420.11,44.98,31.17,8.56,8.04,7.51,6.38,6.75
2022-08-06,Complet - avec 2 rappels de 6 mois ou plus,187.3,22.47,23.52,12.17,3.73,3.32,0.19,0.0,0.0,0.0,0.32
2022-08-07,Primo dose efficace,313.16,20.88,30.74,7.52,2.88,2.37,0.62,0.13,3.33,3.25,1.07
2022-08-07,Complet - avec 2 rappels de moins de 3 mois,1411.35,155.88,106.64,25.07,25.58,20.25,2.83,2.48,1.4,1.25,6.94
2022-08-08,Complet - avec 1 rappel entre 3 mois et 6 mois,4906.72,1135.23,1024.47,641.45,30.11,24.81,1.89,1.58,4.6,4.42,6.03
2022-08-09,Complet de 6 mois ou plus - sans rappel,14872.34,2508.48,1848.75,1006.17,73.02,56.68,7.42,6.6,7.56,5.43,21.92
2022-08-09,Complet - avec 3 rappels de moins de 3 mois,46.03,5.0,1.06,0.54,0.01,0.0,0.01,0.01,0.0,0.0,0.04
2022-08-10,Complet - avec 1 rappel de moins de 3 mois,1117.08,147.79,102.77,38.92,7.4,3.74,0.44,0.33,1.24,0.02,1.29
2022-08-11,Complet entre 3 mois et 6 mois - sans rappel,445.6,86.56,75.34,32.78,3.0,1.25,0.31,0.04,0.05,0.02,0.77
2022-08-11,Complet - avec 3 rappels entre 3 et 6 mois ou plus,8.73,0.16,1.1,0.03,0.02,0.0,0.08,0.0,0.0,0.0,0.0
2022-08-12,Non-vaccinés,10740.71,1985.75,1511.08,816.43,95.86,75.64,14.0,9.63,9.99,2.5,
2022-08-12,Complet - avec 1 rappel de 6 mois ou plus,26403.56,7262.3,6339.54,3835.32,222.39,184.95,25.88,21.92,29.23,22.36,59.69
2022-08-12,Complet - avec 2 rappels de moins de 3 mois,3523.76,719.36,571.25,283.97,49.31,42.6,2.27,2.16,2.39,2.3,7.03
2022-08-13,Primo dose efficace,590.47,70.6,55.36,22.11,3.59,2.35,1.01,1.01,2.68,2.2,1.07
2022-08-13,Complet de moins de 3 mois - sans rappel,211.27,15.92,15.66,7.21,1.17,0.0,0.01,0.01,0.0,0.0,0.21
2022-08-15,Complet entre 3 mois et 6 mois - sans rappel,171.4,15.13,17.16,5.18,1.56,1.14,0.04,0.0,1.02,1.0,0.66
2022-08-16,Complet de 6 mois ou plus - sans rappel,17012.11,3125.59,2451.27,1413.29,67.26,56.63,5.22,4.74,6.15,5.37,22.11
2022-08-17,Complet - avec 2 rappels de moins de 3 mois,4983.01,782.11,637.43,315.33,40.7,33.65,4.83,3.83,3.01,2.0,7.04
2022-08-18,Complet - avec 1 rappel entre 3 mois et 6 mois,1592.11,345.38,251.72,144.52,8.58,6.07,0.25,0.25,0.0,0.0,3.19
2022-08-18,Complet - avec 3 rappels de moins de 3 mois,33.07,6.6,4.52,2.21,1.0,1.0,0.25,0.0,0.0,0.0,0.05
2022-08-18,Complet - avec 3 rappels entre 3 et 6 mois ou plus,13.98,0.08,1.08,0.01,0.0,0.0,0.0,0.0,0.0,0.0,0.01
2022-08-19,Complet entre 3 mois et 6 mois - sans rappel,291.16,48.52,42.52,20.68,2.24,2.2,0.61,0.61,0.0,0.0,0.55
2022-08-19,Complet - avec 1 rappel de 6 mois ou plus,28965.18,7173.8,5816.82,3547.1,205.17,164.12,22.78,17.93,26.47,18.43,61.2
2022-08-21,Complet - avec 1 rappel de moins de 3 mois,246.07,23.34,11.22,2.49,1.99,1.83,0.02,0.02,1.08,1.0,1.18
2022-08-21,Complet - avec 3 rappels de moins de 3 mois,15.68,0.13,0.1,0.02,0.0,0.0,0.0,0.0,0.0,0.0,0.05
2022-08-22,Complet entre 3 mois et 6 mois - sans rappel,385.27,63.91,59.54,32.23,0.29,0.29,0.1,0.05,0.0,0.0,0.5
2022-08-23,Primo dose efficace,701.57,103.95,72.02,37.79,6.56,4.23,0.0,0.0,1.07,1.0,1.07
2022-08-23,Complet - avec 2 rappels entre 3 mois et 6 mois,3382.36,400.46,345.8,130.33,28.15,21.57,4.6,3.0,3.04,2.2,3.15
2022-08-25,Complet - avec 1 rappel entre 3 mois et 6 mois,1199.69,235.47,167.86,86.72,7.11,6.11,0.44,0.29,1.29,1.05,2.35
2022-08-26,Complet - avec 2 rappels de moins de 3 mois,4577.49,691.01,509.76,248.81,20.39,13.7,1.88,1.46,0.19,0.0,6.97
2022-08-27,Complet - avec 2 rappels entre 3 mois et 6 mois,2618.34,239.69,212.23,75.07,18.45,14.34,4.7,4.35,6.49,5.78,3.27
2022-08-28,Complet - avec 1 rappel entre 3 mois et 6 mois,421.68,40.79,30.24,7.73,5.17,4.2,0.63,0.45,1.04,1.0,2.04
2022-08-30,Complet - avec 3 rappels de moins de 3 mois,62.88,5.82,3.08,0.37,0.0,0.0,0.1,0.1,0.0,0.0,0.06
2022-08-31,Primo dose efficace,642.11,84.79,52.35,24.46,2.88,2.47,0.25,0.25,1.16,1.16,1.06
2022-09-01,Primo dose efficace,515.38,81.48,60.59,30.43,4.95,4.77,1.21,1.2,0.0,0.0,1.06
2022-09-01,Complet - avec 2 rappels de 6 mois ou plus,273.35,49.77,30.96,17.81,1.58,1.36,0.2,0.0,0.0,0.0,0.52
2022-09-02,Primo dose efficace,546.37,91.64,49.96,26.3,2.09,1.57,1.0,1.0,0.14,0.0,1.06
2022-09-02,Complet - avec 1 rappel de 6 mois ou plus,31259.8,6189.23,4558.64,2734.97,133.31,103.16,15.46,12.0,17.96,15.63,62.18
2022-09-02,Complet - avec 2 rappels de moins de 3 mois,5072.91,668.67,427.29,219.41,18.04,13.84,2.51,1.28,0.62,0.44,6.92
2022-09-02,Complet - avec 2 rappels de 6 mois ou plus,335.04,45.94,31.19,13.51,6.78,5.56,0.0,0.0,0.0,0.0,0.53
2022-09-04,Complet de 6 mois ou plus - sans rappel,3361.2,348.26,198.07,82.41,16.56,10.8,6.69,5.35,4.34,4.02,22.39
2022-09-04,Complet - avec 2 rappels de 6 mois ou plus,96.6,5.33,4.29,2.45,1.45,1.14,0.0,0.0,0.14,0.0,0.55
2022-09-05,Primo dose efficace,876.19,112.51,86.15,48.83,2.68,1.36,0.17,0.0,0.19,0.06,1.06
2022-09-05,Complet - avec 1 rappel de moins de 3 mois,1139.67,106.44,61.47,27.85,2.02,1.64,0.69,0.0,0.03,0.02,1.05
2022-09-08,Primo dose récente,7.7,2.05,1.12,1.04,0.0,0.0,0.0,0.0,0.0,0.0,0.01
2022-09-08,Complet entre 3 mois et 6 mois - sans rappel,173.45,30.73,29.84,13.0,2.1,2.1,0.0,0.0,0.0,0.0,0.3
2022-09-08,Complet - avec 2 rappels de moins de 3 mois,3445.32,534.53,403.35,217.05,23.32,19.81,1.21,1.16,1.11,1.0,6.87
2022-09-08,Complet - avec 3 rappels de moins de 3 mois,43.21,3.16,0.63,0.47,0.0,0.0,0.0,0.0,0.0,0.0,0.06
2022-09-09,Non-vaccinés,9743.22,2819.7,1897.76,1231.05,38.11,29.68,1.12,0.98,3.91,3.0,
2022-09-09,Complet - avec 2 rappels de moins de 3 mois,4800.04,543.06,388.7,185.32,27.68,21.94,4.22,3.22,0.09,0.0,6.84
2022-09-10,Complet - avec 1 rappel entre 3 mois et 6 mois,1095.64,102.19,78.57,35.66,4.55,4.02,0.19,0.0,1.27,0.25,1.62
2022-09-11,Primo dose efficace,215.87,12.81,12.44,4.22,2.19,2.17,0.0,0.0,0.12,0.0,1.06
2022-09-12,Primo dose récente,18.85,1.06,1.06,1.0,0.02,0.0,0.0,0.0,0.0,0.0,0.01
2022-09-12,Complet - avec 3 rappels de moins de 3 mois,99.36,3.95,6.02,1.52,0.0,0.0,0.07,0.05,0.0,0.0,0.06
2022-09-13,Complet de moins de 3 mois - sans rappel,176.23,23.54,18.35,6.71,0.1,0.01,0.0,0.0,0.01,0.01,0.17
2022-09-13,Complet - avec 1 rappel de moins de 3 mois,916.77,137.64,67.2,30.63,1.31,1.18,0.07,0.03,0.02,0.02,0.99
2022-09-14,Complet - avec 1 rappel de 6 mois ou plus,45533.93,11642.47,8241.97,5498.21,173.41,141.03,22.57,18.39,11.22,10.22,62.17
2022-09-15,Non-vaccinés,11836.28,4302.91,2527.25,1623.03,57.8,45.91,6.28,5.45,3.21,3.21,
2022-09-15,Complet - avec 3 rappels entre 3 et 6 mois ou plus,13.63,0.26,1.08,0.06,0.0,0.0,0.08,0.0,0.0,0.0,0.01
2022-09-16,Complet - avec 1 rappel de moins de 3 mois,742.73,140.23,66.55,38.28,4.35,4.17,0.18,0.0,0.01,0.0,0.95
2022-09-17,Complet - avec 1 rappel de moins de 3 mois,677.11,87.68,41.32,21.13,1.42,1.31,0.04,0.01,0.0,0.0,0.94
2022-09-18,Complet de moins de 3 mois - sans rappel,45.69,5.77,2.63,2.11,0.04,0.04,0.0,0.0,0.01,0.0,0.16
2022-09-18,Complet - avec 2 rappels de moins de 3 mois,1520.65,116.73,83.15,21.36,12.88,9.97,2.74,2.29,1.11,1.0,6.64
2022-09-19,Non-vaccinés,19046.58,6340.62,3923.66,2573.35,81.98,64.21,10.76,7.59,4.33,3.72,
2022-09-20,Complet de moins de 3 mois - sans rappel,180.73,30.51,16.6,5.88,0.0,0.0,0.0,0.0,0.0,0.0,0.15
2022-09-20,Complet - avec 2 rappels de moins de 3 mois,7123.6,996.7,793.44,433.37,50.05,41.76,4.93,3.5,0.38,0.34,6.62
2022-09-21,Complet - avec 1 rappel entre 3 mois et 6 mois,1287.18,302.54,170.46,98.6,4.33,3.31,0.52,0.27,0.02,0.02,1.52
2022-09-21,Complet - avec 2 rappels de moins de 3 mois,6184.09,973.93,757.91,440.34,29.25,23.91,4.12,3.51,5.28,4.05,6.57
2022-09-21,Complet - avec 2 rappels de 6 mois ou plus,774.84,138.13,109.66,60.87,10.63,8.58,1.54,1.23,1.38,1.0,0.81
2022-09-22,Primo dose récente,10.86,2.04,3.16,2.01,0.06,0.06,0.08,0.0,0.0,0.0,0.01
2022-09-23,Complet - avec 2 rappels de moins de 3 mois,5693.21,1137.39,826.14,486.04,41.2,31.8,4.81,4.58,2.09,1.09,6.46
2022-09-24,Complet - avec 1 rappel de 6 mois ou plus,43021.74,9278.45,7384.9,4732.75,206.64,156.37,27.98,22.38,18.07,17.37,62.05
2022-09-24,Complet - avec 2 rappels de moins de 3 mois,6330.14,688.56,588.99,303.57,30.25,24.53,1.16,0.61,0.77,0.77,6.38
2022-09-24,Complet - avec 3 rappels de moins de 3 mois,78.64,4.63,4.61,2.32,1.04,1.0,0.0,0.0,0.0,0.0,0.07
2022-09-25,Complet de 6 mois ou plus - sans rappel,3607.8,619.0,419.8,195.18,39.23,30.26,6.32,4.74,4.05,1.09,22.42
2022-09-26,Non-vaccinés,18756.65,6281.94,3771.32,2443.46,105.24,83.2,13.19,12.06,5.94,4.63,
2022-09-26,Complet - avec 3 rappels de moins de 3 mois,136.12,21.49,20.95,11.28,0.0,0.0,0.06,0.01,0.0,0.0,0.07
2022-09-27,Primo dose récente,13.1,3.13,4.32,1.11,2.04,2.03,0.01,0.01,0.0,0.0,0.01
2022-09-28,Primo dose récente,13.0,1.12,0.37,0.11,0.12,0.03,0.0,0.0,0.0,0.0,0.01
2022-09-28,Complet - avec 2 rappels entre 3 mois et 6 mois,6021.81,1183.71,1238.41,622.03,83.73,66.16,3.81,1.16,4.59,4.07,4.5
2022-09-29,Complet - avec 2 rappels de 6 mois ou plus,1053.07,269.84,248.91,125.29,24.11,19.53,2.4,2.12,0.58,0.14,1.11
2022-09-30,Complet de 6 mois ou plus - sans rappel,14095.16,4553.83,2603.52,1687.94,66.65,51.94,6.43,4.42,1.34,1.14,22.42
2022-10-01,Complet de 6 mois ou plus - sans rappel,12356.64,2676.82,1837.28,1087.31,54.95,40.01,6.77,6.54,2.65,1.12,22.42
2022-10-01,Complet - avec 2 rappels de moins de 3 mois,6129.95,806.03,726.34,384.47,42.6,34.58,6.55,5.23,2.28,2.0,5.73
2022-10-02,Primo dose récente,2.21,0.01,0.1,0.01,0.0,0.0,0.0,0.0,0.0,0.0,0.01
2022-10-02,Complet - avec 1 rappel de 6 mois ou plus,11657.92,2172.1,2185.29,1059.11,264.11,207.65,36.12,32.11,12.93,11.0,61.98
2022-10-02,Complet - avec 2 rappels de 6 mois ou plus,414.56,49.48,58.65,17.12,22.31,17.41,0.42,0.26,0.0,0.0,1.24
2022-10-04,Non-vaccinés,14587.76,4837.36,2782.45,1707.61,124.07,93.12,10.13,7.87,8.06,6.46,
2022-10-04,Complet de moins de 3 mois - sans rappel,159.4,34.14,17.97,9.1,1.12,1.05,0.0,0.0,1.0,1.0,0.13
2022-10-04,Complet - avec 1 rappel entre 3 mois et 6 mois,1609.36,388.87,258.27,145.73,18.18,13.63,1.48,1.43,0.32,0.28,1.48
2022-10-05,Complet de 6 mois ou plus - sans rappel,17457.41,5930.4,3603.24,2319.67,105.74,88.81,12.61,11.62,3.19,2.87,22.42
2022-10-06,Primo dose récente,13.06,0.19,2.41,0.16,0.0,0.0,0.0,0.0,0.0,0.0,0.01
2022-10-06,Complet - avec 1 rappel de 6 mois ou plus,49927.7,21622.37,16733.93,11611.64,406.5,327.9,23.54,19.69,17.7,11.85,61.94
2022-10-07,Complet de 6 mois ou plus - sans rappel,13983.06,4866.88,3008.05,1908.54,82.38,63.33,6.34,4.18,7.03,4.0,22.42
2022-10-07,Complet - avec 3 rappels entre 3 et 6 mois ou plus,39.39,8.72,15.44,5.51,1.0,1.0,0.0,0.0,0.0,0.0,0.02
2022-10-08,Complet entre 3 mois et 6 mois - sans rappel,171.19,33.79,38.57,21.1,2.29,2.25,0.0,0.0,0.0,0.0,0.24
2022-10-08,Complet - avec 2 rappels de moins de 3 mois,5334.13,764.15,762.92,398.14,40.94,31.86,6.26,5.25,0.43,0.25,4.74
2022-10-10,Primo dose récente,20.68,0.09,5.34,0.08,0.03,0.03,0.0,0.0,0.0,0.0,0.01
2022-10-10,Complet - avec 2 rappels de moins de 3 mois,9413.06,1827.57,1826.19,978.34,82.3,69.52,7.61,7.34,2.48,2.24,4.67
2022-10-12,Complet - avec 3 rappels de moins de 3 mois,112.31,22.41,23.17,11.38,1.45,0.25,0.0,0.0,0.0,0.0,0.08
2022-10-13,Non-vaccinés,12657.11,4726.79,2446.63,1532.43,124.47,94.97,15.58,12.66,13.94,9.57,
2022-10-13,Complet - avec 3 rappels de moins de 3 mois,70.16,26.57,22.57,15.31,1.61,1.2,0.0,0.0,0.0,0.0,0.08
2022-10-14,Primo dose récente,10.51,1.08,0.27,0.07,0.03,0.03,0.0,0.0,0.0,0.0,0.01
2022-10-15,Complet entre 3 mois et 6 mois - sans rappel,183.63,43.91,29.73,15.24,4.24,4.12,0.21,0.12,1.0,1.0,0.23
2022-10-15,Complet de 6 mois ou plus - sans rappel,12816.03,2831.92,2018.62,1168.85,59.83,47.62,11.73,10.1,9.22,8.09,22.41
2022-10-15,Complet - avec 1 rappel de moins de 3 mois,523.15,71.8,50.84,20.0,5.64,4.59,0.04,0.0,0.11,0.09,0.54
2022-10-16,Complet de moins de 3 mois - sans rappel,36.62,8.31,8.45,6.06,1.2,1.0,0.0,0.0,0.0,0.0,0.11
2022-10-16,Complet entre 3 mois et 6 mois - sans rappel,56.75,7.86,5.17,2.4,0.52,0.21,0.0,0.0,0.22,0.17,0.23
2022-10-16,Complet - avec 1 rappel de moins de 3 mois,147.7,14.29,10.53,6.2,4.89,4.48,1.0,1.0,0.04,0.0,0.54
2022-10-16,Complet - avec 3 rappels de moins de 3 mois,25.51,1.39,1.41,0.12,2.65,1.06,0.01,0.01,0.0,0.0,0.09
2022-10-17,Primo dose récente,17.42,1.1,1.43,1.06,0.0,0.0,0.0,0.0,0.0,0.0,0.01
2022-10-17,Complet - avec 3 rappels entre 3 et 6 mois ou plus,82.43,19.16,18.75,10.35,1.62,1.47,0.0,0.0,0.05,0.0,0.03
2022-10-20,Complet de moins de 3 mois - sans rappel,105.11,22.65,9.91,6.6,1.12,1.1,0.0,0.0,0.0,0.0,0.1
2022-10-20,Complet entre 3 mois et 6 mois - sans rappel,217.22,60.06,30.18,17.63,1.4,1.28,0.0,0.0,0.0,0.0,0.23
2022-10-20,Complet - avec 2 rappels entre 3 mois et 6 mois,7028.64,2062.12,2049.38,1141.51,113.27,86.27,11.64,10.61,13.11,9.2,6.65
2022-10-21,Complet - avec 1 rappel entre 3 mois et 6 mois,1185.28,303.85,212.49,111.25,10.85,8.02,0.0,0.0,1.28,1.0,1.48
2022-10-23,Primo dose récente,4.52,0.03,0.08,0.03,0.0,0.0,0.0,0.0,0.0,0.0,0.01
2022-10-23,Complet de 6 mois ou plus - sans rappel,3546.52,503.74,392.78,159.14,47.9,36.18,4.22,2.78,3.88,3.2,22.4
2022-10-24,Complet - avec 2 rappels de moins de 3 mois,5613.67,1016.28,917.46,505.08,42.61,35.45,1.66,1.52,4.0,3.47,3.51
2022-10-25,Complet de moins de 3 mois - sans rappel,123.15,15.91,13.91,6.8,1.03,0.0,0.0,0.0,0.1,0.0,0.1
2022-10-26,Complet - avec 3 rappels entre 3 et 6 mois ou plus,53.31,14.53,8.86,6.63,0.1,0.06,1.0,1.0,0.15,0.0,0.04
2022-10-30,Complet - avec 3 rappels de moins de 3 mois,38.99,10.04,4.95,3.26,3.09,2.02,0.01,0.0,0.0,0.0,0.22
2022-11-01,Complet - avec 2 rappels de moins de 3 mois,635.05,79.28,52.94,16.27,13.15,10.71,3.52,3.38,0.08,0.08,3.28
2022-11-12,Primo dose efficace,545.43,68.22,40.22,20.36,4.94,3.74,0.06,0.0,0.25,0.25,1.05
2022-11-12,Complet - avec 1 rappel de moins de 3 mois,368.54,39.17,17.28,6.61,3.34,2.0,0.1,0.0,0.0,0.0,0.37
2022-11-12,Complet - avec 1 rappel de 6 mois ou plus,47014.12,7254.24,6608.25,3922.46,188.01,145.78,23.84,15.38,23.74,19.36,60.87
2022-11-14,Primo dose efficace,526.64,69.69,43.72,19.83,5.94,3.49,0.0,0.0,0.0,0.0,1.05
2022-11-17,Complet - avec 1 rappel de moins de 3 mois,311.25,55.0,41.76,17.79,2.77,1.1,0.07,0.0,0.02,0.0,0.37
2022-11-18,Complet - avec 1 rappel de moins de 3 mois,296.98,66.59,35.97,18.25,2.51,1.26,0.0,0.0,0.04,0.0,0.37
2022-11-20,Complet de 6 mois ou plus - sans rappel,2770.0,433.38,375.21,149.41,40.82,35.35,4.06,3.34,3.0,2.4,22.37
2022-11-21,Primo dose récente,15.66,0.17,0.18,0.02,0.0,0.0,0.0,0.0,0.0,0.0,0.01
2022-11-22,Primo dose récente,11.49,0.02,0.14,0.01,0.0,0.0,0.0,0.0,0.0,0.0,0.01
2022-11-23,Complet - avec 1 rappel de moins de 3 mois,398.07,73.74,39.16,10.89,1.67,1.42,0.0,0.0,1.12,1.12,0.36
2022-11-23,Complet - avec 2 rappels de moins de 3 mois,3578.66,613.66,392.19,203.68,22.99,18.96,4.12,3.0,2.41,2.0,3.38
2022-11-23,Complet - avec 3 rappels de moins de 3 mois,645.56,112.68,94.38,50.93,5.27,5.08,0.05,0.0,0.0,0.0,0.57
2022-11-24,Complet - avec 2 rappels entre 3 mois et 6 mois,5238.72,1509.29,1425.67,803.77,105.83,82.34,14.68,10.77,9.64,7.18,7.03
2022-11-25,Non-vaccinés,10487.19,4277.82,2008.4,1269.32,122.31,93.95,12.46,8.51,11.9,9.95,
2022-11-26,Complet - avec 1 rappel de moins de 3 mois,327.08,49.99,22.44,13.99,2.58,2.13,0.0,0.0,0.13,0.0,0.36
2022-11-27,Primo dose récente,2.21,0.03,0.11,0.0,0.0,0.0,0.0,0.0,0.0,0.0,0.01
2022-11-27,Complet entre 3 mois et 6 mois - sans rappel,37.99,6.73,8.27,3.26,4.36,3.13,0.0,0.0,0.0,0.0,0.18
2022-11-28,Primo dose récente,12.78,4.19,0.17,0.02,0.0,0.0,0.0,0.0,0.0,0.0,0.01
2022-11-30,Primo dose efficace,820.85,249.3,144.77,90.2,11.62,10.27,0.0,0.0,0.14,0.1,1.04
2022-11-30,Complet - avec 3 rappels entre 3 et 6 mois ou plus,115.67,29.14,33.38,12.29,1.34,1.3,0.21,0.17,1.21,0.0,0.07
2022-12-01,Primo dose récente,9.07,1.12,0.07,0.0,0.0,0.0,0.0,0.0,0.0,0.0,0.01
2022-12-02,Complet de moins de 3 mois - sans rappel,65.4,8.66,14.0,2.34,1.19,1.12,0.0,0.0,0.0,0.0,0.08
2022-12-02,Complet entre 3 mois et 6 mois - sans rappel,83.2,17.56,11.93,2.75,3.58,3.12,0.0,0.0,0.0,0.0,0.17
2022-12-03,Primo dose récente,7.17,1.09,0.06,0.0,0.0,0.0,0.0,0.0,0.0,0.0,0.01
2022-12-03,Complet - avec 2 rappels de 6 mois ou plus,2771.48,323.62,436.81,142.75,78.39,57.36,2.75,2.2,4.27,2.79,3.38
2022-12-07,Primo dose efficace,758.24,238.61,147.05,87.74,12.53,6.78,1.0,1.0,0.0,0.0,1.04
2022-12-07,Complet - avec 3 rappels de moins de 3 mois,1277.26,281.25,233.03,103.34,18.92,15.72,0.21,0.02,1.43,1.08,0.86
2022-12-09,Complet - avec 2 rappels de moins de 3 mois,3995.6,1024.85,629.96,325.58,45.24,31.78,2.34,2.28,1.63,1.3,3.73
2023-02-16,Complet - avec 3 rappels entre 3 et 6 mois ou plus,,,,,6.81,,0.0,,0.2,,0.65
2023-02-17,Primo dose efficace,320.2,53.43,12.41,4.53,2.0,0.44,0.0,0.0,0.03,0.03,1.03
2023-02-18,Complet de moins de 3 mois - sans rappel,38.69,2.4,1.22,0.0,0.0,0.0,0.2,0.2,0.0,0.0,0.07
2023-02-19,Complet - avec 3 rappels entre 3 et 6 mois ou plus,208.76,30.04,10.99,4.57,4.04,3.58,1.09,1.09,0.0,0.0,0.72
2023-02-20,Primo dose efficace,447.68,56.8,20.58,5.39,3.7,3.22,0.0,0.0,0.0,0.0,1.03
2023-02-20,Complet - avec 2 rappels entre 3 mois et 6 mois,3635.29,307.25,144.02,59.55,10.88,7.76,0.3,0.25,0.2,0.2,3.65
2023-02-21,Primo dose efficace,387.97,46.78,15.68,3.64,0.38,0.04,0.0,0.0,1.0,1.0,1.03
2023-02-22,Complet entre 3 mois et 6 mois - sans rappel,40.34,5.3,2.07,1.0,0.16,0.0,0.0,0.0,0.0,0.0,0.08
2023-02-22,Complet - avec 1 rappel de moins de 3 mois,218.89,21.63,4.84,1.13,0.41,0.1,0.01,0.0,0.0,0.0,0.34
2023-02-25,Complet - avec 2 rappels de moins de 3 mois,2532.65,146.16,39.19,13.42,3.78,2.35,0.03,0.03,0.25,0.25,4.33
2023-02-26,Complet entre 3 mois et 6 mois - sans rappel,9.67,2.1,3.05,2.0,0.04,0.0,0.0,0.0,0.0,0.0,0.08
2023-02-26,Complet de 6 mois ou plus - sans rappel,1610.5,155.03,68.14,12.43,15.3,12.08,1.37,1.37,3.82,2.33,22.22
2023-02-26,Complet - avec 2 rappels de moins de 3 mois,588.08,67.08,12.6,3.55,4.46,4.26,0.0,0.0,1.27,1.07,4.32
2023-02-28,Complet - avec 2 rappels de moins de 3 mois,2642.45,185.75,83.28,25.55,6.66,6.36,3.52,2.21,0.0,0.0,4.27
2023-02-28,Complet - avec 3 rappels entre 3 et 6 mois ou plus,830.59,72.04,64.75,17.5,8.32,5.07,0.27,0.24,0.18,0.0,0.89
2023-03-01,Complet de moins de 3 mois - sans rappel,42.52,5.67,4.3,0.16,0.0,0.0,0.03,0.0,0.0,0.0,0.06
2023-03-01,Complet entre 3 mois et 6 mois - sans rappel,42.1,6.03,4.34,1.0,0.25,0.22,0.12,0.12,0.0,0.0,0.08
2023-03-01,Complet - avec 3 rappels de moins de 3 mois,1808.21,151.61,86.02,32.97,13.89,10.75,0.02,0.0,0.0,0.0,2.93
2023-03-01,Complet - avec 3 rappels entre 3 et 6 mois ou plus,723.69,71.53,53.88,15.74,9.48,6.65,0.22,0.2,2.31,1.17,0.93
2023-03-02,Complet - avec 1 rappel entre 3 mois et 6 mois,115.75,16.73,6.99,2.1,1.14,1.04,1.01,0.01,0.0,0.0,0.38
2023-03-02,Complet - avec 2 rappels de moins de 3 mois,986.56,131.29,52.8,19.57,7.96,5.54,0.11,0.08,0.0,0.0,4.13
2023-03-03,Primo dose récente,4.24,0.0,0.0,0.0,0.0,0.0,0.0,0.0,0.0,0.0,0.0
2023-03-03,Complet de 6 mois ou plus - sans rappel,4345.15,624.74,266.53,127.64,35.02,26.62,1.91,1.32,0.06,0.0,22.22
2023-03-04,Complet - avec 1 rappel de 6 mois ou plus,18651.35,1126.21,697.76,261.16,57.26,41.09,8.41,5.4,5.43,4.75,56.84
2023-03-05,Primo dose efficace,111.93,10.51,5.6,1.16,1.31,1.19,0.09,0.01,0.01,0.0,1.03
2023-03-05,Complet - avec 2 rappels entre 3 mois et 6 mois,645.54,74.2,33.99,6.4,5.35,4.58,1.09,0.09,0.06,0.0,4.01
2023-03-07,Complet - avec 1 rappel de 6 mois ou plus,21256.59,2452.25,1480.82,695.73,125.44,90.4,12.45,8.51,8.35,6.0,56.84
2023-03-07,Complet - avec 2 rappels entre 3 mois et 6 mois,2702.64,226.05,133.96,52.2,16.57,11.99,1.29,1.29,2.05,1.0,4.07
2023-03-08,Primo dose efficace,297.71,40.17,20.44,8.79,1.13,0.34,0.02,0.02,0.06,0.0,1.03
2023-03-09,Complet - avec 3 rappels entre 3 et 6 mois ou plus,620.53,101.27,75.39,28.63,17.79,9.37,1.13,1.0,1.47,1.0,1.24
2023-03-22,Complet de moins de 3 mois - sans rappel,22.35,4.21,2.31,0.08,0.0,0.0,0.0,0.0,0.0,0.0,0.05
2023-03-23,Primo dose efficace,182.52,41.41,17.91,5.51,2.9,1.65,0.0,0.0,0.0,0.0,1.03
2023-03-23,Complet - avec 3 rappels entre 3 et 6 mois ou plus,913.95,190.99,143.49,65.7,22.67,15.71,0.01,0.01,3.2,3.2,2.11
2023-03-24,Primo dose récente,1.28,0.0,0.03,0.0,0.0,0.0,0.0,0.0,0.0,0.0,0.0
2023-03-24,Complet de moins de 3 mois - sans rappel,22.2,8.04,2.39,0.05,1.07,1.0,0.0,0.0,0.0,0.0,0.05
2023-03-24,Complet - avec 2 rappels entre 3 mois et 6 mois,2177.07,344.72,252.05,102.44,27.61,22.89,1.75,1.45,5.32,5.07,5.6
2023-03-24,Complet - avec 2 rappels de 6 mois ou plus,3434.25,551.25,444.81,192.97,63.15,44.6,5.76,5.09,4.53,4.35,7.74
2023-03-25,Complet - avec 1 rappel de moins de 3 mois,71.62,7.3,3.04,1.3,1.18,1.18,0.01,0.01,0.02,0.02,0.18
2023-03-26,Complet de moins de 3 mois - sans rappel,3.45,1.62,0.22,0.03,0.0,0.0,0.01,0.0,0.0,0.0,0.05
2023-03-26,Complet - avec 1 rappel de 6 mois ou plus,3482.2,503.79,358.97,112.49,79.92,61.42,9.77,5.92,7.79,4.63,56.87
2023-03-26,Complet - avec 2 rappels entre 3 mois et 6 mois,647.95,74.58,57.9,8.25,13.69,10.81,3.24,3.08,0.36,0.08,5.59
2023-03-27,Complet - avec 1 rappel de moins de 3 mois,117.81,15.33,13.04,4.38,1.78,0.0,0.0,0.0,0.0,0.0,0.18
2023-03-27,Complet - avec 2 rappels entre 3 mois et 6 mois,3905.65,441.96,352.47,163.19,29.98,18.37,2.42,2.25,0.5,0.0,5.59
2023-04-16,Complet de 6 mois ou plus - sans rappel,868.41,126.27,104.19,25.81,16.01,10.39,0.4,0.4,2.89,2.75,22.24
2023-04-17,Complet - avec 2 rappels entre 3 mois et 6 mois,2869.65,493.71,362.25,174.2,34.7,28.41,3.59,3.5,0.4,0.14,5.79
2023-04-18,Primo dose récente,0.1,0.0,0.0,0.0,0.0,0.0,0.0,0.0,0.0,0.0,0.0
2023-04-18,Complet entre 3 mois et 6 mois - sans rappel,40.19,4.59,6.48,0.12,0.0,0.0,0.0,0.0,0.04,0.02,0.07
2023-04-18,Complet - avec 1 rappel de 6 mois ou plus,12577.51,2941.86,1892.48,1069.65,131.51,94.9,21.23,15.05,10.24,8.77,56.93
2023-04-18,Complet - avec 3 rappels entre 3 et 6 mois ou plus,1591.26,292.77,258.04,103.71,29.22,20.32,4.57,4.34,1.8,1.25,2.99
2023-04-19,Non-vaccinés,3696.51,694.68,339.5,142.94,51.02,36.71,7.73,6.73,3.62,2.79,
2023-04-19,Primo dose efficace,191.35,30.44,20.02,9.05,1.91,1.75,0.17,0.17,1.0,1.0,1.03
2023-04-19,Complet entre 3 mois et 6 mois - sans rappel,31.69,3.61,2.58,0.06,1.0,0.0,0.0,0.0,0.0,0.0,0.07
2023-04-19,Complet - avec 2 rappels de moins de 3 mois,254.71,55.08,28.31,15.23,2.53,1.18,0.0,0.0,1.0,1.0,0.7
2023-04-19,Complet - avec 2 rappels de 6 mois ou plus,3312.8,690.96,516.88,249.59,84.42,56.27,1.82,1.37,9.36,7.64,8.59
2023-04-19,Complet - avec 3 rappels entre 3 et 6 mois ou plus,1414.38,326.1,267.42,132.18,32.28,24.27,0.87,0.22,1.65,1.65,3.05
2023-04-20,Complet de moins de 3 mois - sans rappel,11.18,3.17,4.27,2.0,0.0,0.0,0.0,0.0,0.02,0.01,0.04
2023-04-20,Complet entre 3 mois et 6 mois - sans rappel,29.36,6.4,5.38,3.08,0.0,0.0,0.0,0.0,0.0,0.0,0.07
2023-04-20,Complet - avec 2 rappels de moins de 3 mois,198.5,46.31,19.39,9.52,1.14,1.14,0.0,0.0,0.02,0.01,0.67
2023-04-21,Complet de moins de 3 mois - sans rappel,12.15,3.22,0.1,0.0,0.2,0.2,0.0,0.0,0.0,0.0,0.04
2023-04-22,Complet de 6 mois ou plus - sans rappel,2749.33,368.7,228.83,105.05,17.46,11.97,2.47,2.0,2.18,1.06,22.25
2023-04-23,Complet de 6 mois ou plus - sans rappel,867.97,132.25,92.25,31.71,21.46,17.98,1.85,0.63,3.48,3.2,22.25
2023-04-24,Complet de 6 mois ou plus - sans rappel,4538.17,860.28,494.34,262.25,25.41,19.64,4.36,4.36,2.15,2.0,22.25
2023-05-02,Complet de 6 mois ou plus - sans rappel,4028.99,795.11,455.28,270.76,19.32,13.84,3.01,0.67,2.9,1.51,22.25
2023-05-03,Primo dose récente,0.13,0.0,0.0,0.0,0.0,0.0,0.0,0.0,0.0,0.0,0.0
2023-05-03,Complet - avec 2 rappels entre 3 mois et 6 mois,1478.0,318.19,184.58,86.31,27.88,21.84,3.47,2.42,2.5,2.0,5.36
2023-05-03,Complet - avec 2 rappels de 6 mois ou plus,3217.74,658.98,430.94,200.95,46.37,30.54,5.75,1.66,6.46,4.46,9.25
2023-05-03,Complet - avec 3 rappels entre 3 et 6 mois ou plus,1348.78,273.41,182.49,89.74,21.47,12.1,3.16,2.51,1.29,1.29,3.49
2023-05-04,Non-vaccinés,2292.07,612.18,251.99,118.48,39.19,25.37,0.07,0.0,4.52,2.0,
2023-05-04,Complet - avec 1 rappel entre 3 mois et 6 mois,103.74,28.81,15.34,10.04,2.47,1.17,0.0,0.0,0.06,0.0,0.39
2023-05-05,Non-vaccinés,1804.39,522.07,227.91,100.89,26.63,18.13,1.53,0.68,2.4,2.0,
2023-05-05,Complet - avec 1 rappel de moins de 3 mois,14.2,1.69,0.29,0.11,1.0,0.0,0.01,0.01,0.0,0.0,0.08
2023-05-06,Complet de 6 mois ou plus - sans rappel,2093.31,278.82,147.9,69.7,16.82,13.31,1.18,1.08,1.07,1.0,22.26
2023-05-06,Complet - avec 1 rappel de 6 mois ou plus,7550.55,1067.49,638.12,314.55,49.74,36.11,7.69,7.59,9.85,6.33,56.99
2023-05-07,Non-vaccinés,836.64,185.47,76.55,21.77,10.0,6.37,3.18,2.5,3.18,1.4,
2023-05-07,Complet - avec 2 rappels de 6 mois ou plus,829.16,202.5,91.6,30.39,26.71,19.92,3.81,3.65,5.42,3.61,9.46
2023-05-08,Primo dose efficace,60.08,8.42,6.43,1.12,0.36,0.2,0.24,0.04,1.0,1.0,1.03
2023-05-08,Complet - avec 1 rappel de moins de 3 mois,11.07,3.09,3.09,1.0,0.0,0.0,0.0,0.0,0.0,0.0,0.08
2023-05-09,Primo dose récente,0.0,0.0,0.0,0.0,0.0,0.0,0.0,0.0,0.0,0.0,0.0
2023-05-09,Complet entre 3 mois et 6 mois - sans rappel,29.49,4.62,3.41,1.35,0.0,0.0,0.62,0.45,0.0,0.0,0.07
2023-05-09,Complet - avec 2 rappels de moins de 3 mois,155.04,17.28,6.27,3.6,0.07,0.0,0.0,0.0,0.0,0.0,0.3
2023-05-10,Complet de 6 mois ou plus - sans rappel,2691.49,563.85,288.79,156.17,15.69,12.96,3.8,2.46,0.33,0.29,22.26
2023-05-10,Complet - avec 1 rappel entre 3 mois et 6 mois,109.63,20.67,7.57,2.39,0.01,0.0,0.01,0.01,0.01,0.0,0.38
2023-05-10,Complet - avec 1 rappel de 6 mois ou plus,8980.01,1838.74,1000.16,551.16,67.11,47.14,10.47,4.59,7.01,5.15,57.01
2023-05-12,Primo dose récente,0.0,0.0,0.0,0.0,0.0,0.0,0.01,0.01,0.0,0.0,0.0
2023-05-12,Primo dose efficace,125.35,24.15,15.54,5.15,2.46,0.15,0.02,0.02,0.0,0.0,1.03
2023-05-12,Complet de moins de 3 mois - sans rappel,4.62,2.13,0.0,0.0,0.0,0.0,0.03,0.03,0.0,0.0,0.03
2023-05-13,Complet de 6 mois ou plus - sans rappel,2051.94,252.71,125.81,66.87,8.57,4.59,2.33,2.21,0.63,0.27,22.26
2023-05-14,Complet - avec 2 rappels entre 3 mois et 6 mois,305.5,42.42,20.34,4.98,5.68,2.66,0.0,0.0,0.29,0.0,4.97
2023-05-15,Complet - avec 2 rappels de 6 mois ou plus,3748.14,572.0,343.72,171.74,28.64,18.42,1.73,0.49,0.3,0.16,9.76
2023-05-16,Primo dose efficace,133.43,28.89,8.42,4.94,5.84,2.31,1.0,0.0,1.0,1.0,1.03
2023-05-16,Complet de moins de 3 mois - sans rappel,1.98,0.93,0.2,0.0,0.02,0.02,0.0,0.0,0.0,0.0,0.02
2023-05-17,Primo dose récente,1.0,0.0,0.0,0.0,0.0,0.0,0.0,0.0,0.0,0.0,0.0
2023-05-17,Complet entre 3 mois et 6 mois - sans rappel,9.29,2.49,0.0,0.0,0.0,0.0,0.0,0.0,0.0,0.0,0.07
2023-05-18,Primo dose récente,0.0,0.0,0.0,0.0,0.0,0.0,0.0,0.0,0.0,0.0,0.0
2023-05-19,Primo dose récente,1.02,0.0,0.0,0.0,0.0,0.0,0.0,0.0,0.0,0.0,0.0
2023-05-24,Complet de moins de 3 mois - sans rappel,5.62,1.27,0.0,0.0,0.04,0.04,0.0,0.0,0.0,0.0,0.02
2023-05-24,Complet - avec 1 rappel de moins de 3 mois,16.79,2.54,1.22,0.1,0.1,0.0,0.04,0.04,0.0,0.0,0.06
2023-05-24,Complet - avec 1 rappel entre 3 mois et 6 mois,94.62,15.34,11.38,6.29,0.07,0.02,0.0,0.0,0.0,0.0,0.34
2023-05-24,Complet - avec 2 rappels de 6 mois ou plus,2590.5,500.77,285.64,137.48,32.06,23.22,2.92,2.92,3.27,2.9,10.21
2023-05-24,Complet - avec 3 rappels de moins de 3 mois,119.67,26.35,7.84,2.71,1.21,0.0,0.11,0.11,0.0,0.0,0.41
2023-05-25,Complet entre 3 mois et 6 mois - sans rappel,11.18,2.16,0.03,0.0,0.12,0.0,0.01,0.01,0.0,0.0,0.06
2023-05-26,Complet - avec 3 rappels de moins de 3 mois,69.84,17.39,12.59,6.16,0.67,0.18,1.0,1.0,0.0,0.0,0.39
2023-05-26,Complet - avec 3 rappels entre 3 et 6 mois ou plus,786.06,224.09,119.09,56.12,13.82,8.9,2.4,1.4,0.66,0.41,3.85
2023-05-27,Complet - avec 3 rappels de moins de 3 mois,81.61,9.43,6.84,1.4,2.63,2.43,0.08,0.08,0.0,0.0,0.38
2021-05-31,Complet de 6 mois ou plus - sans rappel,0.07,0.07,0.07,0.07,0.0,0.0,0.0,0.0,0.0,0.0,0.0
2021-06-01,Primo dose efficace,35014.76,2495.59,344.04,109.18,25.89,20.15,5.49,4.44,5.56,1.85,41.02
2021-06-01,Complet de 6 mois ou plus - sans rappel,0.03,0.0,0.03,0.0,0.0,0.0,0.0,0.0,0.0,0.0,0.0
2021-06-02,Primo dose efficace,36578.94,2354.61,328.18,94.82,30.0,24.31,9.06,4.67,4.67,3.64,41.23
2021-06-10,Primo dose récente,17214.35,898.44,229.42,100.2,15.74,6.92,4.0,2.42,0.4,0.2,16.01
2021-06-11,Complet entre 3 mois et 6 mois - sans rappel,7783.38,330.41,40.51,3.35,6.02,4.57,0.05,0.0,4.28,2.13,7.11
2021-06-12,Non-vaccinés,62486.36,4343.24,1736.54,481.03,137.96,97.86,42.72,36.27,11.88,8.69,
2021-06-21,Primo dose efficace,46435.79,2143.74,223.63,50.2,18.77,14.86,1.03,0.71,2.5,1.62,40.35
2021-06-25,Primo dose récente,12007.75,472.56,86.77,24.75,2.04,1.41,0.31,0.17,0.0,0.0,9.69
2021-06-27,Complet - avec 1 rappel de moins de 3 mois,0.0,0.0,0.0,0.0,0.0,0.0,0.0,0.0,0.0,0.0,0.0
2021-07-01,Complet - avec 1 rappel de moins de 3 mois,0.0,0.0,0.0,0.0,0.0,0.0,0.0,0.0,0.0,0.0,0.0
2021-07-02,Complet de moins de 3 mois - sans rappel,53516.44,1994.42,414.6,119.28,20.08,14.05,4.28,2.14,1.13,1.0,48.91
2021-07-03,Non-vaccinés,71707.76,3137.38,1097.88,346.01,46.22,35.38,13.93,11.79,12.76,10.77,
2021-07-04,Primo dose récente,1689.2,68.03,31.39,7.82,1.22,1.06,0.14,0.0,0.0,0.0,6.67
2021-07-04,Complet - avec 1 rappel de moins de 3 mois,0.0,0.0,0.0,0.0,0.0,0.0,0.0,0.0,0.0,0.0,0.0
2021-07-05,Complet de 6 mois ou plus - sans rappel,0.18,0.0,0.02,0.0,0.0,0.0,0.0,0.0,0.0,0.0,0.0
2021-07-08,Complet de 6 mois ou plus - sans rappel,1.13,0.0,0.0,0.0,0.0,0.0,0.0,0.0,0.03,0.0,0.0
2021-07-09,Complet - avec 1 rappel de moins de 3 mois,0.0,0.0,0.0,0.0,0.0,0.0,0.0,0.0,0.0,0.0,0.0
2021-07-10,Complet de moins de 3 mois - sans rappel,43575.4,1641.71,380.71,133.94,12.54,7.37,2.0,0.58,1.48,1.46,55.33
2021-07-16,Non-vaccinés,132299.9,12068.13,7149.68,3125.07,115.04,82.34,25.29,20.11,8.39,5.68,
2021-07-16,Complet - avec 1 rappel de moins de 3 mois,0.11,0.0,0.0,0.0,0.0,0.0,0.0,0.0,0.0,0.0,0.0
2021-07-19,Non-vaccinés,128937.7,16827.95,12415.0,6223.11,156.17,116.46,38.64,32.34,8.6,4.37,
2021-07-22,Primo dose efficace,43154.91,2943.28,1554.79,653.13,8.82,6.78,1.97,1.55,1.44,1.1,18.97
2021-07-22,Complet de moins de 3 mois - sans rappel,69220.89,5898.44,2425.85,962.33,27.15,21.04,6.21,5.34,1.28,0.2,59.52
2021-07-23,Complet - avec 1 rappel de moins de 3 mois,1.0,0.0,0.0,0.0,0.0,0.0,0.0,0.0,0.0,0.0,0.0
2021-07-24,Complet - avec 1 rappel de moins de 3 mois,0.0,0.0,0.0,0.0,0.0,0.0,0.0,0.0,0.0,0.0,0.0
2021-07-25,Non-vaccinés,22100.76,2393.84,2069.53,867.86,233.19,171.68,60.99,52.69,13.52,11.99,
2021-07-28,Primo dose efficace,29684.65,2489.08,1321.52,534.63,21.26,18.72,3.42,2.63,1.04,1.01,14.59
2021-07-28,Complet entre 3 mois et 6 mois - sans rappel,20331.13,1703.5,660.86,279.6,35.64,27.43,9.18,7.62,4.23,2.61,14.82
2021-07-29,Primo dose récente,33272.28,2251.13,2014.57,979.58,18.53,13.86,6.48,5.16,0.0,0.0,10.47
2021-07-29,Complet de moins de 3 mois - sans rappel,76471.7,6345.68,3020.41,1148.69,61.02,43.6,10.49,7.24,1.0,0.0,60.54
2021-08-01,Non-vaccinés,20752.97,2041.64,1960.99,794.35,286.77,189.99,93.84,70.29,23.78,17.35,
2021-08-01,Complet de moins de 3 mois - sans rappel,17617.5,1009.86,512.41,183.07,43.53,31.08,10.26,8.29,5.77,4.19,60.64
2021-08-01,Complet - avec 1 rappel de moins de 3 mois,0.0,0.0,0.0,0.0,0.0,0.0,0.0,0.0,0.0,0.0,0.0
2021-08-02,Primo dose efficace,36275.75,2787.58,1721.43,714.02,27.64,21.61,5.2,4.72,4.25,3.14,12.75
2021-08-02,Complet entre 3 mois et 6 mois - sans rappel,27970.38,2407.94,1259.14,494.61,58.97,46.07,8.6,6.81,8.13,6.82,15.86
2021-08-02,Complet de 6 mois ou plus - sans rappel,443.38,51.36,16.51,7.56,0.28,0.0,0.01,0.0,0.0,0.0,0.13
2021-08-03,Complet de moins de 3 mois - sans rappel,73428.14,8190.13,3792.56,1599.74,74.83,58.31,25.17,21.96,4.64,4.2,60.61
2021-08-04,Complet de moins de 3 mois - sans rappel,70641.65,7760.75,3630.87,1509.39,69.15,51.91,13.72,10.24,3.6,2.29,60.41
2021-08-04,Complet - avec 1 rappel de moins de 3 mois,0.01,0.0,0.0,0.0,0.0,0.0,0.0,0.0,0.0,0.0,0.0
2021-08-04,Complet - avec 1 rappel entre 3 mois et 6 mois,0.0,0.0,0.0,0.0,0.0,0.0,0.0,0.0,0.0,0.0,0.0
2021-08-06,Complet de moins de 3 mois - sans rappel,80976.38,6663.71,3653.36,1472.41,81.33,56.86,17.95,12.54,3.07,1.92,59.86
2021-08-08,Primo dose efficace,6748.56,322.53,228.57,70.85,21.75,16.67,9.12,8.77,3.49,3.04,12.42
2021-08-09,Primo dose récente,39972.74,2722.67,2735.39,1418.67,39.47,32.84,8.87,6.07,0.28,0.2,9.63
2021-08-10,Complet entre 3 mois et 6 mois - sans rappel,25740.99,2510.94,1327.69,478.39,73.49,52.13,11.52,9.29,13.22,8.36,18.07
2021-08-12,Complet - avec 1 rappel de moins de 3 mois,0.05,0.05,0.0,0.0,0.0,0.0,0.0,0.0,0.0,0.0,0.0
2021-08-22,Complet - avec 1 rappel entre 3 mois et 6 mois,0.0,0.0,0.0,0.0,0.0,0.0,0.0,0.0,0.0,0.0,0.0
2021-08-25,Non-vaccinés,77498.15,9420.41,9406.94,4195.61,399.14,282.71,135.37,101.35,57.03,33.93,
2021-08-28,Complet de moins de 3 mois - sans rappel,41113.92,3453.49,1686.13,621.33,60.15,42.45,17.42,11.29,7.83,7.24,59.58
2021-08-29,Complet de moins de 3 mois - sans rappel,11868.6,1169.38,557.93,222.41,60.03,45.4,17.74,14.18,10.68,7.98,59.63
2021-09-01,Complet de moins de 3 mois - sans rappel,54983.52,7315.81,2646.45,1104.9,74.64,54.79,19.74,16.17,15.66,13.73,59.9
2021-09-02,Primo dose efficace,26340.62,1487.11,690.35,260.65,29.7,25.22,9.45,7.12,8.29,5.89,10.85
2021-09-03,Complet entre 3 mois et 6 mois - sans rappel,29755.71,2682.15,965.6,393.67,63.83,48.4,11.54,8.15,15.82,11.4,22.87
2021-09-11,Complet - avec 1 rappel entre 3 mois et 6 mois,0.0,0.0,0.0,0.0,0.0,0.0,0.0,0.0,0.0,0.0,0.0
2021-09-13,Complet - avec 1 rappel entre 3 mois et 6 mois,0.0,0.0,0.0,0.0,0.0,0.0,0.0,0.0,0.0,0.0,0.0
2021-09-15,Complet de moins de 3 mois - sans rappel,52462.81,8599.72,1349.09,580.91,35.41,26.75,7.44,4.95,6.15,5.73,57.98
2021-09-16,Complet - avec 1 rappel de moins de 3 mois,477.95,36.11,9.08,1.54,0.49,0.22,0.0,0.0,1.0,1.0,0.45
2021-09-22,Complet de moins de 3 mois - sans rappel,45773.72,8280.2,970.05,416.14,26.55,20.33,7.21,5.29,3.11,2.71,54.48
2021-09-24,Complet - avec 1 rappel entre 3 mois et 6 mois,0.0,0.0,0.0,0.0,0.0,0.0,0.0,0.0,0.0,0.0,0.0
2021-09-27,Complet - avec 1 rappel de moins de 3 mois,2765.53,154.47,21.05,3.98,0.49,0.34,1.26,1.26,0.02,0.0,1.23
2021-11-02,Complet - avec 1 rappel de 6 mois ou plus,0.0,0.0,0.0,0.0,0.0,0.0,0.0,0.0,0.0,0.0,0.0
2021-11-02,Complet - avec 2 rappels de moins de 3 mois,24.3,1.29,0.2,0.0,0.0,0.0,0.0,0.0,0.0,0.0,0.0
2021-11-03,Non-vaccinés,29647.09,5156.58,2861.49,1402.98,129.72,95.4,33.88,26.57,12.54,10.89,
2021-11-03,Complet - avec 1 rappel entre 3 mois et 6 mois,0.03,0.0,0.0,0.0,0.0,0.0,0.0,0.0,0.0,0.0,0.0
2021-11-06,Non-vaccinés,23722.67,2926.62,1881.16,817.67,89.74,57.5,30.75,23.67,9.36,7.69,
2021-11-09,Complet - avec 1 rappel de 6 mois ou plus,0.0,0.0,0.0,0.0,0.0,0.0,0.0,0.0,0.0,0.0,0.0
2021-11-10,Complet de 6 mois ou plus - sans rappel,16292.88,2454.38,944.86,457.81,63.25,52.76,13.18,12.89,9.26,8.6,11.28
2021-11-13,Complet - avec 1 rappel entre 3 mois et 6 mois,0.25,0.05,0.09,0.03,0.02,0.0,0.0,0.0,0.02,0.0,0.0
2021-11-16,Complet - avec 3 rappels de moins de 3 mois,0.0,0.0,0.0,0.0,0.0,0.0,0.0,0.0,0.0,0.0,0.0
2021-11-17,Complet - avec 1 rappel de moins de 3 mois,12453.65,1214.69,230.2,70.43,9.85,5.91,1.89,1.2,1.52,1.49,7.84
2021-11-21,Primo dose efficace,1186.51,97.52,37.9,10.29,8.32,5.51,0.33,0.27,0.46,0.22,2.71
2021-11-22,Complet entre 3 mois et 6 mois - sans rappel,110203.09,21761.85,10951.03,6024.84,142.35,113.04,29.55,21.36,11.63,10.24,58.07
2021-11-24,Complet - avec 2 rappels de moins de 3 mois,21.97,1.13,0.19,0.0,0.04,0.0,0.0,0.0,0.0,0.0,0.01
2021-11-30,Complet de 6 mois ou plus - sans rappel,38000.25,7336.17,3855.61,1923.24,149.93,126.49,32.74,29.4,24.79,21.94,12.62
2021-11-30,Complet - avec 1 rappel de 6 mois ou plus,0.0,0.0,0.0,0.0,0.0,0.0,0.0,0.0,0.0,0.0,0.0
2021-12-02,Primo dose efficace,6159.86,996.16,457.75,221.55,30.33,23.22,3.76,3.7,2.73,2.46,2.44
2021-12-06,Complet - avec 1 rappel de 6 mois ou plus,0.0,0.0,0.0,0.0,0.0,0.0,0.0,0.0,0.0,0.0,0.0
2021-12-06,Complet - avec 2 rappels de moins de 3 mois,55.41,5.61,2.21,1.04,0.0,0.0,0.0,0.0,0.0,0.0,0.01
2021-12-14,Complet - avec 3 rappels de moins de 3 mois,0.0,0.0,0.0,0.0,0.0,0.0,0.0,0.0,0.0,0.0,0.0
2021-12-20,Primo dose récente,1881.8,347.4,414.7,214.52,5.98,5.01,0.86,0.19,0.12,0.0,0.52
2021-12-20,Complet entre 3 mois et 6 mois - sans rappel,158829.55,34963.57,31088.54,15514.53,197.82,158.09,32.12,24.22,18.63,12.49,50.73
2021-12-22,Complet - avec 1 rappel entre 3 mois et 6 mois,6052.98,503.36,216.99,56.09,17.69,15.93,1.68,0.27,1.8,1.54,1.38
2021-12-24,Primo dose efficace,5295.15,795.83,751.71,326.78,23.63,15.01,2.99,2.59,3.49,3.05,1.93
2021-12-25,Complet - avec 1 rappel de moins de 3 mois,14389.84,1595.3,1080.86,354.81,96.29,80.37,15.23,12.87,21.89,17.31,34.08
2021-12-26,Complet entre 3 mois et 6 mois - sans rappel,27980.41,5720.69,7224.43,3263.47,194.25,159.9,38.87,33.97,15.17,11.6,45.06
2021-12-28,Complet de 6 mois ou plus - sans rappel,47170.14,13786.98,15949.9,8009.1,189.67,153.03,27.17,22.39,40.04,33.28,9.37
2021-12-29,Complet - avec 2 rappels de moins de 3 mois,266.69,47.93,41.11,11.88,0.04,0.04,0.0,0.0,0.0,0.0,0.04
2021-12-30,Complet de 6 mois ou plus - sans rappel,54496.73,14504.74,16685.87,8065.72,184.95,151.77,28.18,24.61,36.63,30.04,8.99
2021-12-30,Complet - avec 1 rappel de moins de 3 mois,207907.31,41303.87,32511.7,13699.22,214.71,174.05,40.2,34.82,21.53,17.74,39.01
2021-12-31,Primo dose efficace,6786.72,1326.44,1531.89,660.12,37.21,28.8,7.14,6.75,5.82,5.39,1.77
2022-01-01,Primo dose efficace,1120.39,161.69,200.79,66.35,30.51,25.46,8.91,6.46,9.47,8.7,1.79
2022-01-01,Complet de moins de 3 mois - sans rappel,2934.57,462.3,533.7,190.31,44.49,38.36,9.12,6.9,5.17,4.68,5.57
2022-01-01,Complet - avec 1 rappel entre 3 mois et 6 mois,1696.5,228.85,152.65,46.89,41.61,39.26,3.15,2.1,9.93,8.34,2.28
2022-01-02,Complet entre 3 mois et 6 mois - sans rappel,34402.23,9050.17,11633.23,5586.82,215.18,165.9,36.01,32.29,18.67,15.59,40.13
2022-01-02,Complet - avec 2 rappels de moins de 3 mois,63.26,12.32,5.46,4.09,0.0,0.0,0.0,0.0,0.0,0.0,0.04
2022-01-03,Complet - avec 1 rappel entre 3 mois et 6 mois,23121.18,2306.0,2510.53,811.73,58.21,39.93,7.4,6.01,4.66,2.31,2.33
2022-02-09,Complet - avec 1 rappel entre 3 mois et 6 mois,20549.4,2615.65,3905.5,1291.27,284.77,209.83,17.29,12.47,32.96,25.39,7.28
2022-02-10,Complet - avec 3 rappels entre 3 et 6 mois ou plus,0.0,0.0,0.0,0.0,0.0,0.0,0.0,0.0,0.0,0.0,0.0
2022-02-12,Complet - avec 1 rappel de 6 mois ou plus,1.05,0.05,0.05,0.05,0.06,0.06,0.0,0.0,0.05,0.05,0.0
2022-02-12,Complet - avec 2 rappels entre 3 mois et 6 mois,15.23,0.29,1.26,0.07,0.01,0.0,0.0,0.0,0.0,0.0,0.0
2022-02-13,Complet entre 3 mois et 6 mois - sans rappel,5433.66,1050.95,1336.82,549.06,103.7,89.7,16.52,13.25,20.83,19.88,14.29
2022-02-13,Complet - avec 1 rappel de 6 mois ou plus,0.18,0.0,0.18,0.0,0.0,0.0,0.01,0.01,0.05,0.0,0.0
2022-02-14,Complet - avec 2 rappels de moins de 3 mois,1046.77,126.67,138.22,49.36,6.36,4.69,1.03,1.0,0.0,0.0,0.35
2022-02-14,Complet - avec 3 rappels entre 3 et 6 mois ou plus,0.0,0.0,0.0,0.0,0.0,0.0,0.0,0.0,0.0,0.0,0.0
2022-02-15,Primo dose efficace,3110.28,583.46,696.29,296.28,34.67,27.63,4.19,3.79,8.05,3.62,1.6
2022-02-15,Complet - avec 3 rappels de moins de 3 mois,1.22,0.0,0.06,0.0,0.0,0.0,0.0,0.0,0.0,0.0,0.0
2022-02-19,Complet - avec 1 rappel de moins de 3 mois,69217.9,9480.51,10257.55,4607.25,223.88,168.61,24.06,17.27,42.43,33.7,60.13
2022-02-20,Complet - avec 1 rappel entre 3 mois et 6 mois,4848.69,518.56,607.5,166.61,113.42,93.54,12.14,9.07,46.61,36.18,10.33
2022-02-21,Complet entre 3 mois et 6 mois - sans rappel,18144.06,4260.53,4478.42,2322.46,85.43,64.46,13.99,11.48,11.67,7.33,11.47
2022-02-21,Complet - avec 1 rappel de 6 mois ou plus,1.16,1.1,1.16,1.1,0.0,0.0,0.03,0.03,0.05,0.0,0.0
2022-02-21,Complet - avec 2 rappels de moins de 3 mois,1101.87,119.02,114.75,40.98,3.4,2.98,0.26,0.25,1.0,1.0,0.42
2022-02-21,Complet - avec 2 rappels entre 3 mois et 6 mois,27.3,3.5,4.38,1.36,1.08,1.08,0.0,0.0,0.28,0.0,0.01
2022-02-25,Primo dose efficace,1791.87,281.46,281.06,116.25,19.92,14.57,3.69,3.69,4.41,1.06,1.42
2022-02-25,Complet - avec 2 rappels de moins de 3 mois,711.81,80.51,66.79,22.39,4.91,4.74,0.0,0.0,0.0,0.0,0.47
2022-02-28,Complet - avec 2 rappels entre 3 mois et 6 mois,36.06,5.27,4.85,2.09,0.09,0.06,0.05,0.0,0.0,0.0,0.01
2022-03-01,Complet entre 3 mois et 6 mois - sans rappel,9319.07,1982.18,1668.46,871.5,70.58,56.25,9.12,8.01,14.16,12.73,8.63
2022-03-02,Primo dose efficace,1889.88,317.59,272.51,132.36,15.38,13.09,2.51,2.42,7.59,6.52,1.36
2022-03-02,Complet de 6 mois ou plus - sans rappel,14447.29,2976.26,2236.83,1180.84,75.3,56.08,9.07,8.34,18.0,15.06,13.76
2022-03-02,Complet - avec 3 rappels entre 3 et 6 mois ou plus,0.0,0.0,0.0,0.0,0.0,0.0,0.0,0.0,0.0,0.0,0.0
2022-03-03,Primo dose récente,149.21,21.39,15.38,6.34,0.08,0.01,0.0,0.0,0.01,0.0,0.08
2022-03-03,Complet de moins de 3 mois - sans rappel,4634.63,1030.84,761.95,403.15,28.63,23.69,4.16,3.77,5.06,3.28,3.8
2022-03-05,Complet de 6 mois ou plus - sans rappel,11183.84,1494.91,1315.74,619.19,43.93,36.15,8.86,7.36,12.23,9.95,14.35
2022-03-05,Complet - avec 1 rappel de 6 mois ou plus,248.54,28.15,26.72,11.6,2.54,1.48,0.33,0.11,0.48,0.17,0.17
2022-03-05,Complet - avec 3 rappels entre 3 et 6 mois ou plus,0.0,0.0,0.0,0.0,0.0,0.0,0.0,0.0,0.0,0.0,0.0
2022-03-08,Complet - avec 3 rappels de moins de 3 mois,2.22,0.12,0.05,0.0,0.0,0.0,0.0,0.0,0.0,0.0,0.0
2022-03-09,Complet - avec 1 rappel de moins de 3 mois,65204.6,15532.98,12041.57,6946.95,202.38,170.94,17.29,16.02,21.11,18.67,51.19
2022-03-11,Complet de 6 mois ou plus - sans rappel,14244.41,3443.22,2386.95,1305.14,63.95,45.06,3.87,2.38,10.86,8.97,15.13
2022-03-13,Complet de 6 mois ou plus - sans rappel,4286.3,678.44,544.99,249.33,47.8,37.68,6.61,6.35,19.99,15.38,15.47
2022-03-14,Primo dose efficace,2221.03,445.15,383.15,201.58,19.15,13.04,1.14,1.12,0.8,0.7,1.25
2022-03-15,Complet - avec 2 rappels de 6 mois ou plus,1.08,0.0,0.02,0.0,0.0,0.0,0.0,0.0,0.0,0.0,0.0
2022-03-16,Complet - avec 1 rappel entre 3 mois et 6 mois,51172.01,12167.63,12322.17,6786.28,374.42,291.76,33.98,28.39,43.8,29.52,28.94
2022-03-17,Complet - avec 3 rappels entre 3 et 6 mois ou plus,0.08,0.08,0.0,0.0,0.0,0.0,0.0,0.0,0.0,0.0,0.0
2022-03-18,Complet entre 3 mois et 6 mois - sans rappel,7747.78,2322.86,2101.25,1203.67,41.45,30.35,7.46,4.95,4.97,4.74,5.83
2022-03-20,Complet entre 3 mois et 6 mois - sans rappel,1942.43,394.99,388.9,186.57,39.3,32.3,5.16,4.84,9.92,9.13,5.58
2022-03-21,Complet entre 3 mois et 6 mois - sans rappel,12514.81,4189.45,4237.3,2591.73,62.16,48.78,3.18,2.53,5.54,5.0,5.56
2022-03-21,Complet - avec 1 rappel de 6 mois ou plus,3995.06,690.34,1046.9,456.94,48.8,38.07,2.6,2.28,2.77,1.54,1.03
2022-03-22,Non-vaccinés,42302.45,16850.18,14779.21,9274.83,237.55,175.47,27.39,23.86,22.28,18.42,
2022-03-22,Complet - avec 2 rappels de 6 mois ou plus,1.37,1.02,1.09,1.02,0.0,0.0,0.0,0.0,0.0,0.0,0.0
2022-03-23,Complet - avec 1 rappel entre 3 mois et 6 mois,83953.67,27410.89,30106.07,18226.33,462.25,370.01,42.25,38.19,33.22,27.53,37.12
2022-03-25,Complet - avec 2 rappels entre 3 mois et 6 mois,123.6,47.22,44.36,32.23,1.1,1.1,1.0,1.0,1.0,1.0,0.04
2022-03-25,Complet - avec 3 rappels de moins de 3 mois,4.15,2.04,2.06,2.04,0.0,0.0,0.0,0.0,0.0,0.0,0.0
2022-03-26,Complet de 6 mois ou plus - sans rappel,17916.14,5365.62,4982.12,2901.88,77.29,62.63,5.77,3.92,13.08,9.99,16.95
2022-03-26,Complet - avec 2 rappels de moins de 3 mois,1169.66,161.89,175.66,86.28,2.73,2.47,0.37,0.12,1.0,1.0,0.74
2022-03-29,Complet - avec 2 rappels de moins de 3 mois,1905.32,394.96,375.25,190.32,18.25,14.28,0.69,0.63,2.54,2.1,0.79
2022-03-30,Non-vaccinés,41284.2,16402.83,14267.54,8416.08,291.05,221.16,30.96,22.75,32.94,27.12,
2022-03-30,Complet de moins de 3 mois - sans rappel,6083.93,2352.04,2094.92,1239.32,34.67,25.77,4.86,4.52,2.53,2.25,2.76
2022-03-31,Primo dose efficace,1979.96,574.35,514.84,258.56,16.49,11.61,2.3,1.23,4.48,4.3,1.19
2022-03-31,Complet - avec 2 rappels entre 3 mois et 6 mois,147.22,52.58,61.22,34.27,1.68,1.19,0.01,0.0,0.14,0.08,0.05
2022-04-01,Non-vaccinés,34501.37,13576.11,11897.87,7070.54,256.73,197.64,28.29,21.99,30.51,28.45,
2022-04-01,Primo dose efficace,1736.94,478.04,445.61,231.71,22.75,17.06,3.27,2.22,4.31,3.08,1.19
2022-04-02,Non-vaccinés,23371.18,7540.78,7194.94,3889.36,180.79,135.52,22.22,16.28,24.44,18.11,
2022-04-02,Complet - avec 2 rappels de moins de 3 mois,1392.23,222.64,254.63,134.66,10.71,8.98,0.22,0.0,0.43,0.13,0.97
2022-04-03,Complet de moins de 3 mois - sans rappel,1115.25,291.95,257.86,131.49,12.42,9.17,1.41,1.24,2.96,1.95,2.67
2022-04-03,Complet - avec 1 rappel de moins de 3 mois,9772.23,2439.08,2704.99,1401.35,108.02,89.72,9.99,9.35,7.61,6.27,28.18
2022-04-03,Complet - avec 3 rappels de moins de 3 mois,1.0,0.0,0.0,0.0,0.0,0.0,0.05,0.0,0.0,0.0,0.0
2022-04-04,Primo dose récente,108.52,25.8,32.06,21.01,0.17,0.14,1.0,1.0,0.0,0.0,0.03
2022-04-06,Primo dose efficace,2146.61,593.95,497.43,264.0,17.57,12.47,0.38,0.17,2.99,1.76,1.18
2022-04-06,Complet entre 3 mois et 6 mois - sans rappel,8160.88,2686.05,2617.29,1500.49,58.49,47.24,7.66,7.44,4.75,4.32,4.41
2022-04-06,Complet - avec 1 rappel entre 3 mois et 6 mois,102610.08,36880.91,40448.97,24406.47,643.33,524.12,67.26,61.0,44.17,33.28,45.13
2022-04-07,Complet de moins de 3 mois - sans rappel,4471.79,1689.65,1596.29,974.25,28.7,22.6,1.77,1.62,1.47,1.0,2.49
2022-04-07,Complet - avec 1 rappel entre 3 mois et 6 mois,90414.51,36251.33,39276.53,24501.28,688.06,541.75,56.26,50.36,49.78,38.86,46.18
2022-04-07,Complet - avec 3 rappels entre 3 et 6 mois ou plus,0.09,0.07,0.08,0.07,0.0,0.0,0.0,0.0,0.0,0.0,0.0
2022-04-08,Primo dose efficace,1858.53,521.75,468.49,263.53,18.58,10.45,1.76,0.3,2.76,1.31,1.17
2022-04-08,Complet - avec 3 rappels entre 3 et 6 mois ou plus,1.07,0.07,0.07,0.07,0.0,0.0,0.0,0.0,0.0,0.0,0.0
2022-04-10,Primo dose récente,30.66,4.33,4.38,1.19,0.06,0.06,0.0,0.0,0.0,0.0,0.04
2022-04-10,Complet entre 3 mois et 6 mois - sans rappel,1574.62,315.99,363.2,156.99,32.71,25.09,4.95,3.37,6.15,5.0,4.28
2022-04-10,Complet de 6 mois ou plus - sans rappel,5240.66,969.83,983.39,439.84,73.64,53.34,6.38,4.28,14.76,11.7,18.07
2022-04-11,Complet - avec 2 rappels de 6 mois ou plus,5.66,0.47,1.6,0.39,0.0,0.0,0.0,0.0,0.0,0.0,0.0
2022-04-11,Complet - avec 3 rappels entre 3 et 6 mois ou plus,2.09,0.0,0.03,0.0,0.0,0.0,0.0,0.0,0.0,0.0,0.0
2022-04-13,Complet - avec 2 rappels de moins de 3 mois,2819.08,576.64,673.99,323.17,21.8,16.4,2.82,2.4,3.35,3.0,1.32
2022-04-14,Primo dose efficace,1742.73,422.53,404.86,192.28,15.17,13.41,0.31,0.0,5.74,5.44,1.16
2022-04-17,Non-vaccinés,6242.26,1315.16,1265.33,484.4,149.73,112.38,23.86,21.25,23.48,18.11,
2022-04-18,Complet - avec 3 rappels de moins de 3 mois,2.02,0.01,1.01,0.0,0.0,0.0,1.0,1.0,0.0,0.0,0.0
2022-04-19,Non-vaccinés,36363.15,11089.93,11910.24,6772.36,268.95,204.53,35.82,27.34,21.97,18.1,
2022-04-19,Complet - avec 2 rappels de 6 mois ou plus,13.86,2.31,5.74,2.24,0.0,0.0,0.0,0.0,0.0,0.0,0.0
2022-04-20,Primo dose récente,75.83,6.28,14.1,2.67,0.06,0.05,0.0,0.0,0.0,0.0,0.03
2022-04-20,Primo dose efficace,1701.71,357.71,358.46,170.27,16.54,13.37,1.78,1.47,1.98,1.65,1.16
2022-04-20,Complet - avec 2 rappels de 6 mois ou plus,10.19,1.23,0.48,0.18,0.0,0.0,0.0,0.0,0.0,0.0,0.0
2022-04-21,Non-vaccinés,22904.94,6727.41,6481.53,3718.12,243.67,192.9,18.88,12.65,22.31,17.57,
2022-04-21,Complet - avec 1 rappel de 6 mois ou plus,7676.92,1765.48,2398.6,1112.75,124.23,97.0,10.47,9.58,12.41,9.79,3.3
2022-04-22,Complet - avec 3 rappels entre 3 et 6 mois ou plus,0.05,0.03,0.0,0.0,0.0,0.0,0.0,0.0,0.0,0.0,0.0
2022-04-23,Complet - avec 2 rappels de 6 mois ou plus,3.38,0.21,1.26,0.2,0.5,0.5,0.0,0.0,0.0,0.0,0.0
2022-04-24,Complet - avec 1 rappel de 6 mois ou plus,1829.02,277.2,365.53,116.2,82.57,61.75,7.64,6.19,17.07,12.84,3.63
2022-04-25,Non-vaccinés,27698.68,7363.02,7744.15,4333.65,231.71,182.06,16.82,11.45,26.5,17.87,
2022-04-25,Primo dose récente,76.41,10.57,12.93,6.33,0.15,0.09,0.0,0.0,0.0,0.0,0.02
2022-04-25,Complet - avec 1 rappel de moins de 3 mois,17499.13,4978.93,4981.46,3028.15,54.2,46.37,9.83,9.54,2.65,2.5,10.79
2022-04-26,Complet - avec 3 rappels de moins de 3 mois,11.51,2.16,2.18,0.0,0.12,0.12,0.0,0.0,0.0,0.0,0.0
2022-04-27,Primo dose efficace,1421.54,227.76,220.87,93.56,8.86,7.01,1.57,0.11,1.58,1.37,1.16
2022-04-29,Complet - avec 1 rappel de moins de 3 mois,9941.01,2161.39,2046.76,1101.96,34.94,28.44,4.79,4.7,2.39,2.25,9.06
2022-04-30,Non-vaccinés,14517.09,2558.71,2710.53,1299.84,129.66,97.13,13.93,12.07,16.47,13.57,
2022-05-01,Primo dose récente,9.78,0.09,2.16,0.07,1.0,1.0,0.0,0.0,0.0,0.0,0.03
2022-05-02,Complet de 6 mois ou plus - sans rappel,21198.84,4199.51,3713.85,2063.95,80.48,68.12,13.13,9.58,7.87,4.97,18.92
2022-05-03,Complet - avec 2 rappels de 6 mois ou plus,14.31,0.22,1.11,0.0,0.0,0.0,0.0,0.0,0.29,0.09,0.0
2022-05-04,Complet de moins de 3 mois - sans rappel,1374.15,273.66,266.44,134.72,9.66,6.87,1.04,1.01,0.39,0.12,1.2
2022-05-04,Complet - avec 2 rappels de moins de 3 mois,3405.12,396.89,400.0,170.56,22.54,17.11,1.98,1.16,4.68,3.48,2.13
2022-05-07,Complet - avec 2 rappels de moins de 3 mois,2791.97,237.46,240.42,90.62,16.74,13.81,0.04,0.04,3.63,3.07,2.29
2022-05-07,Complet - avec 2 rappels de 6 mois ou plus,3.43,1.03,0.04,0.0,0.0,0.0,0.0,0.0,0.28,0.08,0.0
2022-05-07,Complet - avec 3 rappels entre 3 et 6 mois ou plus,0.08,0.0,0.0,0.0,0.0,0.0,0.0,0.0,0.0,0.0,0.0
2022-05-08,Complet - avec 2 rappels entre 3 mois et 6 mois,129.89,7.07,13.66,4.4,0.73,0.11,0.39,0.19,1.01,1.01,0.35
2022-05-09,Non-vaccinés,23474.42,5665.0,5283.0,3067.74,121.41,91.26,10.05,6.88,14.86,11.25,
2022-05-10,Primo dose récente,64.59,11.03,10.76,6.37,0.01,0.0,0.0,0.0,0.0,0.0,0.03
2022-05-10,Complet - avec 1 rappel de moins de 3 mois,6399.69,1022.64,796.09,436.17,21.71,17.23,2.14,1.0,1.27,1.09,5.63
2022-05-10,Complet - avec 2 rappels de moins de 3 mois,4049.95,392.67,391.78,120.58,28.56,22.98,5.67,5.2,2.42,2.25,2.33
2022-05-11,Complet - avec 3 rappels de moins de 3 mois,8.36,0.15,1.53,0.0,0.0,0.0,0.0,0.0,0.0,0.0,0.0
2022-05-12,Complet - avec 1 rappel de 6 mois ou plus,6456.68,1095.16,1206.24,534.72,80.04,61.52,11.52,10.39,20.96,16.88,5.93
2022-05-13,Primo dose récente,46.23,4.93,1.46,1.24,0.01,0.0,0.0,0.0,0.0,0.0,0.03
2022-05-15,Primo dose récente,10.44,1.13,1.06,1.03,0.0,0.0,0.0,0.0,0.0,0.0,0.03
2022-05-15,Complet - avec 1 rappel entre 3 mois et 6 mois,14828.62,1734.33,1787.62,716.1,144.78,123.29,19.52,14.48,18.95,17.4,61.43
2022-05-15,Complet - avec 2 rappels de 6 mois ou plus,1.13,0.02,0.07,0.02,0.0,0.0,0.0,0.0,0.0,0.0,0.0
2022-05-17,Primo dose efficace,1147.43,163.2,112.77,47.27,9.1,7.3,0.15,0.0,1.11,1.0,1.13
2022-05-17,Complet - avec 2 rappels entre 3 mois et 6 mois,573.67,62.03,68.69,26.95,6.89,6.7,0.16,0.12,1.12,1.12,0.43
2022-05-17,Complet - avec 3 rappels entre 3 et 6 mois ou plus,0.0,0.0,0.0,0.0,0.0,0.0,0.0,0.0,1.0,1.0,0.0
2022-05-18,Complet - avec 1 rappel de 6 mois ou plus,9348.62,1150.51,1300.75,561.82,61.82,48.75,6.56,4.69,11.11,8.7,6.95
2022-05-18,Complet - avec 2 rappels de 6 mois ou plus,15.39,2.27,1.58,1.22,0.09,0.09,0.0,0.0,0.01,0.0,0.01
2022-05-19,Primo dose récente,44.37,4.79,3.6,1.05,0.0,0.0,0.0,0.0,0.0,0.0,0.03
2022-05-20,Complet entre 3 mois et 6 mois - sans rappel,2774.98,488.18,398.35,197.47,12.8,8.47,1.23,1.14,1.7,1.18,3.97
2022-05-20,Complet - avec 1 rappel de moins de 3 mois,2798.19,325.21,228.21,107.77,5.79,3.89,0.4,0.37,1.37,1.0,2.96
2022-05-22,Complet de moins de 3 mois - sans rappel,182.56,21.41,10.48,2.64,0.38,0.32,0.14,0.07,0.06,0.0,0.55
2022-05-22,Complet - avec 2 rappels de 6 mois ou plus,3.15,1.05,1.13,1.05,1.13,1.13,0.25,0.25,0.03,0.03,0.01
2022-05-23,Complet - avec 1 rappel entre 3 mois et 6 mois,63125.73,11072.99,11180.26,6309.26,148.5,126.37,24.02,20.95,14.1,13.08,60.75
2022-05-23,Complet - avec 2 rappels entre 3 mois et 6 mois,757.43,79.38,76.44,34.1,0.9,0.46,0.06,0.06,0.09,0.09,0.48
2022-05-23,Complet - avec 3 rappels de moins de 3 mois,8.3,0.12,0.04,0.0,0.0,0.0,0.0,0.0,0.0,0.0,0.0
2022-05-23,Complet - avec 3 rappels entre 3 et 6 mois ou plus,1.18,1.1,1.1,1.1,0.0,0.0,0.0,0.0,0.0,0.0,0.0
2022-05-24,Complet de 6 mois ou plus - sans rappel,11865.76,1963.56,1162.0,583.21,37.29,29.68,4.57,3.71,5.97,4.42,19.58
2022-05-25,Non-vaccinés,11735.22,2265.67,1540.7,785.95,62.91,48.02,10.63,6.91,3.71,2.0,
2022-05-25,Complet - avec 2 rappels de 6 mois ou plus,17.08,2.25,2.29,1.08,0.0,0.0,0.0,0.0,0.0,0.0,0.01
2022-05-26,Complet de 6 mois ou plus - sans rappel,3525.18,329.58,185.0,60.23,25.14,18.81,2.32,2.17,3.65,3.35,19.66
2022-05-28,Complet - avec 3 rappels entre 3 et 6 mois ou plus,1.01,0.0,0.0,0.0,0.0,0.0,0.0,0.0,0.0,0.0,0.0
2022-05-29,Primo dose récente,11.96,2.27,0.12,0.0,0.0,0.0,0.0,0.0,0.0,0.0,0.02
2022-06-07,Primo dose récente,46.74,2.41,5.11,2.16,0.0,0.0,0.0,0.0,0.07,0.0,0.02
2022-06-10,Primo dose récente,27.52,1.21,2.6,0.06,0.0,0.0,0.0,0.0,0.0,0.0,0.02
2022-06-12,Complet de moins de 3 mois - sans rappel,88.81,6.75,1.04,0.14,0.34,0.0,0.0,0.0,0.01,0.0,0.31
2022-06-12,Complet - avec 1 rappel de 6 mois ou plus,5799.32,764.78,887.91,339.64,106.29,83.09,10.11,6.14,14.03,11.43,23.29
2022-06-12,Complet - avec 3 rappels entre 3 et 6 mois ou plus,1.0,1.0,0.0,0.0,0.0,0.0,0.0,0.0,0.01,0.01,0.0
2022-06-13,Non-vaccinés,21705.2,4578.92,3985.78,2220.53,89.12,71.66,7.14,5.64,7.29,4.14,
2022-06-13,Complet de moins de 3 mois - sans rappel,501.16,73.61,62.86,32.51,2.3,1.25,0.06,0.06,0.0,0.0,0.31
2022-06-13,Complet - avec 1 rappel de moins de 3 mois,2432.15,311.98,279.13,145.43,6.14,4.19,0.2,0.2,0.04,0.0,1.53
2022-06-14,Complet - avec 2 rappels de 6 mois ou plus,54.34,11.96,10.0,7.47,0.05,0.0,0.0,0.0,0.0,0.0,0.02
2022-06-16,Complet - avec 3 rappels entre 3 et 6 mois ou plus,3.2,0.06,0.07,0.04,0.0,0.0,0.0,0.0,0.0,0.0,0.0
2022-06-18,Primo dose récente,33.72,1.39,2.41,0.17,0.05,0.0,0.0,0.0,0.07,0.0,0.02
2022-06-18,Complet entre 3 mois et 6 mois - sans rappel,2084.93,333.38,335.58,179.13,9.52,8.2,0.2,0.15,1.47,1.18,2.91
2022-06-19,Complet de 6 mois ou plus - sans rappel,4477.67,499.99,500.8,185.65,37.97,28.32,6.26,5.68,3.39,2.78,20.53
2022-06-19,Complet - avec 2 rappels entre 3 mois et 6 mois,187.26,23.07,23.21,10.95,4.39,4.18,0.11,0.11,0.01,0.0,0.76
2022-06-19,Complet - avec 3 rappels de moins de 3 mois,3.21,0.01,0.02,0.0,0.0,0.0,0.0,0.0,0.0,0.0,0.01
2022-06-19,Complet - avec 3 rappels entre 3 et 6 mois ou plus,0.09,0.04,0.03,0.03,1.0,1.0,0.0,0.0,0.0,0.0,0.0
2022-06-20,Complet - avec 2 rappels de moins de 3 mois,7611.69,958.66,1178.55,551.48,46.91,33.89,2.13,1.19,4.59,4.31,3.7
2022-06-25,Complet - avec 2 rappels de 6 mois ou plus,72.51,8.93,12.47,4.57,0.02,0.0,0.0,0.0,0.0,0.0,0.04
2022-06-29,Complet entre 3 mois et 6 mois - sans rappel,3746.15,1202.93,1111.38,670.64,14.68,11.36,1.3,1.07,1.03,0.0,2.56
2022-06-29,Complet - avec 1 rappel entre 3 mois et 6 mois,43672.64,17383.81,17465.75,11588.53,133.93,101.65,20.13,18.66,4.51,2.58,30.18
2022-06-30,Complet - avec 1 rappel de moins de 3 mois,2281.95,484.45,387.12,207.57,8.76,5.04,2.17,2.01,1.08,1.0,1.38
2022-07-03,Primo dose récente,10.51,0.05,2.21,0.0,0.04,0.0,0.0,0.0,0.0,0.0,0.02
2022-07-03,Complet de 6 mois ou plus - sans rappel,6595.02,965.02,1071.19,425.02,72.41,47.01,23.16,21.32,3.0,1.17,20.8
2022-07-03,Complet - avec 1 rappel de 6 mois ou plus,13083.73,3159.77,4060.94,1951.72,327.39,254.77,43.32,35.51,29.09,23.25,40.52
2022-07-04,Primo dose efficace,2316.56,522.34,534.33,295.63,13.12,9.12,3.38,3.2,1.16,1.0,1.1
2022-07-04,Complet - avec 2 rappels entre 3 mois et 6 mois,3328.06,790.8,976.86,511.97,36.65,29.43,3.59,3.38,1.74,1.18,1.27
2022-07-04,Complet - avec 2 rappels de 6 mois ou plus,195.93,65.43,66.48,44.67,2.01,1.2,0.0,0.0,0.0,0.0,0.05
2022-07-05,Complet entre 3 mois et 6 mois - sans rappel,3859.37,1216.31,1236.35,710.63,28.5,20.66,0.4,0.36,2.08,1.43,2.42
2022-07-07,Complet - avec 3 rappels entre 3 et 6 mois ou plus,6.52,0.13,3.08,0.04,0.0,0.0,0.0,0.0,0.01,0.01,0.0
2022-07-08,Primo dose récente,73.26,11.99,8.38,6.58,1.04,1.0,0.0,0.0,0.0,0.0,0.03
2022-07-08,Complet - avec 2 rappels de 6 mois ou plus,167.71,55.28,66.38,37.82,0.7,0.13,0.0,0.0,0.01,0.0,0.08
2022-07-09,Complet de 6 mois ou plus - sans rappel,23297.29,4336.76,4299.54,2247.05,96.44,78.27,9.57,7.97,6.92,5.79,21.0
2022-07-09,Complet - avec 1 rappel entre 3 mois et 6 mois,22325.26,6532.22,7558.39,4445.08,96.21,72.68,13.98,12.8,8.76,5.54,21.73
2022-07-10,Complet - avec 3 rappels de moins de 3 mois,9.15,0.03,0.04,0.0,0.0,0.0,0.0,0.0,0.0,0.0,0.01
2022-07-13,Complet entre 3 mois et 6 mois - sans rappel,2762.53,830.31,863.68,469.24,14.49,11.85,2.58,2.47,0.83,0.51,2.0
2022-07-15,Complet de moins de 3 mois - sans rappel,620.32,102.17,113.29,53.3,1.41,1.35,2.46,1.01,0.19,0.0,0.24
2022-07-15,Complet - avec 2 rappels de moins de 3 mois,8185.2,2067.34,2491.55,1284.89,64.4,50.04,7.99,6.98,7.83,4.89,5.21
2022-07-15,Complet - avec 3 rappels de moins de 3 mois,35.62,5.73,8.79,2.28,1.08,1.08,0.0,0.0,0.0,0.0,0.02
2022-07-17,Complet de 6 mois ou plus - sans rappel,6085.18,849.25,992.07,375.23,95.52,72.38,7.52,5.99,9.33,7.07,21.26
2022-07-17,Complet - avec 1 rappel entre 3 mois et 6 mois,3838.0,814.55,1039.16,483.24,87.31,68.21,12.31,10.77,6.38,4.34,14.78
2022-07-17,Complet - avec 3 rappels de moins de 3 mois,8.47,2.08,1.15,0.03,0.17,0.17,0.0,0.0,0.0,0.0,0.02
2022-07-18,Complet de 6 mois ou plus - sans rappel,35355.74,9146.12,8760.45,5176.85,123.3,92.5,19.07,16.74,11.78,9.68,21.27
2022-07-19,Primo dose efficace,1552.59,311.43,310.98,160.16,14.63,13.08,1.05,0.65,2.39,2.11,1.08
2022-07-19,Complet - avec 2 rappels de 6 mois ou plus,272.39,72.24,80.91,41.76,3.9,3.43,0.44,0.38,0.09,0.0,0.16
2022-07-20,Primo dose récente,55.87,6.41,7.85,3.21,0.16,0.0,0.0,0.0,0.0,0.0,0.02
2022-07-20,Complet - avec 1 rappel entre 3 mois et 6 mois,14042.08,4784.11,4787.86,3012.73,85.01,65.46,8.74,5.74,6.03,4.66,13.22
2022-07-21,Primo dose efficace,1243.03,269.73,259.8,130.25,9.85,9.23,0.07,0.0,1.8,1.06,1.08
2022-07-22,Complet - avec 2 rappels entre 3 mois et 6 mois,2815.9,587.03,704.01,313.77,48.97,40.14,4.72,4.52,4.71,1.75,1.99
2022-07-24,Non-vaccinés,5689.99,854.67,844.92,313.72,149.36,106.68,16.01,12.25,14.72,10.53,
2022-07-26,Complet de moins de 3 mois - sans rappel,444.28,66.23,51.33,29.09,1.19,1.12,0.06,0.0,0.06,0.0,0.23
2022-07-26,Complet - avec 2 rappels entre 3 mois et 6 mois,3428.28,575.44,685.44,289.18,50.79,42.04,0.84,0.66,6.69,3.25,2.1
2022-07-28,Complet entre 3 mois et 6 mois - sans rappel,1072.01,261.47,222.15,124.82,9.28,6.53,0.25,0.08,1.06,1.0,1.34
2022-07-29,Non-vaccinés,19152.46,3478.96,2808.28,1435.88,123.29,96.25,14.33,8.42,13.58,7.83,
2022-07-30,Complet - avec 3 rappels entre 3 et 6 mois ou plus,6.27,0.03,2.12,0.03,1.01,1.0,0.1,0.08,0.0,0.0,0.0
2022-08-01,Complet de 6 mois ou plus - sans rappel,25557.41,4449.39,3685.32,2018.05,92.25,74.22,9.33,7.3,3.01,2.21,21.67
2022-08-01,Complet - avec 1 rappel de 6 mois ou plus,62590.31,17062.15,17466.07,10666.89,345.9,280.92,45.97,35.65,40.23,31.71,57.14
2022-08-02,Primo dose efficace,1147.56,176.0,125.18,60.66,5.13,4.5,1.66,1.0,1.09,1.0,1.07
2022-08-04,Complet - avec 2 rappels de 6 mois ou plus,221.31,42.3,49.32,23.96,0.87,0.23,0.0,0.0,1.1,1.1,0.29
2022-08-05,Primo dose récente,32.27,3.23,2.76,0.09,0.01,0.01,0.0,0.0,0.0,0.0,0.02
2022-08-06,Complet - avec 2 rappels entre 3 mois et 6 mois,1759.07,237.25,235.74,99.33,24.54,19.01,0.37,0.16,6.32,4.48,2.57
2022-08-06,Complet - avec 3 rappels entre 3 et 6 mois ou plus,6.32,1.03,1.06,0.02,0.0,0.0,0.08,0.08,0.0,0.0,0.0
2022-08-08,Complet - avec 1 rappel de 6 mois ou plus,50155.94,12891.55,12446.74,7673.83,300.56,240.7,39.91,33.88,39.3,32.32,58.68
2022-08-09,Non-vaccinés,13395.39,2330.34,1846.18,991.87,116.92,89.62,15.53,11.73,19.49,14.08,
2022-08-09,Complet de moins de 3 mois - sans rappel,301.28,30.28,15.46,5.51,1.39,1.39,0.03,0.01,0.09,0.06,0.22
2022-08-10,Complet - avec 2 rappels entre 3 mois et 6 mois,2798.82,427.95,463.48,188.92,35.74,29.43,4.36,3.26,3.15,1.6,2.67
2022-08-11,Complet de moins de 3 mois - sans rappel,216.67,25.04,22.95,11.43,1.07,1.07,1.03,1.01,0.02,0.01,0.21
2022-08-12,Complet de 6 mois ou plus - sans rappel,12658.12,2045.23,1429.27,751.37,48.0,40.35,2.23,0.37,6.28,5.76,22.01
2022-08-13,Complet entre 3 mois et 6 mois - sans rappel,367.03,44.17,51.28,25.68,1.36,1.0,0.0,0.0,0.0,0.0,0.7
2022-08-13,Complet de 6 mois ou plus - sans rappel,10879.13,1212.55,863.19,424.13,53.75,43.47,2.59,2.51,4.97,3.54,22.05
2022-08-13,Complet - avec 1 rappel de moins de 3 mois,895.68,89.44,60.24,21.61,4.75,4.37,0.24,0.16,0.06,0.0,1.26
2022-08-14,Primo dose récente,8.0,0.06,0.03,0.0,0.0,0.0,0.01,0.01,0.0,0.0,0.01
2022-08-14,Complet entre 3 mois et 6 mois - sans rappel,124.93,20.55,14.17,3.44,1.61,1.44,0.04,0.0,0.02,0.02,0.66
2022-08-15,Complet - avec 1 rappel entre 3 mois et 6 mois,937.22,99.29,100.63,41.13,12.7,11.03,2.3,2.26,1.02,0.67,4.02
2022-08-15,Complet - avec 1 rappel de 6 mois ou plus,12320.93,1672.01,1787.53,772.57,163.05,122.61,23.43,17.75,21.38,18.86,60.37
2022-08-15,Complet - avec 3 rappels de moins de 3 mois,21.28,2.35,1.3,1.22,0.03,0.0,0.01,0.0,0.0,0.0,0.05
2022-08-16,Primo dose récente,29.4,2.38,2.96,2.3,0.0,0.0,0.0,0.0,0.0,0.0,0.01
2022-08-16,Complet entre 3 mois et 6 mois - sans rappel,553.44,97.99,108.45,59.72,1.1,0.02,0.0,0.0,0.02,0.0,0.63
2022-08-17,Complet - avec 2 rappels entre 3 mois et 6 mois,2960.18,407.44,417.15,165.35,38.61,29.63,4.4,3.95,5.1,4.3,2.94
2022-08-18,Complet - avec 1 rappel de moins de 3 mois,755.08,118.24,65.29,31.56,4.56,4.15,0.55,0.5,0.09,0.07,1.22
2022-08-19,Non-vaccinés,9087.64,1748.87,1388.96,760.7,76.19,57.68,10.54,9.07,13.42,10.7,
2022-08-19,Complet - avec 3 rappels de moins de 3 mois,22.44,3.87,4.88,2.56,0.0,0.0,1.0,1.0,0.0,0.0,0.05
2022-08-20,Complet de moins de 3 mois - sans rappel,198.09,16.33,16.62,5.07,1.0,1.0,0.0,0.0,0.0,0.0,0.2
2022-08-20,Complet entre 3 mois et 6 mois - sans rappel,265.76,39.95,31.37,18.03,2.02,2.0,0.01,0.01,0.01,0.01,0.53
2022-08-21,Primo dose efficace,192.35,12.98,9.9,2.76,0.26,0.24,1.01,1.01,1.08,1.0,1.07
2022-08-22,Complet de 6 mois ou plus - sans rappel,14858.09,2716.92,1958.57,1198.18,50.8,42.14,3.15,2.26,3.7,2.18,22.23
2022-08-22,Complet - avec 2 rappels de moins de 3 mois,7327.64,879.69,771.95,380.58,35.74,27.86,3.92,3.64,3.99,3.83,7.0
2022-08-22,Complet - avec 2 rappels entre 3 mois et 6 mois,4197.75,505.67,456.55,218.82,32.14,27.7,3.1,2.56,3.93,2.85,3.12
2022-08-23,Non-vaccinés,10169.87,1906.5,1447.43,767.8,82.21,58.45,7.56,6.62,6.18,4.17,
2022-08-23,Complet - avec 2 rappels de moins de 3 mois,5676.1,719.9,569.2,282.03,29.47,21.29,2.52,1.34,2.21,2.0,6.96
2022-08-23,Complet - avec 3 rappels de moins de 3 mois,36.39,4.14,2.61,0.39,0.0,0.0,0.0,0.0,0.0,0.0,0.05
2022-08-23,Complet - avec 3 rappels entre 3 et 6 mois ou plus,16.45,3.31,3.21,2.1,0.0,0.0,0.0,0.0,0.0,0.0,0.01
2022-08-24,Complet - avec 2 rappels de moins de 3 mois,5049.3,713.53,525.62,252.9,31.88,24.61,3.55,3.45,1.94,0.39,6.93
2022-08-24,Complet - avec 3 rappels entre 3 et 6 mois ou plus,11.17,3.25,1.14,1.1,0.0,0.0,0.0,0.0,0.0,0.0,0.01
2022-08-25,Non-vaccinés,8019.98,1782.73,1287.96,733.09,65.97,46.84,5.64,5.03,5.13,3.93,
2022-08-25,Complet - avec 2 rappels entre 3 mois et 6 mois,2426.87,418.8,360.3,175.49,30.71,19.9,3.56,3.36,2.4,2.21,3.25
2022-08-25,Complet - avec 2 rappels de 6 mois ou plus,243.18,44.67,35.06,14.12,3.02,2.44,0.07,0.03,0.0,0.0,0.47
2022-08-26,Complet - avec 3 rappels de moins de 3 mois,40.39,5.73,1.41,1.25,0.0,0.0,0.46,0.2,0.0,0.0,0.05
2022-08-28,Complet - avec 1 rappel de 6 mois ou plus,8966.58,1052.8,925.47,354.28,101.97,76.88,21.67,18.65,17.37,15.06,62.04
2022-08-31,Complet de 6 mois ou plus - sans rappel,11129.78,1971.28,1208.32,691.38,36.73,29.51,5.02,3.45,5.55,5.23,22.35
2022-08-31,Complet - avec 1 rappel de 6 mois ou plus,35857.69,6880.12,5272.44,3203.57,153.57,128.76,17.56,13.73,19.4,15.44,62.12
2022-09-01,Complet - avec 1 rappel de moins de 3 mois,627.99,86.7,41.26,22.26,2.59,1.03,1.0,1.0,0.05,0.0,1.09
2022-09-02,Complet - avec 2 rappels entre 3 mois et 6 mois,3060.0,399.47,313.34,145.86,30.99,20.83,1.68,1.33,3.79,3.73,3.47
2022-09-03,Complet de moins de 3 mois - sans rappel,143.91,9.25,7.78,3.74,0.0,0.0,0.0,0.0,0.02,0.02,0.18
2022-09-03,Complet - avec 1 rappel de 6 mois ou plus,35136.97,3866.9,3207.04,1730.8,101.14,81.48,10.47,8.52,15.25,11.42,62.2
2022-09-04,Complet - avec 3 rappels entre 3 et 6 mois ou plus,2.3,0.08,0.0,0.0,0.0,0.0,0.0,0.0,0.0,0.0,0.01
2022-09-05,Complet - avec 1 rappel entre 3 mois et 6 mois,1741.56,233.79,175.19,93.95,8.31,4.84,0.67,0.26,2.2,2.0,1.71
2022-09-06,Complet - avec 1 rappel de 6 mois ou plus,42486.38,7229.91,5423.86,3319.41,151.18,128.97,20.69,13.88,24.01,19.74,62.24
2022-09-06,Complet - avec 3 rappels entre 3 et 6 mois ou plus,11.53,1.15,1.16,1.11,0.0,0.0,0.0,0.0,0.0,0.0,0.01
2022-09-07,Primo dose efficace,699.46,100.06,64.43,37.48,3.34,2.01,1.2,1.0,1.0,1.0,1.06
2022-09-08,Primo dose efficace,517.05,75.04,43.25,26.31,1.61,1.38,0.21,0.0,1.3,1.26,1.06
2022-09-08,Complet de moins de 3 mois - sans rappel,117.28,17.12,9.14,5.38,0.07,0.0,0.0,0.0,0.0,0.0,0.17
2022-09-08,Complet - avec 1 rappel de 6 mois ou plus,26320.0,6705.11,4692.05,3062.7,122.32,99.13,15.19,11.5,12.18,11.06,62.22
2022-09-08,Complet - avec 2 rappels de 6 mois ou plus,272.84,47.01,30.35,14.87,1.32,1.17,0.0,0.0,0.0,0.0,0.57
2022-09-08,Complet - avec 3 rappels entre 3 et 6 mois ou plus,13.63,0.14,0.07,0.05,0.0,0.0,0.0,0.0,0.0,0.0,0.01
2022-09-10,Complet - avec 2 rappels entre 3 mois et 6 mois,3474.12,258.12,219.32,92.64,23.38,19.99,4.05,4.0,0.31,0.0,3.8
2022-09-10,Complet - avec 2 rappels de 6 mois ou plus,439.39,33.22,30.48,13.24,5.01,4.88,0.0,0.0,0.0,0.0,0.58
2022-09-11,Primo dose récente,1.3,0.0,0.02,0.0,0.0,0.0,0.0,0.0,0.0,0.0,0.01
2022-09-11,Complet de moins de 3 mois - sans rappel,42.64,1.6,2.33,0.05,0.0,0.0,0.0,0.0,0.02,0.0,0.17
2022-09-11,Complet - avec 2 rappels entre 3 mois et 6 mois,1178.44,95.99,68.82,17.45,18.85,15.59,2.19,2.0,2.38,2.0,3.82
2022-09-11,Complet - avec 3 rappels de moins de 3 mois,22.58,1.22,2.15,0.01,0.0,0.0,0.0,0.0,0.0,0.0,0.06
2022-09-12,Non-vaccinés,17642.28,5342.18,3929.19,2600.44,68.91,50.84,5.8,4.98,3.87,2.75,
2022-09-14,Complet - avec 2 rappels de 6 mois ou plus,521.88,74.91,55.39,22.12,1.99,0.88,1.06,0.03,0.0,0.0,0.62
2022-09-15,Complet de 6 mois ou plus - sans rappel,12105.05,3822.47,2081.06,1373.93,46.62,36.27,4.86,2.07,1.17,1.17,22.41
2022-09-16,Complet - avec 2 rappels de 6 mois ou plus,492.3,86.15,55.62,33.52,2.43,0.57,1.01,1.01,0.0,0.0,0.67
2022-09-17,Non-vaccinés,10869.19,2654.84,1664.65,964.94,45.09,34.01,6.5,5.68,6.56,6.56,
2022-09-17,Complet - avec 2 rappels de 6 mois ou plus,606.67,54.21,54.34,34.36,3.7,2.34,0.35,0.31,0.0,0.0,0.71
2022-09-17,Complet - avec 3 rappels de moins de 3 mois,82.11,4.53,2.71,2.38,0.09,0.0,0.05,0.0,0.0,0.0,0.07
2022-09-18,Primo dose récente,3.24,0.01,0.0,0.0,0.0,0.0,0.0,0.0,0.0,0.0,0.01
2022-09-18,Complet - avec 1 rappel de 6 mois ou plus,10203.23,1474.05,1132.99,553.59,113.53,88.21,16.79,12.28,10.06,9.22,62.13
2022-09-19,Complet de moins de 3 mois - sans rappel,200.74,28.08,17.43,7.11,1.04,0.0,0.0,0.0,0.0,0.0,0.16
2022-09-19,Complet de 6 mois ou plus - sans rappel,21006.11,6393.57,3724.31,2534.68,44.43,29.67,3.5,3.0,2.61,2.34,22.41
2022-09-19,Complet - avec 1 rappel de moins de 3 mois,1205.56,188.61,75.68,42.89,1.43,1.38,0.0,0.0,0.0,0.0,0.93
2022-09-20,Primo dose efficace,916.5,251.42,128.02,84.51,0.53,0.25,0.26,0.2,1.0,0.0,1.06
2022-09-20,Complet - avec 3 rappels de moins de 3 mois,91.63,8.96,8.05,3.58,0.04,0.0,0.0,0.0,0.0,0.0,0.07
2022-09-22,Complet de moins de 3 mois - sans rappel,152.43,34.06,19.19,11.5,2.29,2.0,0.0,0.0,0.02,0.0,0.15
2022-09-22,Complet - avec 2 rappels entre 3 mois et 6 mois,3554.1,796.32,704.18,383.48,51.15,36.37,2.01,1.38,1.62,1.3,4.15
2022-09-22,Complet - avec 3 rappels entre 3 et 6 mois ou plus,25.38,3.4,6.65,2.27,0.0,0.0,0.0,0.0,0.0,0.0,0.01
2022-09-23,Complet entre 3 mois et 6 mois - sans rappel,219.81,51.78,43.45,26.75,0.1,0.1,0.06,0.06,0.0,0.0,0.25
2022-09-26,Primo dose efficace,1041.94,295.68,182.23,108.61,8.85,6.64,0.18,0.0,1.14,1.14,1.06
2022-09-26,Complet - avec 1 rappel de moins de 3 mois,1214.4,246.32,131.25,68.5,4.96,3.18,1.08,1.02,1.2,1.2,0.86
2022-09-26,Complet - avec 2 rappels entre 3 mois et 6 mois,8433.97,1514.91,1539.05,865.48,78.11,59.67,4.05,3.32,4.79,3.39,4.31
2022-09-27,Complet de 6 mois ou plus - sans rappel,17849.94,5926.15,3119.63,2017.9,73.86,56.9,7.09,5.82,2.74,2.25,22.42
2022-09-27,Complet - avec 2 rappels entre 3 mois et 6 mois,6524.56,1205.08,1162.97,614.89,67.03,53.13,6.81,6.27,3.87,3.0,4.37
2022-09-27,Complet - avec 3 rappels entre 3 et 6 mois ou plus,28.81,6.51,3.77,3.41,0.0,0.0,0.0,0.0,0.0,0.0,0.01
2022-09-28,Complet - avec 3 rappels entre 3 et 6 mois ou plus,30.72,5.67,5.65,0.25,0.03,0.0,0.0,0.0,0.0,0.0,0.01
2022-09-29,Complet - avec 1 rappel entre 3 mois et 6 mois,1079.03,324.62,191.27,102.52,10.89,7.87,3.18,3.06,0.3,0.0,1.48
2022-10-01,Primo dose efficace,622.29,135.94,85.0,40.12,5.04,3.8,2.01,2.01,1.04,1.0,1.06
2022-10-01,Complet de moins de 3 mois - sans rappel,91.94,14.13,11.44,2.5,1.01,1.0,0.0,0.0,0.0,0.0,0.13
2022-10-02,Complet de moins de 3 mois - sans rappel,31.58,2.89,1.64,0.04,0.08,0.06,0.0,0.0,0.0,0.0,0.13
2022-10-02,Complet - avec 2 rappels entre 3 mois et 6 mois,1672.19,203.62,214.53,74.1,57.16,45.97,8.06,7.29,4.1,3.49,4.92
2022-10-03,Complet de moins de 3 mois - sans rappel,188.87,39.5,26.19,13.69,4.28,3.24,0.0,0.0,0.0,0.0,0.13
2022-10-06,Complet - avec 2 rappels de 6 mois ou plus,1605.77,474.4,452.42,249.15,40.41,30.86,4.64,4.42,1.39,1.0,1.4
2022-10-06,Complet - avec 3 rappels entre 3 et 6 mois ou plus,27.7,4.81,8.56,2.63,2.02,2.0,0.14,0.14,0.0,0.0,0.02
2022-10-08,Complet de moins de 3 mois - sans rappel,108.77,18.5,19.05,5.58,0.15,0.15,0.0,0.0,0.0,0.0,0.12
2022-10-09,Complet de 6 mois ou plus - sans rappel,3433.01,521.51,437.12,176.08,49.47,41.49,4.32,3.54,4.99,4.4,22.42
2022-10-09,Complet - avec 2 rappels de 6 mois ou plus,562.49,79.31,96.23,32.12,23.71,17.56,0.33,0.08,0.04,0.0,1.58
2022-10-10,Complet - avec 2 rappels entre 3 mois et 6 mois,13723.63,2955.32,3376.17,1866.72,136.92,104.24,8.93,5.94,8.01,6.53,5.79
2022-10-11,Complet entre 3 mois et 6 mois - sans rappel,315.05,71.36,47.47,26.3,0.16,0.1,1.0,1.0,0.0,0.0,0.24
2022-10-11,Complet de 6 mois ou plus - sans rappel,18039.96,5909.72,3565.98,2214.99,108.18,83.32,9.27,9.11,2.02,1.5,22.42
2022-10-11,Complet - avec 1 rappel de 6 mois ou plus,68750.04,23431.42,18546.15,12338.29,458.79,356.91,44.0,39.91,27.61,18.23,61.91
2022-10-12,Complet - avec 2 rappels entre 3 mois et 6 mois,9345.92,2212.09,2413.88,1272.89,138.07,111.23,5.86,3.99,3.0,1.22,6.12
2022-10-12,Complet - avec 3 rappels entre 3 et 6 mois ou plus,39.84,15.22,11.69,5.56,0.28,0.1,1.0,1.0,0.0,0.0,0.03
2022-10-13,Primo dose efficace,702.57,197.05,122.17,74.3,6.55,4.65,0.03,0.0,0.34,0.32,1.05
2022-10-13,Complet - avec 1 rappel de 6 mois ou plus,49400.86,21225.19,16219.75,11011.67,435.97,331.07,50.66,40.44,23.68,17.91,61.88
2022-10-15,Complet - avec 2 rappels de 6 mois ou plus,2305.6,398.95,468.5,228.9,46.21,36.99,3.65,2.84,1.98,1.44,1.89
2022-10-16,Primo dose récente,3.82,0.0,0.03,0.0,0.0,0.0,0.0,0.0,0.0,0.0,0.01
2022-10-16,Complet - avec 3 rappels entre 3 et 6 mois ou plus,10.82,0.29,3.35,0.08,0.24,0.05,0.0,0.0,1.0,1.0,0.03
2022-10-17,Complet de moins de 3 mois - sans rappel,235.61,47.03,30.32,15.18,1.05,1.0,0.0,0.0,0.0,0.0,0.11
2022-10-18,Primo dose récente,28.91,2.05,6.29,0.01,0.0,0.0,0.0,0.0,0.0,0.0,0.01
2022-10-18,Complet - avec 2 rappels entre 3 mois et 6 mois,11008.54,2388.21,2576.58,1325.71,131.15,104.13,15.93,12.52,8.62,8.22,6.42
2022-10-19,Complet - avec 2 rappels de 6 mois ou plus,3240.0,724.77,752.62,389.09,50.77,35.52,2.99,1.31,2.5,2.18,1.96
2022-10-20,Complet - avec 1 rappel entre 3 mois et 6 mois,1216.53,357.16,206.76,104.23,10.8,10.21,1.21,1.15,1.22,1.1,1.48
2022-10-22,Complet - avec 3 rappels de moins de 3 mois,98.35,18.07,9.25,5.39,0.14,0.14,0.0,0.0,0.17,0.17,0.13
2022-10-23,Complet entre 3 mois et 6 mois - sans rappel,62.21,13.33,8.94,3.22,4.24,3.04,0.0,0.0,0.0,0.0,0.23
2022-10-25,Complet - avec 3 rappels entre 3 et 6 mois ou plus,56.38,9.62,10.87,5.76,4.13,3.13,0.0,0.0,0.02,0.0,0.04
2022-10-26,Complet - avec 2 rappels de moins de 3 mois,3354.17,658.8,512.59,252.6,27.78,22.75,2.86,2.46,1.31,1.19,3.39
2022-10-29,Non-vaccinés,3777.39,933.08,363.17,149.89,62.51,51.11,4.87,4.33,6.26,3.71,
2022-10-29,Primo dose récente,3.62,0.01,0.04,0.0,0.0,0.0,0.0,0.0,0.0,0.0,0.01
2022-10-30,Complet - avec 1 rappel entre 3 mois et 6 mois,188.45,27.5,20.38,6.86,3.78,3.28,0.07,0.0,0.14,0.0,1.43
2022-10-30,Complet - avec 2 rappels entre 3 mois et 6 mois,1376.34,180.48,183.53,46.02,71.1,50.83,9.51,7.25,11.44,9.44,7.18
2022-10-31,Primo dose récente,13.95,1.06,1.06,1.0,0.0,0.0,0.0,0.0,0.0,0.0,0.01
2022-11-01,Complet - avec 1 rappel de moins de 3 mois,82.4,9.37,6.17,1.08,1.89,1.44,0.06,0.06,0.0,0.0,0.4
2022-11-03,Complet de 6 mois ou plus - sans rappel,8904.17,2788.82,1585.82,1064.09,64.91,49.58,4.17,3.88,4.13,3.84,22.39
2022-11-07,Non-vaccinés,12965.19,3085.06,1652.65,972.14,85.29,67.68,5.08,4.01,8.61,5.14,
2022-11-20,Primo dose efficace,168.47,29.49,26.6,9.65,4.99,4.84,0.0,0.0,0.13,0.0,1.04
2022-11-21,Complet de 6 mois ou plus - sans rappel,17615.38,5863.83,4160.69,2877.14,77.92,60.15,11.24,9.08,4.22,3.86,22.37
2022-11-21,Complet - avec 2 rappels de moins de 3 mois,5210.21,717.82,519.64,262.75,29.39,24.47,0.58,0.28,1.67,0.67,3.33
2022-11-22,Complet - avec 2 rappels de 6 mois ou plus,4716.51,768.1,832.18,333.89,77.85,67.43,7.53,7.2,8.14,6.0,3.14
2022-11-23,Complet de moins de 3 mois - sans rappel,68.7,21.72,6.26,2.43,0.23,0.01,0.03,0.0,0.0,0.0,0.08
2022-11-24,Non-vaccinés,10569.52,4448.54,1965.73,1258.08,106.67,78.29,4.81,4.24,7.93,7.63,
2022-11-25,Complet - avec 3 rappels de moins de 3 mois,741.75,122.33,99.35,45.8,7.85,7.31,1.02,1.0,0.0,0.0,0.62
2022-11-26,Complet - avec 1 rappel entre 3 mois et 6 mois,721.85,126.25,100.18,53.34,2.11,1.43,0.17,0.0,0.04,0.0,1.15
2022-11-27,Complet - avec 2 rappels de moins de 3 mois,865.88,124.92,90.51,35.06,21.26,18.95,0.16,0.16,2.69,2.44,3.48
2022-11-28,Complet - avec 2 rappels de 6 mois ou plus,6880.79,1152.24,1430.44,641.41,97.96,79.75,8.08,7.81,5.3,4.5,3.21
2022-11-29,Primo dose efficace,803.67,254.01,168.54,110.71,6.29,4.79,0.13,0.13,1.38,1.25,1.04
2022-12-01,Complet - avec 1 rappel entre 3 mois et 6 mois,525.24,108.73,94.84,39.58,12.58,9.15,1.19,1.07,0.21,0.0,1.11
2022-12-02,Non-vaccinés,7071.46,2267.86,1008.22,521.64,125.47,91.06,9.78,6.38,8.7,6.03,
2022-12-03,Complet entre 3 mois et 6 mois - sans rappel,87.42,20.79,8.28,4.47,0.43,0.12,0.0,0.0,0.0,0.0,0.17
2022-12-03,Complet - avec 3 rappels entre 3 et 6 mois ou plus,65.81,8.05,12.42,3.31,4.58,4.0,0.0,0.0,0.0,0.0,0.07
2022-12-04,Complet de 6 mois ou plus - sans rappel,3506.53,755.1,611.15,261.51,61.08,44.56,6.66,4.19,7.87,6.34,22.35
2022-12-04,Complet - avec 1 rappel de moins de 3 mois,103.64,13.66,14.28,3.31,2.54,1.32,0.0,0.0,0.0,0.0,0.35
2022-12-07,Complet - avec 1 rappel de 6 mois ou plus,57158.32,21634.94,15887.74,10658.33,482.37,376.54,57.74,45.56,17.67,10.18,60.0
2023-04-30,Complet entre 3 mois et 6 mois - sans rappel,5.83,4.43,2.24,2.11,0.0,0.0,0.0,0.0,0.0,0.0,0.07
2023-05-01,Complet - avec 1 rappel entre 3 mois et 6 mois,51.4,10.28,4.39,0.06,1.26,1.25,0.03,0.02,0.25,0.25,0.39
2023-05-01,Complet - avec 3 rappels entre 3 et 6 mois ou plus,494.95,73.79,61.74,13.6,14.36,10.4,1.81,1.35,1.22,1.1,3.43
2023-05-02,Complet - avec 2 rappels de moins de 3 mois,223.5,28.24,25.58,10.35,1.87,0.37,0.03,0.03,0.0,0.0,0.4
2023-05-03,Complet - avec 2 rappels de moins de 3 mois,111.06,14.59,7.78,2.66,0.03,0.03,1.03,1.03,0.0,0.0,0.37
2023-05-04,Complet - avec 1 rappel de moins de 3 mois,25.1,8.02,4.47,1.27,0.0,0.0,0.0,0.0,0.0,0.0,0.08
2023-05-05,Primo dose efficace,114.0,29.07,15.59,4.25,2.57,1.3,0.12,0.1,0.0,0.0,1.03
2023-05-06,Complet de moins de 3 mois - sans rappel,5.68,0.08,0.0,0.0,0.02,0.02,0.0,0.0,0.0,0.0,0.03
2023-05-07,Complet - avec 1 rappel de 6 mois ou plus,1994.89,366.69,188.94,64.52,46.85,32.15,1.98,1.42,7.59,5.77,56.99
2023-05-08,Non-vaccinés,1009.96,222.15,100.98,33.28,18.33,11.27,3.37,3.12,1.07,1.0,
2023-05-09,Complet - avec 2 rappels de 6 mois ou plus,4757.04,668.28,488.27,210.3,35.71,26.7,5.6,3.6,2.6,0.0,9.52
2023-05-11,Complet entre 3 mois et 6 mois - sans rappel,15.48,1.58,0.36,0.3,0.13,0.0,0.0,0.0,0.0,0.0,0.07
2023-05-13,Complet - avec 2 rappels de 6 mois ou plus,2546.83,288.5,171.67,72.41,23.5,13.66,1.48,1.48,2.95,2.25,9.74
2023-05-21,Complet - avec 3 rappels de moins de 3 mois,38.61,9.12,3.15,1.13,0.01,0.01,0.0,0.0,0.17,0.0,0.42
2023-05-21,Complet - avec 3 rappels entre 3 et 6 mois ou plus,372.06,69.99,27.28,9.74,3.94,2.34,0.0,0.0,1.27,1.0,3.8
2023-05-22,Complet - avec 3 rappels de moins de 3 mois,184.02,24.41,9.03,1.74,0.3,0.01,0.04,0.04,0.0,0.0,0.42
2023-05-23,Complet de 6 mois ou plus - sans rappel,2480.17,593.15,229.51,134.09,13.88,9.76,2.17,2.08,1.0,1.0,22.27
2023-05-25,Complet - avec 1 rappel entre 3 mois et 6 mois,70.59,18.48,7.73,4.61,0.01,0.01,0.01,0.01,0.0,0.0,0.34
2023-05-26,Complet - avec 1 rappel de moins de 3 mois,19.25,5.25,2.09,2.03,0.1,0.0,0.0,0.0,0.02,0.02,0.06
2023-05-26,Complet - avec 2 rappels entre 3 mois et 6 mois,600.46,182.15,64.39,32.32,3.69,2.36,0.13,0.0,2.57,0.32,4.43
2023-05-27,Primo dose récente,0.0,0.0,0.0,0.0,0.0,0.0,0.0,0.0,0.0,0.0,0.0
2023-05-27,Complet - avec 1 rappel entre 3 mois et 6 mois,72.3,8.57,2.41,1.21,0.01,0.01,0.0,0.0,0.0,0.0,0.33
2023-05-28,Primo dose efficace,31.98,6.47,4.42,1.12,1.15,1.15,0.0,0.0,0.0,0.0,1.03
2023-05-28,Complet entre 3 mois et 6 mois - sans rappel,3.41,0.06,1.0,0.0,1.0,1.0,0.0,0.0,0.0,0.0,0.06
2023-05-28,Complet de 6 mois ou plus - sans rappel,487.87,101.74,35.9,14.11,4.17,3.82,3.06,2.56,1.3,1.1,22.28
2023-05-29,Non-vaccinés,872.82,198.88,80.99,29.69,11.56,9.63,3.1,2.81,3.07,2.15,
2023-05-30,Complet - avec 2 rappels entre 3 mois et 6 mois,1363.38,216.77,94.69,50.91,1.56,1.22,1.36,1.13,0.09,0.0,4.3
2023-05-31,Primo dose récente,0.06,0.0,0.0,0.0,0.0,0.0,0.0,0.0,0.0,0.0,0.0
2023-05-31,Complet entre 3 mois et 6 mois - sans rappel,10.6,0.22,1.15,0.0,0.0,0.0,0.0,0.0,0.0,0.0,0.06
2023-06-01,Complet entre 3 mois et 6 mois - sans rappel,12.37,5.22,4.07,3.02,0.0,0.0,0.0,0.0,0.0,0.0,0.06
2023-06-02,Complet de moins de 3 mois - sans rappel,1.19,0.0,0.0,0.0,0.22,0.22,0.0,0.0,0.01,0.0,0.02
2023-06-02,Complet - avec 1 rappel de moins de 3 mois,12.13,3.24,2.19,0.04,0.1,0.0,0.0,0.0,0.01,0.0,0.05
2023-06-02,Complet - avec 1 rappel de 6 mois ou plus,5398.29,1340.2,537.11,311.5,48.71,31.58,1.68,1.0,7.15,6.56,57.09
2023-06-02,Complet - avec 2 rappels de moins de 3 mois,31.78,4.79,1.43,1.14,0.04,0.0,0.0,0.0,0.0,0.0,0.14
2023-06-02,Complet - avec 2 rappels entre 3 mois et 6 mois,671.57,137.14,57.77,20.23,4.6,2.13,1.06,1.0,1.44,1.24,4.05
2023-06-02,Complet - avec 3 rappels de moins de 3 mois,82.27,15.31,7.03,2.93,2.4,1.3,1.0,1.0,0.03,0.0,0.34
2023-06-08,Complet - avec 3 rappels entre 3 et 6 mois ou plus,646.55,167.61,83.09,43.78,4.6,2.15,0.22,0.22,0.2,0.2,3.95
2023-06-11,Primo dose efficace,42.14,3.94,2.42,0.18,1.01,1.0,0.0,0.0,0.04,0.04,1.03
2021-08-26,Complet entre 3 mois et 6 mois - sans rappel,21904.73,2508.35,1064.37,427.74,69.97,53.53,14.06,12.13,14.0,9.44,20.18
2021-08-27,Complet - avec 1 rappel entre 3 mois et 6 mois,0.0,0.0,0.0,0.0,0.0,0.0,0.0,0.0,0.0,0.0,0.0
2021-09-05,Primo dose efficace,4196.79,239.08,117.2,26.98,13.33,10.08,4.29,3.65,7.49,6.69,9.59
2021-09-09,Primo dose récente,7108.35,431.23,221.71,105.16,12.08,10.19,1.83,1.8,0.02,0.02,2.46
2021-09-09,Complet - avec 2 rappels de moins de 3 mois,1.0,0.0,0.0,0.0,0.0,0.0,0.0,0.0,0.0,0.0,0.0
2021-09-11,Complet - avec 1 rappel de moins de 3 mois,205.75,7.4,2.09,1.02,1.29,1.29,0.0,0.0,0.01,0.01,0.21
2021-09-13,Non-vaccinés,80945.31,10758.82,5626.59,2363.6,218.44,163.22,62.78,51.29,40.53,30.86,
2021-09-14,Complet de moins de 3 mois - sans rappel,54767.8,9027.8,1461.64,620.42,47.38,36.71,11.86,10.46,7.16,6.41,58.53
2021-09-14,Complet de 6 mois ou plus - sans rappel,8359.18,617.04,235.75,67.01,22.4,17.11,3.39,2.15,5.97,4.31,4.24
2021-09-15,Primo dose efficace,13743.58,1181.24,261.65,92.76,17.94,13.89,4.6,2.96,4.45,4.23,7.0
2021-09-17,Complet de 6 mois ou plus - sans rappel,6901.46,534.57,151.29,46.5,20.51,15.73,1.85,1.14,6.43,5.73,4.29
2021-09-19,Complet - avec 1 rappel de 6 mois ou plus,0.0,0.0,0.0,0.0,0.0,0.0,0.04,0.04,0.0,0.0,0.0
2021-09-20,Complet - avec 1 rappel entre 3 mois et 6 mois,0.0,0.0,0.0,0.0,0.0,0.0,0.0,0.0,0.0,0.0,0.0
2021-09-24,Complet - avec 2 rappels de moins de 3 mois,1.19,0.0,0.0,0.0,0.0,0.0,0.0,0.0,0.0,0.0,0.0
2021-10-01,Non-vaccinés,67628.51,6375.02,2008.8,758.58,110.55,79.35,22.69,17.31,29.05,20.77,
2021-10-02,Complet de moins de 3 mois - sans rappel,29714.4,2833.9,356.35,122.97,11.68,6.58,6.33,5.74,3.01,2.47,47.27
2021-10-03,Complet - avec 1 rappel entre 3 mois et 6 mois,0.0,0.0,0.0,0.0,0.0,0.0,0.0,0.0,0.0,0.0,0.0
2021-10-06,Complet - avec 1 rappel entre 3 mois et 6 mois,2.05,0.0,0.0,0.0,0.0,0.0,0.0,0.0,0.0,0.0,0.0
2021-10-07,Complet de moins de 3 mois - sans rappel,30100.99,5324.58,582.87,245.06,13.09,8.26,2.78,1.13,0.86,0.44,44.0
2021-10-08,Primo dose récente,2884.22,121.39,31.5,13.8,0.73,0.55,0.36,0.14,1.0,1.0,0.82
2021-10-12,Primo dose récente,1862.97,104.96,29.17,11.37,0.59,0.43,0.16,0.07,0.04,0.0,0.8
2021-11-01,Complet - avec 1 rappel entre 3 mois et 6 mois,0.0,0.0,0.0,0.0,0.0,0.0,0.0,0.0,0.0,0.0,0.0
2021-11-03,Complet - avec 1 rappel de 6 mois ou plus,0.0,0.0,0.0,0.0,0.0,0.0,0.0,0.0,0.0,0.0,0.0
2021-11-07,Complet - avec 1 rappel entre 3 mois et 6 mois,0.0,0.0,0.0,0.0,0.0,0.0,0.0,0.0,0.0,0.0,0.0
2021-11-08,Complet - avec 1 rappel de 6 mois ou plus,0.0,0.0,0.0,0.0,0.0,0.0,0.0,0.0,0.0,0.0,0.0
2021-11-13,Complet - avec 1 rappel de moins de 3 mois,8562.37,499.58,103.22,25.79,12.27,9.14,4.66,2.56,2.33,2.0,7.1
2021-11-14,Complet de 6 mois ou plus - sans rappel,4083.43,406.76,208.15,92.13,47.87,38.1,17.45,15.08,7.05,6.85,11.69
2021-11-15,Primo dose efficace,6284.45,618.18,250.88,123.09,21.44,16.7,2.19,2.06,0.98,0.32,2.86
2021-11-17,Primo dose récente,916.82,118.79,80.13,43.87,1.55,1.29,0.45,0.21,1.0,1.0,0.46
2021-11-17,Complet de moins de 3 mois - sans rappel,22295.86,4186.39,1363.42,692.63,24.93,20.11,3.23,2.33,0.46,0.46,20.2
2021-11-18,Primo dose récente,826.62,123.72,74.82,41.69,1.98,1.56,0.15,0.15,0.0,0.0,0.46
2021-11-18,Primo dose efficace,4445.94,687.92,242.26,116.13,12.23,8.92,0.42,0.22,1.3,0.3,2.74
2021-11-19,Complet entre 3 mois et 6 mois - sans rappel,84237.14,15557.66,6925.81,3588.71,99.98,81.45,22.65,15.39,12.11,9.94,57.41
2021-11-22,Primo dose récente,1238.49,159.7,123.02,70.05,3.31,3.07,0.26,0.06,0.0,0.0,0.48
2021-11-23,Complet - avec 1 rappel de 6 mois ou plus,0.0,0.0,0.0,0.0,0.0,0.0,0.0,0.0,0.0,0.0,0.0
2021-11-23,Complet - avec 3 rappels de moins de 3 mois,0.0,0.0,0.0,0.0,0.0,0.0,0.0,0.0,0.0,0.0,0.0
2022-01-19,Complet - avec 2 rappels entre 3 mois et 6 mois,24.96,0.28,5.43,0.26,1.21,1.18,0.0,0.0,0.0,0.0,0.0
2022-01-23,Complet - avec 2 rappels entre 3 mois et 6 mois,9.66,3.08,4.3,3.08,1.22,1.12,0.0,0.0,0.0,0.0,0.0
2022-01-25,Complet - avec 1 rappel de moins de 3 mois,181046.88,44755.0,45918.03,21564.31,589.53,468.85,57.19,48.46,41.06,30.76,55.79
2022-01-28,Primo dose efficace,6724.84,2082.0,2461.78,1204.11,83.86,60.06,5.76,4.92,11.47,9.96,1.8
2022-01-28,Complet de moins de 3 mois - sans rappel,14681.78,4207.27,4943.8,2338.08,94.31,72.55,10.1,8.66,7.9,7.03,4.32
2022-01-29,Complet - avec 3 rappels de moins de 3 mois,0.07,0.0,0.0,0.0,0.0,0.0,0.0,0.0,0.0,0.0,0.0
2022-01-30,Primo dose récente,357.93,89.83,135.19,60.23,6.23,5.13,1.17,1.1,1.52,0.0,0.49
2022-01-31,Complet de 6 mois ou plus - sans rappel,39107.64,13529.73,16712.72,8855.61,245.32,199.18,43.65,39.54,45.84,37.97,9.87
2022-01-31,Complet - avec 1 rappel de 6 mois ou plus,3.24,0.08,1.2,0.08,0.0,0.0,0.06,0.06,0.05,0.0,0.0
2022-02-01,Complet de moins de 3 mois - sans rappel,14310.88,4217.26,4668.6,2312.95,110.52,90.06,17.26,14.37,11.51,9.15,4.3
2022-02-02,Primo dose efficace,6124.32,1729.47,2030.29,970.92,55.11,35.69,3.87,1.14,10.13,6.3,1.83
2022-02-03,Primo dose efficace,5516.66,1540.89,1785.78,884.05,58.57,41.48,5.34,4.71,10.74,7.0,1.82
2022-02-05,Complet entre 3 mois et 6 mois - sans rappel,27520.63,7896.42,10019.8,4889.16,157.38,121.41,28.13,24.11,26.78,22.52,17.23
2022-02-06,Complet de 6 mois ou plus - sans rappel,5037.45,1013.69,1401.52,578.03,113.39,87.46,25.34,18.71,41.29,34.31,10.09
2022-02-07,Primo dose récente,1195.77,329.13,429.34,236.43,10.04,8.6,1.07,1.07,0.16,0.0,0.32
2022-02-07,Complet entre 3 mois et 6 mois - sans rappel,49734.45,17607.01,20745.81,11374.46,200.11,160.13,23.36,19.3,25.35,18.15,16.8
2022-02-08,Complet - avec 1 rappel entre 3 mois et 6 mois,22931.46,2920.8,4445.67,1364.72,264.69,207.04,27.67,21.07,34.32,24.05,6.97
2022-02-08,Complet - avec 3 rappels de moins de 3 mois,3.38,0.02,0.35,0.0,0.0,0.0,0.0,0.0,0.0,0.0,0.0
2022-02-08,Complet - avec 3 rappels entre 3 et 6 mois ou plus,0.0,0.0,0.0,0.0,0.0,0.0,0.0,0.0,0.0,0.0,0.0
2022-02-11,Complet - avec 1 rappel entre 3 mois et 6 mois,16824.97,2615.54,3508.35,1184.22,193.49,146.84,21.81,15.56,42.03,32.59,7.66
2022-02-12,Primo dose efficace,2277.1,393.64,465.57,210.5,23.36,17.93,2.06,1.45,7.82,5.62,1.65
2022-02-12,Complet de 6 mois ou plus - sans rappel,12961.26,2460.94,2785.72,1237.59,100.82,76.47,19.77,13.66,36.98,31.05,10.77
2022-02-12,Complet - avec 3 rappels de moins de 3 mois,4.12,0.02,1.1,0.0,0.0,0.0,0.0,0.0,0.0,0.0,0.0
2022-02-12,Complet - avec 3 rappels entre 3 et 6 mois ou plus,0.0,0.0,0.0,0.0,0.0,0.0,0.0,0.0,0.0,0.0,0.0
2022-02-16,Complet entre 3 mois et 6 mois - sans rappel,19276.37,4992.55,5204.03,2711.29,115.08,84.95,21.03,15.17,17.48,14.38,13.28
2022-02-16,Complet - avec 1 rappel de 6 mois ou plus,1.17,1.14,1.17,1.14,0.0,0.0,0.0,0.0,0.1,0.05,0.0
2022-02-17,Complet entre 3 mois et 6 mois - sans rappel,16497.09,4088.52,4227.73,2113.39,103.11,78.13,18.26,13.88,17.82,12.8,12.83
2022-02-18,Complet - avec 3 rappels de moins de 3 mois,0.2,0.0,0.02,0.0,0.0,0.0,0.0,0.0,0.0,0.0,0.0
2022-02-21,Complet - avec 3 rappels de moins de 3 mois,3.22,2.03,1.02,0.0,0.0,0.0,0.0,0.0,0.0,0.0,0.0
2022-02-22,Non-vaccinés,27082.02,6290.19,6067.4,3032.41,322.84,246.92,38.38,32.81,45.5,33.68,
2022-02-23,Complet de moins de 3 mois - sans rappel,6271.55,1194.04,1124.92,551.58,39.77,30.49,6.86,5.77,5.19,4.31,4.01
2022-02-24,Complet - avec 3 rappels de moins de 3 mois,1.11,0.0,0.01,0.0,0.0,0.0,0.0,0.0,0.0,0.0,0.0
2022-02-25,Complet - avec 1 rappel de 6 mois ou plus,1.06,0.03,1.06,0.03,0.0,0.0,0.0,0.0,0.0,0.0,0.0
2022-02-26,Complet - avec 2 rappels de moins de 3 mois,686.06,42.29,40.83,12.4,3.56,3.23,0.16,0.13,0.0,0.0,0.48
2022-03-02,Complet de moins de 3 mois - sans rappel,5129.22,1102.86,893.15,466.46,24.06,21.04,1.21,1.15,5.17,4.7,3.82
2022-03-03,Non-vaccinés,22117.99,5755.17,5027.59,2748.48,211.89,170.4,23.84,19.93,50.83,40.26,
2022-03-03,Complet - avec 1 rappel entre 3 mois et 6 mois,20176.01,3423.24,3505.2,1558.71,244.05,181.18,23.22,18.92,53.11,42.28,15.96
2022-03-03,Complet - avec 2 rappels de moins de 3 mois,715.27,91.38,77.56,36.2,1.36,1.2,1.33,0.22,1.1,1.0,0.51
2022-03-03,Complet - avec 3 rappels entre 3 et 6 mois ou plus,0.0,0.0,0.0,0.0,0.0,0.0,0.0,0.0,0.0,0.0,0.0
2022-03-04,Non-vaccinés,22311.56,5737.86,4935.15,2647.62,198.36,156.42,24.72,20.1,46.02,39.19,
2022-03-07,Complet de 6 mois ou plus - sans rappel,18160.67,3955.72,3336.51,1850.98,74.69,57.13,8.69,8.42,18.23,14.44,14.58
2022-03-08,Complet de 6 mois ou plus - sans rappel,14654.73,3378.8,2379.43,1320.69,71.27,58.31,7.44,6.17,19.43,17.53,14.7
2022-03-10,Complet - avec 2 rappels de moins de 3 mois,795.55,115.71,105.46,50.23,5.09,4.52,2.04,2.0,0.02,0.0,0.56
2022-03-10,Complet - avec 2 rappels entre 3 mois et 6 mois,42.23,9.7,9.34,4.26,1.29,1.29,0.0,0.0,0.0,0.0,0.02
2022-03-13,Complet de moins de 3 mois - sans rappel,1306.23,232.09,178.18,83.25,19.76,18.53,1.25,0.25,6.33,4.48,3.42
2022-03-13,Complet entre 3 mois et 6 mois - sans rappel,2028.12,295.43,280.16,121.96,35.99,26.6,2.39,2.0,4.49,2.67,6.26
2022-03-14,Complet - avec 1 rappel de moins de 3 mois,82009.63,22468.92,20032.48,12016.35,251.67,205.13,23.4,20.48,21.32,18.08,46.12
2022-03-15,Non-vaccinés,30774.87,9449.08,7315.93,4254.5,240.57,185.36,20.42,17.42,24.0,21.0,
2022-03-15,Complet - avec 1 rappel entre 3 mois et 6 mois,51824.09,10851.13,11171.2,5832.75,364.12,276.77,24.94,18.19,30.16,27.04,27.45
2022-03-15,Complet - avec 2 rappels de moins de 3 mois,1103.19,137.25,113.33,55.28,1.82,1.39,1.08,1.05,0.07,0.0,0.59
2022-03-15,Complet - avec 3 rappels de moins de 3 mois,3.07,1.01,1.03,1.01,0.0,0.0,0.0,0.0,0.0,0.0,0.0
2022-03-17,Complet - avec 1 rappel de 6 mois ou plus,1722.06,344.89,483.66,212.2,33.31,25.01,3.42,3.22,4.12,3.9,0.8
2022-03-18,Complet - avec 1 rappel de moins de 3 mois,57809.05,17374.1,15648.15,9388.65,158.85,127.96,18.72,15.08,8.86,7.79,40.37
2022-03-19,Complet de moins de 3 mois - sans rappel,3853.89,928.56,910.97,505.0,14.99,12.19,1.73,1.31,1.22,1.14,3.12
2022-03-19,Complet - avec 2 rappels de moins de 3 mois,896.81,104.6,115.44,55.15,4.85,4.5,0.03,0.0,0.0,0.0,0.61
2022-03-20,Complet de moins de 3 mois - sans rappel,1285.21,283.95,233.89,103.35,14.46,12.85,1.05,1.05,0.6,0.3,3.08
2022-03-20,Complet - avec 1 rappel de 6 mois ou plus,587.64,89.64,98.71,36.49,25.26,23.35,1.62,1.62,4.51,3.38,1.02
2022-03-20,Complet - avec 2 rappels de moins de 3 mois,272.63,33.4,25.4,8.77,4.22,4.2,0.0,0.0,0.0,0.0,0.61
2022-03-21,Primo dose récente,143.09,43.22,44.39,29.63,1.08,1.06,0.0,0.0,0.02,0.0,0.04
2022-03-21,Complet - avec 1 rappel entre 3 mois et 6 mois,101436.27,29248.9,34646.59,20316.51,458.24,367.3,33.93,29.06,22.26,18.44,34.66
2022-03-21,Complet - avec 2 rappels de moins de 3 mois,1610.16,289.31,292.88,153.95,8.95,8.4,0.06,0.0,0.34,0.34,0.61
2022-03-21,Complet - avec 3 rappels entre 3 et 6 mois ou plus,0.0,0.0,0.0,0.0,0.0,0.0,0.0,0.0,0.0,0.0,0.0
2022-03-22,Complet - avec 2 rappels entre 3 mois et 6 mois,114.58,23.2,31.52,13.42,1.04,1.0,0.0,0.0,0.0,0.0,0.04
2022-03-23,Non-vaccinés,40498.14,16048.0,14470.53,8777.61,245.51,188.64,23.98,20.01,20.67,18.16,
2022-03-23,Complet - avec 2 rappels de 6 mois ou plus,2.36,0.06,1.15,0.06,0.0,0.0,0.0,0.0,0.0,0.0,0.0
2022-03-24,Complet - avec 1 rappel de moins de 3 mois,56285.8,23029.66,21189.04,13865.83,160.78,120.84,19.47,17.25,11.84,7.98,33.6
2022-03-24,Complet - avec 3 rappels de moins de 3 mois,5.09,3.05,2.05,2.05,0.0,0.0,0.0,0.0,0.0,0.0,0.0
2022-03-25,Complet entre 3 mois et 6 mois - sans rappel,8971.2,3338.17,3132.74,1928.47,44.19,37.43,5.01,4.77,7.15,6.32,5.23
2022-03-25,Complet - avec 1 rappel de 6 mois ou plus,3837.35,891.92,1171.54,559.76,53.0,44.08,2.35,1.32,10.92,9.74,1.39
2022-03-26,Primo dose efficace,1354.17,286.05,277.92,141.8,10.3,8.58,1.43,1.01,2.37,1.37,1.2
2022-03-26,Complet entre 3 mois et 6 mois - sans rappel,6198.17,1738.76,1824.17,1025.48,32.97,25.03,2.95,2.59,2.18,1.82,5.09
2022-03-26,Complet - avec 1 rappel entre 3 mois et 6 mois,62265.83,16208.06,19069.77,10797.14,320.95,265.53,36.04,30.01,31.73,26.49,39.13
2022-03-26,Complet - avec 3 rappels entre 3 et 6 mois ou plus,0.0,0.0,0.0,0.0,0.0,0.0,0.0,0.0,0.0,0.0,0.0
2022-03-27,Primo dose récente,31.45,4.74,3.67,3.21,0.03,0.0,0.0,0.0,0.0,0.0,0.03
2022-03-27,Primo dose efficace,491.22,87.71,72.74,32.28,10.99,10.03,1.65,1.34,1.1,1.05,1.2
2022-03-27,Complet - avec 2 rappels de 6 mois ou plus,0.03,0.0,0.0,0.0,0.0,0.0,0.0,0.0,0.0,0.0,0.0
2022-03-28,Complet - avec 1 rappel de 6 mois ou plus,7421.99,1370.41,2189.27,926.48,74.07,52.57,5.86,4.47,11.92,9.43,1.49
2022-03-31,Complet - avec 2 rappels de 6 mois ou plus,8.46,0.02,1.12,0.0,0.0,0.0,0.0,0.0,0.0,0.0,0.0
2022-04-01,Complet de moins de 3 mois - sans rappel,4878.16,1803.33,1661.68,996.13,23.17,16.56,2.12,2.03,1.72,1.51,2.68
2022-04-02,Primo dose récente,60.12,9.42,13.48,6.61,0.0,0.0,0.0,0.0,0.06,0.0,0.03
2022-04-02,Primo dose efficace,1278.08,275.9,288.35,141.34,10.54,8.84,1.08,1.02,3.55,3.25,1.19
2022-04-02,Complet entre 3 mois et 6 mois - sans rappel,5253.84,1436.13,1488.7,828.96,40.72,29.94,2.52,2.34,2.75,2.42,4.57
2022-04-02,Complet - avec 1 rappel entre 3 mois et 6 mois,64983.06,17113.96,20793.35,11441.81,356.49,273.72,41.13,28.9,30.88,20.79,42.93
2022-04-02,Complet - avec 1 rappel de 6 mois ou plus,3363.14,648.86,897.28,403.29,56.14,46.14,3.86,2.02,7.55,5.79,1.88
2022-04-03,Complet - avec 3 rappels entre 3 et 6 mois ou plus,0.0,0.0,0.0,0.0,0.0,0.0,0.0,0.0,0.0,0.0,0.0
2022-04-04,Primo dose efficace,2673.1,664.48,686.1,343.9,22.41,15.17,1.42,1.29,1.02,0.67,1.18
2022-04-04,Complet de moins de 3 mois - sans rappel,6972.35,2750.0,2703.25,1641.52,33.91,26.03,2.33,2.17,4.63,4.54,2.67
2022-04-05,Complet de moins de 3 mois - sans rappel,5607.91,2109.69,1878.58,1142.52,33.04,28.26,2.33,2.12,2.54,2.17,2.62
2022-04-05,Complet - avec 3 rappels de moins de 3 mois,4.13,0.0,0.0,0.0,0.0,0.0,0.0,0.0,0.0,0.0,0.0
2022-04-06,Complet de 6 mois ou plus - sans rappel,27984.23,10122.15,8193.07,5048.96,118.06,93.88,13.14,11.49,17.57,14.1,17.76
2022-04-06,Complet - avec 3 rappels de moins de 3 mois,2.12,1.0,1.03,1.0,0.0,0.0,0.0,0.0,0.0,0.0,0.0
2022-04-07,Complet - avec 2 rappels de 6 mois ou plus,3.82,0.09,1.34,0.06,0.09,0.09,0.0,0.0,0.0,0.0,0.0
2022-04-08,Non-vaccinés,34278.35,13138.23,11587.2,6899.61,293.24,236.42,30.49,21.13,11.73,9.06,
2022-04-08,Complet - avec 1 rappel de moins de 3 mois,39116.36,14668.45,14658.12,9081.86,137.59,103.63,12.22,10.83,9.96,5.92,23.22
2022-04-09,Complet - avec 2 rappels de 6 mois ou plus,4.32,1.03,1.13,0.0,0.13,0.13,0.0,0.0,0.0,0.0,0.0
2022-04-09,Complet - avec 3 rappels de moins de 3 mois,1.07,0.0,0.02,0.0,0.0,0.0,0.0,0.0,0.0,0.0,0.0
2022-04-10,Complet - avec 1 rappel entre 3 mois et 6 mois,19084.83,4369.53,5694.34,2693.48,390.3,303.82,47.7,36.71,35.0,26.07,49.51
2022-04-10,Complet - avec 2 rappels de moins de 3 mois,489.82,44.51,60.17,13.61,14.92,7.0,2.15,2.0,0.23,0.08,1.24
2022-04-11,Complet entre 3 mois et 6 mois - sans rappel,9985.69,3207.98,3537.36,2039.94,69.42,55.87,2.78,2.32,8.25,6.88,4.28
2022-04-11,Complet - avec 1 rappel entre 3 mois et 6 mois,146520.74,52627.66,62946.82,38454.15,696.74,551.01,82.84,66.25,47.14,32.06,49.78
2022-04-12,Complet entre 3 mois et 6 mois - sans rappel,7881.98,2477.34,2497.33,1450.76,56.59,46.41,2.07,1.74,8.2,6.65,4.28
2022-04-12,Complet - avec 2 rappels de 6 mois ou plus,11.2,2.2,3.34,2.17,0.0,0.0,0.0,0.0,0.0,0.0,0.0
2022-04-13,Complet de moins de 3 mois - sans rappel,4021.07,1292.73,1345.23,774.64,29.04,25.79,0.69,0.52,4.72,4.28,2.16
2022-04-13,Complet - avec 2 rappels de 6 mois ou plus,4.89,1.18,1.24,1.12,0.03,0.03,0.0,0.0,0.0,0.0,0.0
2022-04-13,Complet - avec 3 rappels entre 3 et 6 mois ou plus,0.02,0.0,0.0,0.0,0.0,0.0,0.0,0.0,0.0,0.0,0.0
2022-04-14,Non-vaccinés,28843.04,9988.84,9385.48,5421.49,250.01,191.51,32.02,25.92,26.03,23.53,
2022-04-14,Complet de moins de 3 mois - sans rappel,3328.7,1083.49,1121.33,620.26,25.26,22.3,3.4,3.0,2.63,2.19,2.09
2022-04-15,Primo dose récente,78.54,21.55,17.19,7.81,0.17,0.14,0.0,0.0,0.0,0.0,0.04
2022-04-15,Complet de moins de 3 mois - sans rappel,3106.6,979.82,1004.4,588.3,21.8,18.51,0.68,0.52,2.7,2.21,2.03
2022-04-15,Complet - avec 3 rappels entre 3 et 6 mois ou plus,2.0,0.0,0.0,0.0,0.0,0.0,0.0,0.0,0.0,0.0,0.0
2022-04-16,Primo dose efficace,1180.19,240.92,251.6,133.21,7.93,6.25,2.08,2.01,2.0,0.7,1.16
2022-04-16,Complet de moins de 3 mois - sans rappel,2310.01,552.69,628.59,323.26,16.06,13.12,1.29,1.07,1.63,1.32,1.96
2022-04-16,Complet entre 3 mois et 6 mois - sans rappel,4436.14,1032.95,1170.35,608.79,34.61,25.42,4.56,4.32,5.94,5.52,4.21
2022-04-16,Complet - avec 1 rappel entre 3 mois et 6 mois,68257.64,18885.36,23634.79,13114.81,379.54,300.39,47.95,39.52,53.64,43.69,54.23
2022-04-16,Complet - avec 1 rappel de 6 mois ou plus,4703.63,1031.41,1440.82,679.93,93.06,75.77,5.21,4.5,9.24,6.9,2.93
2022-04-17,Complet - avec 2 rappels de 6 mois ou plus,2.07,0.06,0.01,0.01,1.08,1.03,0.0,0.0,0.0,0.0,0.0
2022-04-18,Primo dose efficace,575.04,75.09,92.63,34.88,10.64,6.53,1.41,1.04,1.78,1.27,1.16
2022-04-18,Complet - avec 1 rappel entre 3 mois et 6 mois,26152.95,5752.44,7437.27,3653.45,387.67,306.74,59.79,51.55,51.28,42.9,55.03
2022-04-19,Complet entre 3 mois et 6 mois - sans rappel,8724.78,2530.24,2930.71,1636.95,42.06,32.32,6.61,6.07,3.76,3.24,4.18
2022-04-20,Non-vaccinés,26924.86,7772.51,7673.73,4233.41,217.03,159.16,26.35,19.08,26.49,22.22,
2022-04-20,Complet de moins de 3 mois - sans rappel,2708.53,770.26,790.61,447.04,24.01,20.07,2.22,0.8,1.47,1.45,1.82
2022-04-20,Complet - avec 1 rappel de moins de 3 mois,18683.33,5906.32,5660.04,3471.07,76.45,55.33,10.29,9.14,4.85,4.02,13.21
2022-04-20,Complet - avec 3 rappels de moins de 3 mois,5.44,1.06,3.08,1.0,1.0,1.0,0.05,0.0,0.0,0.0,0.0
2022-04-21,Complet - avec 1 rappel entre 3 mois et 6 mois,75442.53,27106.58,28909.97,17583.38,588.59,471.6,64.51,52.04,53.36,39.82,56.51
2022-04-21,Complet - avec 2 rappels de moins de 3 mois,2819.44,546.34,621.27,256.34,36.24,29.25,7.9,6.6,1.32,0.17,1.69
2022-04-22,Complet - avec 2 rappels entre 3 mois et 6 mois,376.12,100.15,114.79,66.15,4.96,4.55,0.09,0.0,0.09,0.09,0.2
2022-04-24,Complet de moins de 3 mois - sans rappel,576.97,79.86,99.71,36.69,12.02,8.35,1.84,1.51,1.05,1.0,1.62
2022-04-25,Complet de 6 mois ou plus - sans rappel,24329.95,5507.1,4999.82,2767.08,94.56,77.64,11.57,9.81,8.08,6.66,18.7
2022-04-26,Non-vaccinés,21752.3,5472.73,5369.6,2977.18,220.09,161.85,22.57,19.64,29.63,22.92,
2022-04-26,Complet de moins de 3 mois - sans rappel,2003.32,479.37,477.7,266.85,12.29,11.53,3.05,2.0,2.22,2.14,1.57
2022-04-26,Complet - avec 1 rappel de 6 mois ou plus,9409.28,1623.38,2295.67,959.43,112.29,85.48,13.06,9.1,17.57,12.39,3.78
2022-04-26,Complet - avec 3 rappels entre 3 et 6 mois ou plus,1.07,0.03,0.03,0.03,0.0,0.0,0.0,0.0,0.0,0.0,0.0
2022-04-27,Complet - avec 1 rappel entre 3 mois et 6 mois,74140.16,19425.91,20953.52,11790.73,397.7,321.49,50.44,42.0,57.38,46.48,58.57
2022-04-28,Primo dose récente,51.88,8.03,11.56,5.77,0.0,0.0,0.0,0.0,0.0,0.0,0.03
2022-04-28,Complet de moins de 3 mois - sans rappel,1658.61,405.09,398.42,218.05,7.99,6.3,0.22,0.21,1.41,1.25,1.46
2022-04-29,Complet - avec 2 rappels de 6 mois ou plus,2.77,1.38,0.32,0.23,0.0,0.0,0.0,0.0,0.0,0.0,0.0
2022-05-01,Complet entre 3 mois et 6 mois - sans rappel,1070.66,129.76,137.16,51.8,16.32,10.62,2.32,2.23,0.74,0.31,4.1
2022-05-02,Non-vaccinés,24396.11,5677.96,5826.88,3257.3,160.35,130.75,17.56,15.28,17.45,14.98,
2022-05-02,Complet - avec 3 rappels entre 3 et 6 mois ou plus,1.13,0.0,0.0,0.0,0.0,0.0,0.0,0.0,0.01,0.0,0.0
2022-05-03,Complet de 6 mois ou plus - sans rappel,16311.14,3241.56,2388.99,1328.3,79.27,61.5,16.66,14.85,10.38,9.98,18.91
2022-05-04,Complet - avec 2 rappels entre 3 mois et 6 mois,467.04,70.15,74.56,33.64,2.44,2.0,2.16,2.13,0.08,0.08,0.3
2022-05-05,Complet entre 3 mois et 6 mois - sans rappel,3572.64,795.89,737.08,382.56,20.45,16.46,5.52,5.2,1.16,0.32,4.14
2022-05-06,Complet de moins de 3 mois - sans rappel,1059.66,251.75,237.81,133.74,4.66,4.06,1.2,1.0,0.17,0.0,1.09
2022-05-06,Complet - avec 1 rappel de 6 mois ou plus,7096.76,1185.4,1459.4,628.87,98.7,83.9,12.63,9.69,20.14,16.45,4.84
2022-05-06,Complet - avec 3 rappels de moins de 3 mois,12.29,4.11,2.09,2.06,0.0,0.0,0.0,0.0,0.0,0.0,0.0
2022-05-08,Complet de moins de 3 mois - sans rappel,324.37,49.69,37.91,10.72,3.79,3.31,1.22,1.01,1.11,1.08,0.98
2022-05-08,Complet de 6 mois ou plus - sans rappel,4023.17,463.79,368.78,162.75,40.2,33.3,1.55,0.56,6.01,4.82,19.11
2022-05-12,Complet de 6 mois ou plus - sans rappel,12924.53,2525.38,1742.28,978.84,53.3,41.87,8.92,8.28,11.6,7.63,19.24
2022-05-12,Complet - avec 2 rappels entre 3 mois et 6 mois,414.08,61.85,62.35,25.82,2.33,2.0,0.22,0.12,0.51,0.43,0.39
2022-05-15,Complet - avec 1 rappel de moins de 3 mois,1479.38,106.18,82.09,24.8,4.11,2.81,0.56,0.03,2.25,2.1,3.99
2022-05-16,Complet - avec 2 rappels de 6 mois ou plus,19.21,0.34,2.89,0.3,0.0,0.0,0.0,0.0,0.0,0.0,0.0
2022-05-17,Complet - avec 1 rappel de 6 mois ou plus,10547.19,1325.92,1357.2,573.27,88.07,71.21,14.09,12.15,17.99,14.3,6.63
2022-05-19,Complet - avec 1 rappel de moins de 3 mois,2665.34,402.15,254.71,130.46,7.59,5.21,2.77,2.49,0.08,0.0,3.11
2022-05-20,Complet - avec 3 rappels entre 3 et 6 mois ou plus,1.0,0.0,0.0,0.0,0.0,0.0,0.0,0.0,0.0,0.0,0.0
2022-05-21,Complet entre 3 mois et 6 mois - sans rappel,2559.27,292.28,253.64,113.31,6.28,2.79,2.13,2.07,0.32,0.21,3.92
2022-05-31,Complet - avec 1 rappel entre 3 mois et 6 mois,46079.43,8772.38,7430.67,4341.15,104.76,76.65,14.59,12.17,15.15,12.03,57.79
2022-06-02,Complet de 6 mois ou plus - sans rappel,11449.41,2127.88,1240.3,688.93,34.62,26.23,4.96,3.92,8.02,7.5,19.88
2022-06-03,Primo dose efficace,676.49,109.57,84.79,40.31,6.05,4.05,0.01,0.0,0.1,0.0,1.12
2022-06-04,Complet - avec 1 rappel de moins de 3 mois,1481.1,105.9,75.41,26.41,7.56,7.21,0.03,0.03,0.13,0.04,1.67
2022-06-06,Complet de 6 mois ou plus - sans rappel,5705.98,543.95,440.07,181.53,37.39,32.02,5.5,4.32,4.06,3.42,20.01
2022-06-09,Complet entre 3 mois et 6 mois - sans rappel,2101.99,344.62,415.65,169.1,6.17,4.75,5.45,5.45,3.08,3.08,3.35
2022-06-11,Complet - avec 2 rappels entre 3 mois et 6 mois,561.55,43.07,49.09,19.61,1.36,0.0,0.11,0.0,0.0,0.0,0.61
2022-06-11,Complet - avec 3 rappels entre 3 et 6 mois ou plus,1.01,0.01,0.0,0.0,0.0,0.0,0.0,0.0,0.0,0.0,0.0
2022-06-12,Primo dose récente,8.77,0.16,0.18,0.11,0.0,0.0,0.0,0.0,0.0,0.0,0.02
2022-06-14,Complet - avec 2 rappels entre 3 mois et 6 mois,783.47,129.83,130.34,76.33,2.77,2.5,0.0,0.0,0.08,0.0,0.63
2022-06-15,Complet - avec 1 rappel de 6 mois ou plus,29986.22,7067.66,7518.34,4482.58,177.48,142.82,26.54,19.55,16.0,11.73,26.27
2022-06-16,Complet - avec 1 rappel entre 3 mois et 6 mois,28209.55,9312.56,9021.42,5683.81,133.66,101.21,16.88,13.5,6.93,4.28,41.7
2022-06-17,Primo dose récente,43.21,4.77,2.59,1.25,0.06,0.0,0.0,0.0,0.0,0.0,0.02
2022-06-17,Complet - avec 2 rappels de 6 mois ou plus,55.9,11.89,11.1,6.44,1.02,1.0,0.0,0.0,0.0,0.0,0.03
2022-06-18,Complet de 6 mois ou plus - sans rappel,13811.04,1792.92,1686.68,808.19,51.19,36.37,7.9,4.55,1.85,0.36,20.49
2022-06-19,Complet - avec 2 rappels de moins de 3 mois,1366.2,137.86,101.35,27.9,24.21,20.01,2.28,2.0,0.34,0.29,3.7
2022-06-22,Complet de 6 mois ou plus - sans rappel,20179.27,4786.11,3957.55,2274.46,71.41,57.52,12.54,10.14,2.49,1.56,20.62
2022-06-23,Complet - avec 2 rappels de moins de 3 mois,4524.97,951.94,1013.58,519.32,31.18,20.59,4.76,4.44,2.52,2.45,3.77
2022-06-24,Primo dose récente,38.86,6.18,2.79,0.07,1.04,1.0,0.0,0.0,0.0,0.0,0.02
2022-06-27,Primo dose efficace,1860.46,412.76,373.77,208.66,8.97,7.2,1.64,1.54,1.14,0.0,1.1
2022-06-28,Non-vaccinés,28655.73,8160.7,7110.53,4145.37,158.51,118.07,13.7,10.5,4.23,3.42,
2022-06-28,Complet - avec 3 rappels entre 3 et 6 mois ou plus,4.23,0.08,1.2,0.07,0.0,0.0,0.0,0.0,0.0,0.0,0.0
2022-06-29,Complet - avec 3 rappels entre 3 et 6 mois ou plus,1.12,0.07,1.11,0.06,0.0,0.0,0.0,0.0,0.0,0.0,0.0
2022-06-30,Complet de moins de 3 mois - sans rappel,505.37,107.65,88.91,48.08,1.37,0.2,0.0,0.0,0.0,0.0,0.25
2022-06-30,Complet - avec 2 rappels de moins de 3 mois,5728.18,1424.8,1478.88,811.56,60.23,46.47,5.69,4.28,2.73,2.37,3.92
2022-07-01,Complet - avec 1 rappel entre 3 mois et 6 mois,38201.63,14654.57,14987.31,9400.4,138.73,115.72,13.17,9.5,7.21,5.79,28.31
2022-07-02,Complet de 6 mois ou plus - sans rappel,23755.79,4335.67,4015.3,2138.33,73.28,52.73,5.85,3.93,8.16,7.69,20.81
2022-07-02,Complet - avec 1 rappel de 6 mois ou plus,49459.97,13351.27,15354.38,8888.15,319.26,234.87,34.96,30.85,24.82,18.72,40.54
2022-07-02,Complet - avec 2 rappels entre 3 mois et 6 mois,1515.87,264.23,326.26,153.77,17.31,11.96,2.32,2.32,1.32,1.29,1.25
2022-07-03,Non-vaccinés,7509.14,1385.31,1447.25,575.4,163.19,124.45,20.64,17.37,9.09,7.17,
2022-07-03,Primo dose efficace,395.39,46.59,62.75,21.72,11.68,8.79,1.16,0.14,1.04,0.0,1.1
2022-07-03,Complet - avec 2 rappels de moins de 3 mois,1609.33,244.54,240.91,93.25,43.17,31.12,2.51,2.32,1.99,0.25,4.06
2022-07-03,Complet - avec 2 rappels entre 3 mois et 6 mois,484.9,58.93,91.22,24.5,20.94,16.47,2.41,2.17,2.3,1.17,1.27
2022-07-04,Complet entre 3 mois et 6 mois - sans rappel,4988.95,1660.44,1683.44,1044.02,22.95,19.14,1.27,1.17,0.0,0.0,2.46
2022-07-05,Complet - avec 1 rappel de moins de 3 mois,2810.06,525.53,490.27,224.52,17.14,10.86,1.01,1.01,0.16,0.03,1.36
2022-07-06,Complet - avec 2 rappels entre 3 mois et 6 mois,2571.96,658.4,729.89,397.88,27.03,17.27,2.37,2.15,0.36,0.0,1.36
2022-07-06,Complet - avec 2 rappels de 6 mois ou plus,172.02,66.05,59.47,46.32,2.12,1.07,0.07,0.0,0.0,0.0,0.07
2022-07-07,Complet - avec 3 rappels de moins de 3 mois,30.77,3.31,4.18,2.09,0.06,0.06,0.0,0.0,0.0,0.0,0.01
2022-07-12,Non-vaccinés,29215.18,8570.04,7794.24,4525.49,226.25,168.84,25.54,21.02,19.1,16.28,
2022-07-12,Complet - avec 1 rappel de moins de 3 mois,2464.57,498.61,424.87,203.4,16.64,10.13,1.11,1.06,2.64,2.42,1.36
2022-07-12,Complet - avec 1 rappel de 6 mois ou plus,70653.32,28060.7,29930.11,18385.4,581.33,452.03,55.59,47.91,52.66,40.7,48.06
2022-07-13,Complet - avec 3 rappels de moins de 3 mois,29.65,4.63,3.83,1.24,0.08,0.08,0.0,0.0,0.0,0.0,0.02
2022-07-17,Non-vaccinés,6286.68,1007.08,1070.92,380.13,172.88,127.16,22.85,16.91,12.93,10.74,
2022-07-17,Complet entre 3 mois et 6 mois - sans rappel,519.41,93.75,105.05,46.99,13.63,8.27,1.45,0.11,2.64,2.4,1.77
2022-07-24,Complet - avec 3 rappels de moins de 3 mois,11.31,4.11,2.06,2.03,0.0,0.0,0.01,0.01,0.0,0.0,0.03
2022-07-26,Complet - avec 3 rappels de moins de 3 mois,59.17,11.84,11.42,6.47,1.1,1.0,0.01,0.01,0.0,0.0,0.03
2022-07-28,Complet - avec 2 rappels entre 3 mois et 6 mois,2825.04,519.21,612.46,267.59,42.15,37.31,10.4,10.25,3.27,1.81,2.22
2022-08-01,Complet - avec 3 rappels entre 3 et 6 mois ou plus,9.94,1.34,3.51,1.12,1.0,1.0,0.0,0.0,0.0,0.0,0.0
2022-08-04,Complet - avec 2 rappels de moins de 3 mois,4160.88,872.03,824.81,410.5,50.09,40.4,5.69,5.25,2.95,2.35,6.82
2022-12-15,Complet - avec 2 rappels de 6 mois ou plus,4663.98,1305.6,1272.61,607.32,139.5,107.84,12.59,9.83,25.85,24.09,3.58
2022-12-18,Complet - avec 1 rappel de 6 mois ou plus,10202.51,2440.83,1979.59,863.41,314.49,234.23,35.16,29.82,41.42,33.76,59.07
2022-12-20,Complet - avec 1 rappel de 6 mois ou plus,53297.39,21961.13,12843.84,8121.72,560.12,435.77,72.7,60.2,44.51,37.67,58.94
2022-12-20,Complet - avec 3 rappels entre 3 et 6 mois ou plus,150.63,37.78,37.71,16.97,3.34,3.31,0.0,0.0,0.12,0.0,0.09
2022-12-22,Complet de 6 mois ou plus - sans rappel,12274.13,5740.45,2277.95,1433.61,106.33,89.78,7.73,6.65,8.52,6.69,22.29
2022-12-23,Non-vaccinés,11063.41,4839.47,1425.45,740.28,136.99,95.4,14.13,12.04,19.85,17.61,
2022-12-24,Complet de moins de 3 mois - sans rappel,47.09,13.84,12.99,4.24,1.16,0.16,0.0,0.0,0.0,0.0,0.08
2022-12-25,Complet de 6 mois ou plus - sans rappel,2152.34,438.5,191.01,67.11,55.93,38.41,4.27,2.82,7.81,5.94,22.27
2022-12-26,Complet - avec 1 rappel de 6 mois ou plus,34675.23,12570.92,8192.91,4986.87,379.01,297.4,42.09,37.32,49.61,40.93,58.22
2022-12-26,Complet - avec 2 rappels de 6 mois ou plus,4495.5,1132.76,993.6,428.08,109.55,89.0,12.06,11.04,19.55,14.55,3.71
2022-12-28,Complet - avec 2 rappels de 6 mois ou plus,4006.29,1112.52,806.34,328.26,92.74,70.99,8.13,6.09,16.32,12.29,3.84
2022-12-30,Complet entre 3 mois et 6 mois - sans rappel,90.92,24.74,9.06,5.1,0.16,0.12,0.0,0.0,0.0,0.0,0.13
2022-12-30,Complet - avec 1 rappel de 6 mois ou plus,29462.93,10688.35,5436.56,3278.52,276.69,206.18,41.65,34.8,34.23,26.57,57.85
2022-12-31,Complet - avec 1 rappel de 6 mois ou plus,23887.08,5083.29,3008.89,1603.51,206.07,168.28,34.91,28.71,50.73,40.23,57.83
2022-12-31,Complet - avec 3 rappels entre 3 et 6 mois ou plus,80.05,13.57,10.8,4.45,2.4,2.38,1.0,1.0,0.12,0.0,0.1
2023-01-03,Complet - avec 1 rappel entre 3 mois et 6 mois,445.07,80.29,46.87,20.24,2.77,2.14,0.27,0.25,1.36,1.0,0.74
2023-01-10,Complet - avec 1 rappel de moins de 3 mois,458.9,44.07,18.46,4.48,3.19,2.04,0.2,0.01,0.0,0.0,0.4
2023-01-12,Primo dose récente,8.69,2.05,1.21,1.0,0.0,0.0,0.0,0.0,0.0,0.0,0.01
2021-09-25,Primo dose récente,2615.81,105.21,38.17,14.9,0.68,0.32,0.15,0.12,0.0,0.0,1.23
2021-09-25,Primo dose efficace,8436.02,480.12,106.16,38.87,8.99,8.08,1.87,1.42,0.69,0.34,5.53
2021-09-26,Primo dose efficace,2222.0,147.2,27.31,5.65,4.57,3.25,1.93,1.36,3.56,2.29,5.36
2021-09-27,Complet de moins de 3 mois - sans rappel,54254.89,9426.18,1160.06,519.27,24.86,17.35,7.99,4.8,4.63,4.11,51.48
2021-09-27,Complet - avec 2 rappels de moins de 3 mois,0.21,0.03,0.0,0.0,0.0,0.0,0.0,0.0,0.0,0.0,0.0
2021-10-05,Primo dose efficace,8513.44,731.9,128.65,46.54,4.74,2.15,0.79,0.63,2.5,2.26,4.54
2021-10-05,Complet - avec 1 rappel entre 3 mois et 6 mois,0.09,0.0,0.0,0.0,0.0,0.0,0.0,0.0,0.0,0.0,0.0
2021-10-07,Primo dose efficace,7685.55,606.19,121.37,42.49,7.41,5.77,0.88,0.59,1.65,1.23,4.34
2021-10-10,Complet entre 3 mois et 6 mois - sans rappel,10277.09,683.12,169.96,50.68,19.18,15.93,4.32,3.16,5.1,2.96,45.66
2021-10-14,Complet - avec 1 rappel de moins de 3 mois,2926.61,247.05,34.78,9.04,2.58,2.28,0.21,0.11,0.24,0.0,2.82
2021-10-15,Primo dose efficace,5832.11,518.08,92.23,41.5,7.4,4.8,0.31,0.24,1.86,0.68,3.78
2021-10-15,Complet de moins de 3 mois - sans rappel,27546.99,3821.65,477.18,214.88,14.73,12.31,2.71,2.18,0.28,0.28,38.23
2021-10-15,Complet - avec 1 rappel entre 3 mois et 6 mois,0.01,0.0,0.0,0.0,0.0,0.0,0.0,0.0,0.0,0.0,0.0
2021-10-16,Complet - avec 1 rappel entre 3 mois et 6 mois,1.0,0.0,0.0,0.0,0.0,0.0,0.0,0.0,0.0,0.0,0.0
2021-10-17,Complet - avec 2 rappels de moins de 3 mois,2.07,0.01,0.0,0.0,0.0,0.0,0.0,0.0,0.0,0.0,0.0
2021-10-18,Primo dose efficace,7165.05,523.9,115.6,48.16,6.84,6.31,0.0,0.0,1.51,0.35,3.64
2021-10-31,Complet - avec 3 rappels de moins de 3 mois,0.0,0.0,0.0,0.0,0.0,0.0,0.0,0.0,0.0,0.0,0.0
2021-11-01,Complet - avec 1 rappel de moins de 3 mois,2614.08,156.38,10.11,2.03,6.62,3.54,1.11,1.11,2.08,2.08,5.03
2021-11-02,Primo dose efficace,6561.74,521.56,182.69,79.78,12.25,7.94,1.99,0.62,0.63,0.2,3.13
2021-11-02,Complet entre 3 mois et 6 mois - sans rappel,71706.93,8861.75,3535.85,1868.19,69.8,59.96,18.09,13.92,8.17,5.23,54.95
2021-11-03,Complet de moins de 3 mois - sans rappel,20241.56,3190.41,760.35,387.87,19.33,14.54,7.61,6.89,2.68,2.53,26.6
2021-11-04,Primo dose efficace,4340.87,495.57,121.67,52.62,9.59,6.1,2.66,1.47,0.55,0.29,3.08
2021-11-05,Complet - avec 3 rappels de moins de 3 mois,0.0,0.0,0.0,0.0,0.0,0.0,0.0,0.0,0.0,0.0,0.0
2021-11-06,Complet - avec 1 rappel de 6 mois ou plus,0.19,0.19,0.19,0.19,0.0,0.0,0.0,0.0,0.0,0.0,0.0
2021-11-07,Complet de moins de 3 mois - sans rappel,5262.92,383.79,141.4,54.23,13.27,11.3,3.17,2.76,0.03,0.0,24.77
2021-11-08,Complet - avec 1 rappel de moins de 3 mois,12683.33,871.15,138.05,37.6,10.08,8.86,0.79,0.63,0.5,0.26,6.14
2021-11-08,Complet - avec 3 rappels de moins de 3 mois,0.0,0.0,0.0,0.0,0.0,0.0,0.0,0.0,0.0,0.0,0.0
2021-11-09,Non-vaccinés,34740.29,6298.78,3283.05,1690.35,138.56,104.09,50.19,41.89,12.44,6.74,
2021-11-09,Complet de 6 mois ou plus - sans rappel,15414.71,2487.95,948.09,461.96,77.74,65.1,14.08,10.85,7.65,6.81,10.91
2021-11-14,Primo dose efficace,1101.63,69.0,34.86,11.09,8.45,5.86,2.49,1.07,3.37,2.07,2.87
2021-11-15,Complet - avec 1 rappel de moins de 3 mois,16993.48,1132.03,266.77,65.55,14.73,12.02,3.38,2.08,1.77,1.38,7.24
2021-11-16,Primo dose efficace,5284.54,656.65,234.48,104.84,15.75,13.08,0.41,0.39,0.5,0.25,2.81
2021-11-16,Complet - avec 1 rappel de 6 mois ou plus,0.0,0.0,0.0,0.0,0.0,0.0,0.0,0.0,0.0,0.0,0.0
2021-11-16,Complet - avec 2 rappels de moins de 3 mois,17.32,1.14,1.0,0.0,0.0,0.0,0.0,0.0,0.0,0.0,0.0
2022-01-12,Complet - avec 3 rappels de moins de 3 mois,0.02,0.02,0.02,0.02,0.0,0.0,0.0,0.0,0.0,0.0,0.0
2022-01-13,Primo dose efficace,6873.13,1621.24,1845.43,811.72,55.02,40.71,6.92,5.73,10.26,8.46,1.79
2022-01-13,Complet de moins de 3 mois - sans rappel,16963.12,4312.72,4809.98,2179.18,86.17,70.97,8.18,7.34,7.75,6.26,4.66
2022-01-17,Non-vaccinés,130243.35,40880.32,58213.78,26372.14,886.96,660.22,124.93,94.64,91.71,69.4,
2022-01-18,Complet - avec 2 rappels de moins de 3 mois,581.7,91.66,115.01,36.42,3.36,2.1,0.0,0.0,0.03,0.0,0.11
2022-01-19,Complet - avec 2 rappels de moins de 3 mois,510.01,78.16,96.21,41.91,1.99,1.41,0.0,0.0,0.0,0.0,0.12
2022-01-20,Primo dose récente,3495.95,1192.0,1498.7,775.6,20.46,17.61,6.8,5.35,0.06,0.0,0.83
2022-01-20,Complet entre 3 mois et 6 mois - sans rappel,104284.83,39744.75,45923.96,25115.59,390.48,302.75,31.65,24.36,30.38,25.22,25.82
2022-01-21,Complet - avec 1 rappel de moins de 3 mois,170549.92,40310.54,41057.46,18390.27,517.91,394.98,57.73,48.32,38.5,23.9,53.58
2022-01-22,Complet - avec 3 rappels entre 3 et 6 mois ou plus,0.0,0.0,0.0,0.0,0.0,0.0,0.0,0.0,0.0,0.0,0.0
2022-01-23,Primo dose efficace,1294.93,270.92,403.57,155.87,38.22,27.1,5.88,5.13,9.58,8.15,1.73
2022-01-23,Complet - avec 3 rappels entre 3 et 6 mois ou plus,0.0,0.0,0.0,0.0,0.0,0.0,0.0,0.0,0.0,0.0,0.0
2022-01-24,Primo dose récente,3889.3,1341.78,1906.99,981.43,16.8,15.07,3.69,3.42,2.25,2.08,0.71
2022-01-29,Non-vaccinés,50426.4,15382.02,20739.05,9228.48,607.58,416.96,98.85,80.47,101.6,75.31,
2022-04-20,Complet - avec 2 rappels de moins de 3 mois,3323.25,560.62,706.43,284.35,33.99,24.63,3.46,3.05,3.21,1.69,1.63
2022-04-22,Complet - avec 2 rappels de 6 mois ou plus,6.03,3.51,3.71,3.44,0.0,0.0,0.0,0.0,0.0,0.0,0.0
2022-04-24,Complet - avec 2 rappels de moins de 3 mois,791.23,107.67,110.9,33.53,22.34,18.3,1.38,1.11,1.4,1.3,1.82
2022-04-24,Complet - avec 3 rappels entre 3 et 6 mois ou plus,2.01,1.01,0.0,0.0,0.0,0.0,0.0,0.0,0.0,0.0,0.0
2022-04-25,Complet - avec 2 rappels entre 3 mois et 6 mois,523.22,110.32,146.87,69.6,1.35,1.2,0.47,0.19,2.14,2.11,0.22
2022-04-26,Complet - avec 1 rappel entre 3 mois et 6 mois,82075.04,22006.45,23770.79,13350.85,495.08,393.45,63.56,55.72,44.9,34.54,58.25
2022-04-29,Non-vaccinés,17649.79,4416.08,4278.33,2295.33,151.17,113.65,13.35,12.7,22.41,18.08,
2022-04-29,Complet de 6 mois ou plus - sans rappel,15611.2,3251.34,2535.13,1354.96,59.45,49.04,8.63,7.29,7.78,6.13,18.84
2022-04-29,Complet - avec 1 rappel de 6 mois ou plus,7020.98,1360.61,1784.75,774.37,107.78,88.64,11.73,10.13,17.42,14.8,4.17
2022-04-30,Primo dose récente,41.38,0.57,2.13,0.5,0.0,0.0,0.0,0.0,0.0,0.0,0.03
2022-04-30,Complet - avec 2 rappels de 6 mois ou plus,6.35,1.13,1.07,1.03,0.0,0.0,0.0,0.0,1.05,0.0,0.0
2022-04-30,Complet - avec 3 rappels de moins de 3 mois,8.54,1.04,1.04,0.0,0.12,0.12,0.0,0.0,0.0,0.0,0.0
2022-05-01,Complet de 6 mois ou plus - sans rappel,4065.98,411.39,382.7,128.39,40.0,35.36,4.46,2.53,7.35,6.26,18.92
2022-05-01,Complet - avec 1 rappel entre 3 mois et 6 mois,14465.74,2077.53,2388.52,1010.68,209.39,167.65,33.77,26.79,47.63,42.29,59.66
2022-05-04,Non-vaccinés,18142.05,4185.56,3844.67,2068.48,134.47,95.09,13.36,11.54,19.49,13.45,
2022-05-04,Primo dose récente,71.2,13.33,12.5,6.83,0.0,0.0,0.0,0.0,0.0,0.0,0.03
2022-05-05,Complet - avec 2 rappels de 6 mois ou plus,7.59,1.07,1.05,0.0,0.0,0.0,0.0,0.0,0.4,0.0,0.0
2022-05-08,Primo dose récente,15.61,1.29,2.12,1.06,0.01,0.0,0.0,0.0,0.0,0.0,0.03
2022-05-09,Complet - avec 1 rappel entre 3 mois et 6 mois,92066.36,19015.7,20776.36,12076.23,332.41,260.84,41.52,34.9,36.88,31.99,60.85
2022-05-11,Complet - avec 1 rappel entre 3 mois et 6 mois,61363.12,12250.64,12192.23,6887.25,286.99,233.12,33.51,29.05,35.08,26.64,60.96
2022-05-11,Complet - avec 2 rappels de moins de 3 mois,3360.75,377.44,302.32,116.71,26.16,20.87,2.29,1.89,4.55,4.27,2.39
2022-05-11,Complet - avec 3 rappels entre 3 et 6 mois ou plus,2.01,0.01,0.0,0.0,0.0,0.0,0.0,0.0,0.0,0.0,0.0
2022-07-05,Complet - avec 2 rappels de 6 mois ou plus,181.13,60.05,70.46,45.49,1.46,1.19,0.07,0.0,0.0,0.0,0.06
2022-07-08,Complet entre 3 mois et 6 mois - sans rappel,3397.17,1070.3,996.53,555.73,20.58,15.03,0.2,0.06,0.26,0.1,2.24
2022-07-09,Primo dose efficace,1252.27,220.89,228.77,120.29,9.68,7.61,1.48,1.35,1.0,1.0,1.09
2022-07-10,Complet - avec 2 rappels de 6 mois ou plus,35.58,9.43,10.57,6.17,1.62,1.1,1.0,1.0,0.01,0.0,0.1
2022-07-11,Primo dose efficace,2179.3,524.05,536.28,296.95,12.25,10.21,4.43,4.32,1.64,1.5,1.09
2022-07-11,Complet entre 3 mois et 6 mois - sans rappel,4043.17,1319.72,1418.98,838.54,19.12,13.29,3.54,3.47,1.31,1.26,2.1
2022-07-11,Complet - avec 1 rappel de 6 mois ou plus,109124.92,41642.72,47451.55,29749.89,609.82,478.95,67.2,60.35,36.04,29.31,47.24
2022-07-11,Complet - avec 2 rappels entre 3 mois et 6 mois,3915.5,938.81,1197.1,620.32,51.36,39.17,1.98,1.95,3.12,2.29,1.56
2022-07-12,Complet entre 3 mois et 6 mois - sans rappel,2762.63,933.99,891.9,539.55,16.45,10.41,3.39,3.23,2.79,1.99,2.05
2022-07-16,Complet - avec 2 rappels entre 3 mois et 6 mois,2097.37,398.53,499.32,254.48,28.89,20.75,2.53,2.37,5.46,5.13,1.84
2022-07-20,Non-vaccinés,23887.06,5631.37,5140.08,2848.52,211.35,158.97,17.69,13.81,24.47,19.05,
2022-07-20,Complet - avec 3 rappels entre 3 et 6 mois ou plus,6.01,1.25,1.45,1.23,0.1,0.08,0.0,0.0,0.09,0.09,0.0
2022-07-22,Complet - avec 1 rappel de 6 mois ou plus,55728.84,18414.33,19026.75,11348.29,469.5,362.97,46.73,40.83,34.69,25.2,54.09
2022-07-22,Complet - avec 2 rappels de moins de 3 mois,6575.27,1451.39,1528.64,770.6,72.06,50.78,4.33,3.77,7.61,5.16,5.94
2022-07-23,Complet - avec 1 rappel de 6 mois ou plus,43905.9,10466.46,11515.01,6385.15,349.34,283.75,53.78,45.77,36.47,27.38,54.68
2022-07-24,Complet de 6 mois ou plus - sans rappel,5466.11,669.07,721.61,294.56,80.99,65.38,17.88,17.38,8.21,7.77,21.44
2022-07-25,Complet - avec 1 rappel de 6 mois ou plus,80234.81,24790.53,26395.16,16331.68,479.44,372.39,65.79,55.73,36.37,27.88,55.17
2022-07-25,Complet - avec 3 rappels entre 3 et 6 mois ou plus,11.78,1.12,2.59,1.09,0.42,0.41,0.0,0.0,0.19,0.09,0.0
2022-07-27,Complet de 6 mois ou plus - sans rappel,21651.59,4321.83,3387.34,1881.03,90.41,73.23,8.0,5.47,7.72,6.92,21.49
2022-07-27,Complet - avec 3 rappels de moins de 3 mois,32.5,5.59,5.09,1.29,0.09,0.0,0.01,0.01,0.0,0.0,0.03
2022-07-28,Complet - avec 2 rappels de moins de 3 mois,5186.58,1180.46,1097.22,563.97,61.42,48.45,2.8,1.3,3.85,3.58,6.36
2022-10-22,Complet entre 3 mois et 6 mois - sans rappel,179.65,43.97,35.11,18.24,1.44,1.24,0.0,0.0,0.0,0.0,0.23
2022-10-22,Complet - avec 1 rappel de moins de 3 mois,398.38,63.8,48.03,15.0,1.79,1.39,0.02,0.0,1.15,1.0,0.46
2022-10-25,Complet entre 3 mois et 6 mois - sans rappel,227.43,43.2,28.56,14.15,1.22,1.1,0.0,0.0,1.0,1.0,0.22
2022-10-25,Complet - avec 3 rappels de moins de 3 mois,219.66,45.19,39.6,17.3,2.61,2.17,0.01,0.01,0.0,0.0,0.14
2022-10-26,Complet - avec 1 rappel entre 3 mois et 6 mois,1215.86,265.0,172.97,86.07,7.06,6.35,0.12,0.08,0.22,0.11,1.46
2022-10-29,Complet - avec 1 rappel de moins de 3 mois,132.13,21.69,16.56,4.43,0.45,0.0,0.0,0.0,0.0,0.0,0.41
2022-10-30,Non-vaccinés,2816.01,753.03,214.48,61.89,62.15,48.85,7.89,7.13,7.61,4.41,
2022-10-30,Primo dose efficace,142.44,28.24,17.4,7.08,1.38,1.14,0.02,0.02,0.08,0.0,1.05
2022-10-31,Complet de 6 mois ou plus - sans rappel,5871.71,1007.32,816.89,428.29,45.68,32.26,10.91,9.51,7.17,5.28,22.39
2022-10-31,Complet - avec 1 rappel de moins de 3 mois,205.52,30.04,26.24,7.52,0.96,0.71,1.0,1.0,0.02,0.0,0.4
2022-11-01,Complet de moins de 3 mois - sans rappel,16.77,2.63,1.27,0.07,0.0,0.0,0.0,0.0,0.24,0.12,0.09
2022-11-02,Primo dose efficace,735.14,157.6,93.24,52.76,2.42,1.75,0.01,0.01,0.32,0.27,1.05
2022-11-02,Complet - avec 1 rappel entre 3 mois et 6 mois,1254.32,281.66,205.75,112.73,9.09,7.61,2.02,2.02,0.15,0.11,1.41
2022-11-05,Complet entre 3 mois et 6 mois - sans rappel,117.34,15.71,12.63,7.69,0.0,0.0,0.0,0.0,0.0,0.0,0.21
2022-11-06,Complet - avec 1 rappel de moins de 3 mois,78.89,11.45,12.43,2.34,4.34,4.18,0.04,0.0,0.05,0.0,0.38
2022-11-06,Complet - avec 2 rappels entre 3 mois et 6 mois,1805.82,219.44,200.52,52.97,61.07,48.12,6.17,4.16,9.31,6.06,7.28
2022-11-07,Complet de moins de 3 mois - sans rappel,101.73,18.83,4.05,3.33,0.17,0.17,0.0,0.0,0.0,0.0,0.09
2022-11-07,Complet - avec 1 rappel de 6 mois ou plus,61532.79,14809.03,11624.82,7319.56,286.62,232.18,35.51,28.28,32.91,27.57,61.01
2022-11-07,Complet - avec 3 rappels entre 3 et 6 mois ou plus,104.56,11.52,16.44,5.9,0.14,0.07,1.0,1.0,0.08,0.0,0.05
2022-11-08,Complet - avec 2 rappels entre 3 mois et 6 mois,8110.76,1403.3,1165.65,555.0,92.47,77.95,6.9,6.68,5.82,5.42,7.28
2022-11-11,Complet - avec 2 rappels de 6 mois ou plus,894.56,163.16,148.95,52.48,35.14,28.42,3.45,3.39,4.16,2.62,2.82
2022-11-12,Complet - avec 2 rappels de 6 mois ou plus,3956.18,400.37,427.73,189.45,31.56,21.36,0.99,0.06,4.0,2.5,2.87
2022-11-12,Complet - avec 3 rappels entre 3 et 6 mois ou plus,82.25,9.65,8.03,5.34,0.54,0.0,0.13,0.0,0.0,0.0,0.06
2022-11-13,Primo dose efficace,187.63,29.03,25.16,5.42,3.41,3.33,0.25,0.25,0.16,0.12,1.05
2022-11-13,Complet - avec 3 rappels entre 3 et 6 mois ou plus,28.5,4.31,6.53,1.09,0.19,0.0,0.0,0.0,0.0,0.0,0.06
2022-11-15,Complet - avec 1 rappel de 6 mois ou plus,28072.36,4235.21,3789.13,1897.83,319.35,264.19,37.62,30.93,26.35,25.17,60.82
2022-11-15,Complet - avec 3 rappels de moins de 3 mois,344.0,36.3,28.58,8.71,5.11,3.26,1.12,1.11,1.04,1.02,0.42
2022-11-16,Complet - avec 1 rappel de 6 mois ou plus,24598.1,4043.35,3437.77,1797.46,308.78,240.62,39.74,34.45,20.8,17.83,60.74
2022-11-17,Complet - avec 2 rappels de moins de 3 mois,2733.02,601.3,346.7,185.85,20.77,12.47,1.31,1.28,2.11,1.94,3.34
2022-11-18,Complet de 6 mois ou plus - sans rappel,9545.91,3156.22,1953.72,1287.51,53.37,41.97,3.52,3.08,9.84,7.8,22.37
2022-11-18,Complet - avec 2 rappels de 6 mois ou plus,3249.85,608.67,563.23,253.09,65.15,53.47,3.88,3.63,4.36,2.88,3.03
2022-11-19,Non-vaccinés,8667.97,2072.08,1008.52,533.03,92.44,71.2,7.14,6.4,11.0,7.1,
2022-11-19,Complet - avec 2 rappels de moins de 3 mois,3069.35,286.76,213.06,92.69,10.37,7.21,6.34,4.06,1.88,1.38,3.33
2022-11-26,Primo dose récente,6.96,0.02,0.04,0.0,0.0,0.0,0.0,0.0,0.0,0.0,0.01
2022-11-29,Complet de moins de 3 mois - sans rappel,112.88,30.18,14.8,8.79,0.11,0.11,0.0,0.0,0.0,0.0,0.08
2022-11-29,Complet - avec 3 rappels de moins de 3 mois,1094.69,188.38,163.77,67.81,13.92,9.93,1.08,1.02,0.23,0.02,0.68
2022-11-30,Complet entre 3 mois et 6 mois - sans rappel,212.28,63.72,39.4,21.12,2.35,2.08,0.12,0.12,0.04,0.0,0.17
2022-11-30,Complet de 6 mois ou plus - sans rappel,17789.43,7103.6,4434.9,3036.17,94.69,66.57,12.84,11.58,5.37,4.47,22.36
2022-12-01,Complet - avec 1 rappel de moins de 3 mois,257.11,48.22,29.55,7.73,3.05,1.49,1.0,0.0,0.0,0.0,0.36
2022-12-01,Complet - avec 2 rappels entre 3 mois et 6 mois,3993.44,824.15,862.0,381.43,131.23,98.23,14.31,10.21,6.55,4.47,7.02
2022-12-01,Complet - avec 3 rappels entre 3 et 6 mois ou plus,63.8,8.68,13.62,3.44,3.94,0.31,0.14,0.0,0.29,0.25,0.07
2022-12-05,Complet entre 3 mois et 6 mois - sans rappel,265.85,65.49,58.34,28.74,2.53,2.37,0.0,0.0,0.2,0.2,0.17
2022-12-05,Complet de 6 mois ou plus - sans rappel,24376.32,10093.61,6611.63,4566.49,104.0,83.59,9.68,5.68,8.89,7.01,22.35
2022-12-07,Primo dose récente,11.61,0.44,0.13,0.1,0.29,0.29,0.0,0.0,0.0,0.0,0.01
2022-12-08,Complet entre 3 mois et 6 mois - sans rappel,163.3,55.99,40.48,24.69,4.39,4.34,0.07,0.0,1.0,1.0,0.16
2022-12-08,Complet - avec 3 rappels de moins de 3 mois,1027.39,256.56,224.64,107.57,24.89,19.69,0.43,0.2,0.39,0.14,0.89
2022-12-10,Complet entre 3 mois et 6 mois - sans rappel,113.38,34.21,27.4,17.83,1.21,1.17,0.0,0.0,0.14,0.0,0.16
2022-12-10,Complet - avec 1 rappel entre 3 mois et 6 mois,792.02,179.99,151.88,76.34,4.01,3.77,0.49,0.05,0.05,0.05,1.02
2022-12-10,Complet - avec 1 rappel de 6 mois ou plus,42195.36,11059.57,9039.63,5450.62,349.65,281.42,46.84,39.99,34.02,28.33,59.77
2022-12-10,Complet - avec 3 rappels de moins de 3 mois,1087.14,161.98,147.64,62.74,11.05,4.57,3.39,3.32,1.54,1.35,0.99
2022-12-11,Complet de 6 mois ou plus - sans rappel,3527.55,853.62,554.06,261.47,72.39,58.12,10.0,9.52,7.45,5.15,22.34
2022-12-11,Complet - avec 3 rappels de moins de 3 mois,385.76,69.19,67.14,22.76,15.59,12.01,4.21,3.01,0.44,0.3,1.0
2022-12-12,Non-vaccinés,21365.54,8517.41,3300.33,1985.37,180.48,137.89,16.53,14.48,13.23,8.54,
2022-12-12,Primo dose récente,25.16,1.3,0.55,0.27,0.0,0.0,0.0,0.0,0.0,0.0,0.01
2022-12-12,Complet - avec 2 rappels entre 3 mois et 6 mois,13762.61,3281.25,3311.83,1853.93,137.9,102.51,14.62,11.59,6.97,5.77,6.84
2022-12-13,Primo dose efficace,945.16,268.98,155.01,80.98,12.51,9.4,0.17,0.1,2.0,2.0,1.04
2022-12-13,Complet entre 3 mois et 6 mois - sans rappel,225.25,53.01,41.78,20.31,3.31,3.3,0.07,0.0,0.0,0.0,0.16
2022-12-13,Complet - avec 2 rappels entre 3 mois et 6 mois,10225.54,2449.09,2338.54,1198.04,191.92,147.31,14.54,11.63,14.52,7.16,6.81
2022-12-13,Complet - avec 3 rappels entre 3 et 6 mois ou plus,146.25,18.63,33.11,7.22,0.46,0.41,0.0,0.0,0.0,0.0,0.08
2022-12-14,Complet de moins de 3 mois - sans rappel,117.14,33.52,16.53,10.18,0.01,0.0,0.0,0.0,0.0,0.0,0.08
2022-12-14,Complet - avec 2 rappels de moins de 3 mois,4738.51,1084.44,689.23,343.99,37.97,30.1,4.63,3.48,6.41,6.18,3.99
2022-12-14,Complet - avec 2 rappels de 6 mois ou plus,5744.91,1317.27,1362.36,620.97,130.5,95.44,11.94,8.39,12.05,9.02,3.57
2022-12-15,Complet de 6 mois ou plus - sans rappel,13697.28,6150.3,2993.2,1979.23,120.84,94.18,16.35,14.92,11.09,7.65,22.32
2022-12-15,Complet - avec 1 rappel de 6 mois ou plus,42600.76,19443.64,12856.33,8485.27,560.76,442.35,59.73,51.93,48.37,38.03,59.43
2022-12-17,Complet - avec 1 rappel de moins de 3 mois,336.24,65.51,29.81,13.24,2.61,2.18,0.04,0.0,2.0,1.0,0.37
2022-12-17,Complet - avec 1 rappel de 6 mois ou plus,36298.25,10199.78,7379.59,4345.27,334.32,265.36,44.46,33.07,42.24,31.84,59.13
2022-12-19,Primo dose récente,19.1,2.29,2.66,0.07,1.04,1.0,0.04,0.0,0.0,0.0,0.01
2022-12-19,Complet - avec 2 rappels de 6 mois ou plus,7242.72,1787.3,1751.89,847.74,153.23,110.62,10.92,9.08,19.02,16.15,3.61
2022-12-21,Complet - avec 1 rappel de moins de 3 mois,536.88,143.23,71.84,30.47,5.41,3.47,0.0,0.0,1.26,1.0,0.38
2022-12-22,Complet - avec 2 rappels entre 3 mois et 6 mois,5981.31,2332.97,1661.62,905.96,152.26,120.07,16.43,14.39,16.37,13.46,6.44
2022-12-23,Complet de 6 mois ou plus - sans rappel,11834.86,5161.6,2127.53,1373.79,81.09,62.63,11.14,7.65,11.49,9.15,22.28
2022-12-23,Complet - avec 2 rappels de 6 mois ou plus,4112.48,1271.09,1096.34,500.7,100.66,74.16,9.96,8.78,12.51,6.88,3.66
2022-12-24,Primo dose récente,7.1,2.1,0.12,0.02,0.06,0.06,0.04,0.0,0.0,0.0,0.01
2022-12-24,Complet entre 3 mois et 6 mois - sans rappel,59.06,16.85,9.36,4.32,0.08,0.0,0.07,0.0,0.0,0.0,0.14
2022-12-24,Complet - avec 2 rappels de moins de 3 mois,2326.99,606.19,339.75,155.23,29.31,19.13,5.05,3.58,1.58,1.26,5.05
2022-12-24,Complet - avec 3 rappels entre 3 et 6 mois ou plus,49.67,12.38,10.57,3.68,2.04,2.02,0.2,0.2,0.0,0.0,0.09
2022-12-25,Complet entre 3 mois et 6 mois - sans rappel,31.55,4.26,5.55,0.14,0.11,0.0,0.0,0.0,0.31,0.31,0.14
2022-12-26,Complet de moins de 3 mois - sans rappel,79.28,10.76,10.66,3.42,0.01,0.01,0.0,0.0,0.0,0.0,0.08
2022-12-26,Complet entre 3 mois et 6 mois - sans rappel,109.82,28.83,17.96,11.32,2.37,2.12,0.0,0.0,0.0,0.0,0.14
2022-12-26,Complet - avec 2 rappels de moins de 3 mois,4205.15,1111.78,595.91,307.24,37.71,27.36,6.6,6.45,2.38,2.2,5.11
2022-12-28,Primo dose récente,12.63,1.15,0.12,0.06,0.04,0.0,0.0,0.0,0.0,0.0,0.01
2022-12-29,Complet entre 3 mois et 6 mois - sans rappel,88.71,24.34,14.93,5.92,0.08,0.0,0.0,0.0,0.05,0.0,0.13
2022-12-30,Complet - avec 2 rappels entre 3 mois et 6 mois,5224.92,1624.56,943.54,491.26,81.77,64.86,14.49,10.08,18.93,17.12,5.81
2022-12-30,Complet - avec 3 rappels de moins de 3 mois,2153.59,588.34,297.8,142.01,21.9,18.13,3.24,3.03,3.35,3.2,2.09
2022-12-30,Complet - avec 3 rappels entre 3 et 6 mois ou plus,96.35,22.71,14.67,4.18,1.4,1.39,1.0,1.0,0.0,0.0,0.1
2022-12-31,Complet de moins de 3 mois - sans rappel,50.79,4.81,3.85,1.25,0.0,0.0,0.0,0.0,0.0,0.0,0.08
2023-01-01,Non-vaccinés,2739.74,743.18,187.46,53.3,59.22,45.41,5.89,4.98,14.76,12.64,
2023-01-01,Primo dose récente,2.82,1.0,0.02,0.0,0.0,0.0,0.04,0.0,0.0,0.0,0.01
2023-01-01,Complet - avec 1 rappel de 6 mois ou plus,6547.45,1184.59,668.89,187.53,156.05,118.78,26.26,20.82,41.42,35.65,57.84
2023-01-02,Complet - avec 1 rappel de moins de 3 mois,546.49,83.06,33.37,15.71,2.4,1.86,0.29,0.29,1.0,0.0,0.4
2023-01-02,Complet - avec 2 rappels de moins de 3 mois,6427.18,1065.74,443.3,193.58,39.27,27.9,4.64,4.38,1.55,1.18,5.42
2023-01-02,Complet - avec 2 rappels entre 3 mois et 6 mois,7326.69,1363.23,853.17,373.72,70.77,54.99,11.77,11.11,9.99,6.62,5.58
2023-01-02,Complet - avec 2 rappels de 6 mois ou plus,6252.14,1081.96,731.78,288.34,104.31,78.81,4.88,4.47,14.94,11.74,4.28
2023-01-03,Non-vaccinés,6675.12,1603.38,513.35,180.15,92.96,67.2,10.46,8.25,17.02,14.33,
2023-01-03,Complet de 6 mois ou plus - sans rappel,6983.1,1635.26,600.81,304.35,57.93,43.82,6.47,4.92,9.56,8.37,22.26
2023-01-03,Complet - avec 1 rappel de 6 mois ou plus,25317.39,5981.75,2412.0,1163.9,248.88,194.29,37.72,30.6,31.07,21.16,57.83
2023-01-07,Complet entre 3 mois et 6 mois - sans rappel,57.43,8.1,6.36,3.11,0.02,0.0,0.0,0.0,0.18,0.02,0.11
2023-01-07,Complet - avec 2 rappels de moins de 3 mois,3866.5,382.4,126.98,46.19,14.05,10.93,2.2,1.15,5.62,5.26,5.46
2023-01-08,Complet - avec 1 rappel de moins de 3 mois,101.62,12.71,5.02,0.05,2.26,1.01,1.02,1.0,0.18,0.01,0.4
2023-01-09,Complet - avec 1 rappel de moins de 3 mois,541.42,56.75,34.09,3.53,5.65,5.49,0.02,0.02,0.0,0.0,0.4
2023-01-09,Complet - avec 1 rappel de 6 mois ou plus,34451.04,4295.17,2412.4,1071.79,196.2,154.14,26.3,23.72,32.86,24.74,57.74
2023-01-09,Complet - avec 2 rappels entre 3 mois et 6 mois,5359.56,578.59,363.7,116.89,40.72,29.6,4.54,3.16,7.97,4.71,4.68
2023-01-09,Complet - avec 3 rappels de moins de 3 mois,3025.42,281.84,164.39,31.32,9.98,5.68,3.67,3.36,0.22,0.0,2.23
2023-01-10,Complet - avec 2 rappels de 6 mois ou plus,5497.31,591.6,403.35,98.6,60.67,48.0,9.33,7.8,12.5,7.31,5.4
2023-01-10,Complet - avec 3 rappels de moins de 3 mois,2409.19,235.09,125.95,19.08,19.61,15.31,2.72,1.34,2.4,2.0,2.25
2023-01-11,Non-vaccinés,7543.23,1549.65,393.09,144.25,70.64,53.44,9.53,7.24,10.74,8.36,
2023-01-11,Complet - avec 3 rappels entre 3 et 6 mois ou plus,166.5,16.62,9.34,2.5,0.79,0.19,1.0,1.0,0.08,0.0,0.13
2023-01-12,Complet entre 3 mois et 6 mois - sans rappel,39.78,4.99,2.49,0.16,1.0,1.0,0.0,0.0,0.0,0.0,0.11
2023-01-13,Complet entre 3 mois et 6 mois - sans rappel,41.77,3.89,1.68,0.16,0.0,0.0,0.0,0.0,0.0,0.0,0.11
2023-01-13,Complet - avec 2 rappels entre 3 mois et 6 mois,2989.72,423.32,180.64,67.27,26.25,21.22,5.74,5.21,7.37,6.78,4.31
2023-01-13,Complet - avec 3 rappels entre 3 et 6 mois ou plus,135.14,18.37,6.95,1.23,3.27,3.14,0.03,0.02,1.2,1.0,0.15
2023-01-15,Primo dose efficace,139.5,16.87,3.67,1.14,3.38,1.0,0.0,0.0,1.03,1.0,1.03
2023-01-15,Complet - avec 1 rappel de 6 mois ou plus,6655.46,706.16,340.37,82.38,69.07,52.69,7.86,6.88,20.18,16.94,57.46
2023-01-16,Primo dose récente,12.36,0.64,0.21,0.0,0.0,0.0,0.01,0.01,0.0,0.0,0.01
2023-01-18,Complet - avec 1 rappel de 6 mois ou plus,26335.08,3412.81,1288.16,618.36,106.54,87.78,17.01,13.21,13.7,9.61,57.38
2023-01-19,Complet de moins de 3 mois - sans rappel,52.31,7.65,1.05,0.0,0.02,0.0,0.0,0.0,0.0,0.0,0.07
2023-01-21,Primo dose récente,7.01,0.52,0.14,0.0,0.0,0.0,0.0,0.0,0.0,0.0,0.01
2023-01-21,Complet - avec 1 rappel de 6 mois ou plus,24387.84,1789.7,792.15,324.21,69.55,55.36,8.77,8.16,17.28,12.31,57.25
2023-01-22,Complet - avec 2 rappels de 6 mois ou plus,1590.56,165.2,114.04,26.44,28.33,19.61,3.83,3.64,6.58,6.23,6.27
2023-01-23,Primo dose récente,11.48,2.02,0.07,0.0,0.0,0.0,0.0,0.0,0.0,0.0,0.01
2023-01-24,Complet de moins de 3 mois - sans rappel,55.44,6.87,4.27,0.0,1.2,1.0,1.03,0.0,0.01,0.01,0.07
2023-01-27,Complet - avec 1 rappel de moins de 3 mois,269.7,32.59,7.21,2.52,1.03,1.0,0.01,0.01,2.18,2.17,0.38
2023-01-27,Complet - avec 1 rappel entre 3 mois et 6 mois,230.91,26.26,6.7,2.93,1.39,1.06,0.0,0.0,0.0,0.0,0.44
2023-01-30,Complet - avec 1 rappel de moins de 3 mois,432.68,42.34,16.73,6.76,1.23,1.2,1.23,1.01,0.0,0.0,0.38
2023-01-30,Complet - avec 1 rappel entre 3 mois et 6 mois,395.76,44.68,15.52,4.55,1.42,1.0,0.04,0.02,0.0,0.0,0.42
2023-02-01,Complet - avec 3 rappels entre 3 et 6 mois ou plus,,,,,4.77,,0.0,,0.0,,0.38
2023-02-05,Non-vaccinés,,,,,15.03,,0.47,,1.6,,
2023-02-05,Complet de 6 mois ou plus - sans rappel,,,,,7.46,,2.11,,1.25,,22.22
2023-02-07,Primo dose récente,,,,,0.0,,0.0,,0.0,,0.01
2023-02-07,Complet de 6 mois ou plus - sans rappel,,,,,27.0,,2.91,,1.1,,22.22
2023-02-07,Complet - avec 2 rappels de moins de 3 mois,,,,,13.94,,0.63,,1.17,,5.07
2023-02-07,Complet - avec 3 rappels de moins de 3 mois,,,,,11.39,,1.27,,2.27,,3.0
2023-02-09,Complet - avec 3 rappels de moins de 3 mois,,,,,6.18,,0.65,,0.32,,3.01
2023-02-10,Complet - avec 2 rappels de 6 mois ou plus,,,,,38.69,,2.31,,3.2,,6.93
2023-02-11,Complet - avec 1 rappel de moins de 3 mois,,,,,0.14,,0.0,,0.17,,0.36
2023-02-11,Complet - avec 1 rappel entre 3 mois et 6 mois,,,,,0.31,,0.0,,0.0,,0.38
2023-02-12,Complet de moins de 3 mois - sans rappel,,,,,0.0,,0.0,,0.0,,0.07
2023-02-12,Complet - avec 1 rappel de 6 mois ou plus,,,,,44.5,,5.98,,10.0,,56.91
2023-02-13,Primo dose récente,,,,,0.0,,0.01,,0.0,,0.01
2023-02-13,Complet - avec 1 rappel de 6 mois ou plus,,,,,93.15,,13.05,,7.71,,56.91
2023-02-14,Non-vaccinés,,,,,24.37,,2.51,,2.44,,
2023-02-14,Complet - avec 1 rappel entre 3 mois et 6 mois,,,,,1.11,,1.0,,0.0,,0.39
2023-02-14,Complet - avec 1 rappel de 6 mois ou plus,,,,,88.22,,6.37,,7.83,,56.9
2023-02-14,Complet - avec 2 rappels de 6 mois ou plus,,,,,47.3,,5.69,,1.48,,6.93
2023-02-14,Complet - avec 3 rappels entre 3 et 6 mois ou plus,,,,,4.05,,0.09,,1.0,,0.59
2023-02-15,Complet - avec 1 rappel de moins de 3 mois,,,,,4.14,,2.0,,0.0,,0.36
2023-02-15,Complet - avec 1 rappel de 6 mois ou plus,,,,,83.49,,6.98,,10.54,,56.89
2023-02-15,Complet - avec 3 rappels de moins de 3 mois,,,,,11.03,,0.25,,0.26,,3.05
2023-02-16,Complet entre 3 mois et 6 mois - sans rappel,,,,,0.07,,0.0,,0.0,,0.08
2023-03-10,Primo dose récente,0.34,0.01,0.07,0.0,0.0,0.0,0.0,0.0,0.0,0.0,0.0
2023-03-11,Complet entre 3 mois et 6 mois - sans rappel,26.75,1.18,2.25,0.0,0.14,0.14,0.0,0.0,0.0,0.0,0.08
2023-03-11,Complet - avec 1 rappel entre 3 mois et 6 mois,188.89,18.33,9.24,2.41,0.07,0.02,0.02,0.02,0.0,0.0,0.39
2023-03-11,Complet - avec 2 rappels entre 3 mois et 6 mois,2498.3,170.55,114.76,43.87,9.34,6.99,0.27,0.13,1.0,0.0,4.49
2023-03-12,Complet de 6 mois ou plus - sans rappel,1429.67,159.81,89.86,14.73,11.64,8.77,0.25,0.19,2.12,2.0,22.22
2023-03-12,Complet - avec 3 rappels de moins de 3 mois,405.67,41.07,24.88,2.52,1.98,0.36,0.15,0.13,0.29,0.17,2.53
2023-03-13,Non-vaccinés,7153.14,1325.31,438.08,198.76,43.23,35.27,6.61,5.04,1.73,0.29,
2023-03-13,Primo dose efficace,399.9,44.04,33.57,12.47,2.34,0.26,0.32,0.25,0.0,0.0,1.03
2023-03-13,Complet - avec 1 rappel de moins de 3 mois,227.02,24.32,9.35,5.5,0.23,0.14,1.0,1.0,0.2,0.0,0.26
2023-03-14,Complet de 6 mois ou plus - sans rappel,5487.12,924.56,446.33,222.62,25.99,21.51,5.49,4.85,1.58,1.25,22.22
2023-03-14,Complet - avec 1 rappel de 6 mois ou plus,19033.99,2847.31,1840.41,980.09,138.46,95.84,13.06,9.66,10.36,6.5,56.85
2023-03-14,Complet - avec 2 rappels de 6 mois ou plus,4971.29,547.96,430.83,198.18,68.03,47.9,5.49,3.64,3.92,3.25,7.47
2023-03-16,Primo dose efficace,203.94,42.74,17.66,9.1,2.08,1.58,1.03,1.0,0.0,0.0,1.03
2023-03-16,Complet entre 3 mois et 6 mois - sans rappel,31.41,5.18,2.39,1.18,0.0,0.0,0.0,0.0,0.0,0.0,0.08
2023-03-16,Complet - avec 2 rappels de moins de 3 mois,705.67,123.0,71.83,34.85,10.07,6.01,0.26,0.05,0.0,0.0,2.67
2023-03-17,Complet de 6 mois ou plus - sans rappel,3622.46,769.86,410.49,203.94,31.72,26.47,4.16,3.0,1.31,0.31,22.22
2023-03-17,Complet - avec 1 rappel de moins de 3 mois,100.65,11.8,9.01,2.38,1.11,1.0,0.0,0.0,0.0,0.0,0.23
2023-03-18,Complet de 6 mois ou plus - sans rappel,4214.12,502.73,267.16,133.66,14.57,9.8,0.27,0.11,1.08,1.0,22.22
2023-03-18,Complet - avec 2 rappels entre 3 mois et 6 mois,2405.85,157.42,144.09,47.02,13.95,12.13,2.2,2.03,0.41,0.17,5.23
2023-03-19,Complet - avec 2 rappels entre 3 mois et 6 mois,636.56,83.65,59.78,23.65,15.02,12.26,2.64,2.61,0.32,0.0,5.28
2023-03-30,Complet - avec 1 rappel de 6 mois ou plus,9617.67,3023.28,1831.59,1083.47,121.87,90.35,14.99,13.38,8.16,5.0,56.88
2023-04-01,Non-vaccinés,3601.77,657.74,241.88,98.75,26.77,15.84,3.83,3.83,3.31,2.0,
2023-04-02,Complet - avec 1 rappel de 6 mois ou plus,3377.96,490.17,351.86,107.33,89.87,58.56,7.2,7.2,9.08,5.77,56.88
2023-04-02,Complet - avec 2 rappels entre 3 mois et 6 mois,573.76,101.94,57.01,21.59,8.83,5.05,1.09,1.09,0.16,0.1,5.63
2023-04-03,Primo dose récente,0.05,0.0,0.0,0.0,0.04,0.04,0.0,0.0,0.0,0.0,0.0
2023-04-03,Complet de moins de 3 mois - sans rappel,20.71,6.12,2.12,2.0,1.32,1.32,0.04,0.0,0.0,0.0,0.05
2023-04-03,Complet entre 3 mois et 6 mois - sans rappel,52.65,15.05,8.55,6.27,0.32,0.12,0.0,0.0,0.0,0.0,0.07
2023-04-03,Complet - avec 3 rappels de moins de 3 mois,1185.37,151.11,113.58,54.39,9.22,6.71,0.04,0.0,1.12,1.0,1.74
2023-04-04,Complet - avec 2 rappels entre 3 mois et 6 mois,2553.39,379.6,245.49,104.82,21.73,10.74,4.16,2.48,2.03,2.03,5.65
2023-04-04,Complet - avec 2 rappels de 6 mois ou plus,4237.82,630.09,524.52,217.3,58.4,46.73,11.07,8.4,5.59,4.39,7.98
2023-04-05,Complet entre 3 mois et 6 mois - sans rappel,30.29,7.98,4.53,4.36,0.0,0.0,0.0,0.0,0.02,0.02,0.07
2023-04-05,Complet - avec 1 rappel entre 3 mois et 6 mois,188.21,45.17,24.25,13.55,2.65,2.44,0.52,0.12,1.0,1.0,0.42
2023-04-06,Complet de moins de 3 mois - sans rappel,8.26,0.07,0.25,0.0,0.02,0.02,0.0,0.0,0.01,0.01,0.04
2023-04-06,Complet - avec 1 rappel de 6 mois ou plus,8829.45,2850.19,1781.92,1071.69,116.18,85.98,16.04,13.62,8.06,5.57,56.89
2023-04-07,Complet - avec 1 rappel de moins de 3 mois,45.65,10.68,5.92,1.36,0.2,0.0,0.01,0.0,0.03,0.02,0.15
2023-04-07,Complet - avec 1 rappel entre 3 mois et 6 mois,138.7,29.15,16.74,5.34,3.26,2.08,0.01,0.0,0.03,0.0,0.42
2023-04-08,Complet - avec 1 rappel de moins de 3 mois,42.41,12.23,3.71,2.29,0.0,0.0,0.0,0.0,0.0,0.0,0.15
2023-04-08,Complet - avec 2 rappels de moins de 3 mois,359.07,35.49,26.52,13.49,3.73,3.47,0.0,0.0,0.0,0.0,1.14
2023-04-12,Non-vaccinés,4405.22,998.85,437.35,208.77,45.33,33.23,5.11,4.21,2.5,1.25,
2023-04-13,Complet - avec 2 rappels entre 3 mois et 6 mois,1505.78,409.61,270.13,140.41,24.37,19.45,1.19,1.13,3.2,2.0,5.82
2023-04-14,Complet entre 3 mois et 6 mois - sans rappel,22.57,5.71,5.66,2.29,0.0,0.0,0.0,0.0,0.0,0.0,0.07
2023-04-15,Complet de moins de 3 mois - sans rappel,14.24,3.22,2.13,2.11,0.0,0.0,0.0,0.0,0.0,0.0,0.04
2023-04-15,Complet de 6 mois ou plus - sans rappel,3120.03,399.29,267.07,126.12,19.8,13.53,2.85,2.39,1.11,1.11,22.24
2023-04-15,Complet - avec 2 rappels entre 3 mois et 6 mois,1761.68,230.61,183.52,75.46,15.57,12.37,0.89,0.44,2.22,2.22,5.79
2023-04-24,Complet - avec 1 rappel de 6 mois ou plus,14987.98,3094.32,2059.95,1119.02,116.74,88.01,17.67,12.64,10.64,7.82,56.95
2023-04-25,Complet - avec 1 rappel de 6 mois ou plus,11374.81,2626.22,1604.92,920.18,136.9,104.4,19.88,16.57,9.88,7.65,56.95
2023-04-25,Complet - avec 2 rappels de 6 mois ou plus,3846.15,792.94,567.82,269.42,73.48,52.19,9.01,7.95,6.54,5.46,8.91
2023-04-26,Complet entre 3 mois et 6 mois - sans rappel,28.53,6.25,5.09,3.65,0.28,0.08,0.0,0.0,0.0,0.0,0.07
2023-04-27,Complet - avec 2 rappels de moins de 3 mois,152.34,34.6,19.99,8.91,0.84,0.21,1.02,1.0,0.0,0.0,0.49
2023-04-28,Complet - avec 2 rappels de 6 mois ou plus,2357.85,673.24,432.68,211.4,57.81,41.25,6.0,5.25,7.36,6.5,9.13
2023-04-28,Complet - avec 3 rappels entre 3 et 6 mois ou plus,994.28,279.26,210.68,97.29,36.2,21.62,1.8,1.62,5.57,4.0,3.37
2023-04-29,Complet - avec 2 rappels entre 3 mois et 6 mois,1360.67,191.79,118.23,58.98,14.05,9.03,1.2,1.2,1.14,1.14,5.37
2023-04-29,Complet - avec 3 rappels de moins de 3 mois,235.22,32.83,21.98,10.32,0.28,0.26,0.0,0.0,0.14,0.14,0.74
2023-04-30,Complet - avec 3 rappels de moins de 3 mois,63.66,14.54,10.95,3.45,2.21,2.21,1.01,1.01,0.0,0.0,0.74
2023-05-01,Complet de 6 mois ou plus - sans rappel,835.27,142.03,71.15,23.54,18.19,13.02,4.79,4.5,4.47,3.35,22.25
2023-05-19,Complet - avec 2 rappels de 6 mois ou plus,2482.52,536.81,300.04,159.51,28.66,19.54,3.92,3.92,2.73,0.51,10.0
2023-05-20,Complet - avec 2 rappels entre 3 mois et 6 mois,898.1,113.46,51.94,27.78,7.25,4.63,0.72,0.05,2.29,2.0,4.66
2023-05-21,Primo dose efficace,43.8,4.58,3.8,0.29,1.41,1.36,0.0,0.0,0.0,0.0,1.03
2023-05-21,Complet entre 3 mois et 6 mois - sans rappel,4.45,2.16,0.01,0.01,0.0,0.0,0.13,0.13,0.0,0.0,0.06
2023-05-22,Complet - avec 1 rappel de 6 mois ou plus,10578.7,2179.68,1198.17,734.84,53.89,38.93,8.17,6.42,9.8,8.8,57.04
2023-05-23,Complet entre 3 mois et 6 mois - sans rappel,18.61,1.22,3.37,0.09,0.0,0.0,0.01,0.0,0.0,0.0,0.06
2023-05-23,Complet - avec 1 rappel de 6 mois ou plus,8378.45,1925.03,920.64,544.6,59.43,37.19,3.11,2.22,6.2,4.0,57.05
2023-05-23,Complet - avec 3 rappels de moins de 3 mois,135.5,29.64,10.5,6.78,1.43,0.03,0.14,0.0,0.0,0.0,0.41
2023-05-23,Complet - avec 3 rappels entre 3 et 6 mois ou plus,1391.93,250.06,161.98,82.37,12.7,8.21,0.15,0.06,0.0,0.0,3.81
2023-05-29,Primo dose récente,0.04,0.0,0.0,0.0,0.0,0.0,0.0,0.0,0.0,0.0,0.0
2023-05-29,Complet entre 3 mois et 6 mois - sans rappel,8.85,3.07,0.06,0.0,0.0,0.0,0.0,0.0,0.05,0.0,0.06
2023-05-29,Complet - avec 2 rappels entre 3 mois et 6 mois,280.3,44.89,16.5,1.04,3.49,2.39,0.17,0.08,1.15,1.15,4.34
2023-05-30,Complet de moins de 3 mois - sans rappel,2.56,0.0,0.0,0.0,0.0,0.0,0.03,0.03,0.0,0.0,0.02
2023-05-31,Complet de 6 mois ou plus - sans rappel,2047.62,492.83,179.13,105.02,12.12,9.78,1.21,1.0,1.16,0.0,22.28
2023-06-01,Primo dose récente,1.01,0.0,0.0,0.0,0.0,0.0,0.0,0.0,0.0,0.0,0.0
2023-06-03,Non-vaccinés,1722.22,249.6,89.53,37.58,11.96,9.24,1.0,1.0,0.9,0.9,
2023-06-03,Complet - avec 2 rappels de moins de 3 mois,35.16,4.59,1.27,1.18,0.0,0.0,0.0,0.0,0.0,0.0,0.13
2023-06-05,Primo dose récente,0.28,0.0,0.0,0.0,0.0,0.0,0.0,0.0,0.0,0.0,0.0
2023-06-05,Complet entre 3 mois et 6 mois - sans rappel,11.83,2.17,1.0,1.0,1.0,0.0,0.0,0.0,0.1,0.05,0.06
2023-06-05,Complet de 6 mois ou plus - sans rappel,2439.29,491.94,173.79,103.06,13.28,6.43,3.0,2.0,2.31,2.04,22.28
2023-06-06,Complet de 6 mois ou plus - sans rappel,1959.63,447.66,145.35,73.78,10.53,7.64,2.39,1.19,2.04,2.0,22.28
2023-06-06,Complet - avec 2 rappels entre 3 mois et 6 mois,751.71,118.49,61.67,26.56,4.07,1.31,0.09,0.09,1.5,1.25,3.82
2023-06-07,Complet de moins de 3 mois - sans rappel,3.6,0.02,0.0,0.0,0.02,0.0,0.0,0.0,0.0,0.0,0.02
2023-06-09,Complet - avec 1 rappel de 6 mois ou plus,4542.68,1070.68,377.57,217.37,28.18,18.23,3.79,2.46,4.86,3.0,57.13
2023-06-10,Complet de 6 mois ou plus - sans rappel,1355.62,196.0,64.83,26.96,4.62,2.0,2.12,2.0,1.04,0.02,22.29
2023-06-11,Complet - avec 1 rappel entre 3 mois et 6 mois,13.74,2.6,1.0,1.0,0.0,0.0,0.0,0.0,0.01,0.01,0.27
2023-06-11,Complet - avec 2 rappels de moins de 3 mois,9.76,1.4,0.0,0.0,0.0,0.0,0.0,0.0,0.0,0.0,0.11
2021-11-06,Complet - avec 1 rappel entre 3 mois et 6 mois,0.15,0.11,0.11,0.11,0.0,0.0,0.0,0.0,0.0,0.0,0.0
2021-11-11,Complet - avec 1 rappel de moins de 3 mois,2534.03,206.87,24.05,3.97,12.88,11.54,1.78,1.29,1.25,1.0,6.58
2021-11-13,Primo dose récente,627.72,47.0,31.84,11.42,1.21,1.05,0.31,0.27,0.0,0.0,0.44
2021-11-14,Complet - avec 1 rappel entre 3 mois et 6 mois,0.02,0.0,0.0,0.0,0.0,0.0,0.0,0.0,0.0,0.0,0.0
2021-11-15,Non-vaccinés,55763.11,8928.41,6587.65,3239.44,176.85,129.58,66.37,54.57,24.19,17.84,
2021-11-16,Complet de moins de 3 mois - sans rappel,22754.61,4226.16,1301.95,643.17,27.83,20.12,5.13,3.15,3.59,3.34,20.85
2021-11-22,Non-vaccinés,76685.88,14897.51,9959.85,4875.23,240.08,183.89,82.92,68.84,21.4,18.14,
2021-11-25,Complet entre 3 mois et 6 mois - sans rappel,104578.79,26107.73,10562.02,5766.23,149.95,121.46,41.86,35.72,9.03,7.48,59.19
2021-11-26,Complet - avec 2 rappels de moins de 3 mois,27.85,1.15,0.12,0.0,0.0,0.0,0.0,0.0,0.0,0.0,0.01
2021-11-27,Complet entre 3 mois et 6 mois - sans rappel,73242.63,11821.56,6738.36,3223.49,130.1,104.93,29.27,26.53,10.12,9.16,59.51
2021-11-30,Complet de moins de 3 mois - sans rappel,25254.48,5545.87,2151.27,1036.45,40.6,32.89,5.67,2.93,2.97,2.82,12.97
2021-12-03,Complet de 6 mois ou plus - sans rappel,39177.82,7360.77,4156.55,2040.44,174.89,132.3,43.08,36.28,26.83,21.8,12.89
2021-12-04,Complet de 6 mois ou plus - sans rappel,23214.83,3438.47,2195.57,1012.4,116.01,92.25,36.89,34.51,30.94,27.28,12.89
2021-12-08,Complet - avec 2 rappels entre 3 mois et 6 mois,0.0,0.0,0.0,0.0,0.0,0.0,0.0,0.0,0.0,0.0,0.0
2021-07-11,Complet de moins de 3 mois - sans rappel,13090.62,628.3,185.94,50.45,16.35,10.17,2.62,2.25,1.33,1.06,55.96
2021-07-12,Non-vaccinés,119280.19,10833.53,4933.65,2218.22,84.06,60.14,24.72,18.22,1.98,1.0,
2021-07-13,Non-vaccinés,114027.23,10785.79,4956.88,2161.18,107.35,85.22,21.69,17.83,9.7,7.7,
2021-07-20,Non-vaccinés,116608.92,15587.71,11309.49,5530.9,145.14,100.88,38.87,31.77,4.96,4.5,
2021-07-20,Primo dose récente,14861.35,1420.79,1155.03,561.98,6.12,4.28,3.78,3.41,0.0,0.0,7.48
2021-07-21,Complet - avec 1 rappel de moins de 3 mois,0.0,0.0,0.0,0.0,0.0,0.0,0.0,0.0,0.0,0.0,0.0
2021-07-24,Non-vaccinés,87957.31,7548.18,6598.65,2874.51,199.56,151.06,55.39,42.02,12.95,10.32,
2021-07-25,Complet - avec 1 rappel de moins de 3 mois,0.0,0.0,0.0,0.0,0.0,0.0,0.0,0.0,0.0,0.0,0.0
2021-07-26,Complet - avec 1 rappel de moins de 3 mois,0.0,0.0,0.0,0.0,0.0,0.0,0.0,0.0,0.0,0.0,0.0
2021-07-28,Non-vaccinés,120395.06,16970.21,14516.58,7194.68,279.1,202.92,74.47,53.9,16.54,12.3,
2021-07-28,Complet de 6 mois ou plus - sans rappel,75.31,7.16,1.51,0.21,0.33,0.28,0.01,0.0,0.24,0.0,0.03
2021-07-31,Non-vaccinés,86489.24,6735.74,6848.23,2795.34,309.7,230.52,86.5,66.23,20.5,14.0,
2021-08-05,Complet de 6 mois ou plus - sans rappel,735.14,77.34,25.28,13.22,0.17,0.11,0.0,0.0,0.0,0.0,0.34
2021-08-25,Complet - avec 1 rappel entre 3 mois et 6 mois,0.0,0.0,0.0,0.0,0.0,0.0,0.0,0.0,0.0,0.0,0.0
2021-09-01,Complet de 6 mois ou plus - sans rappel,6959.02,501.67,253.99,92.36,14.95,13.3,0.7,0.11,3.32,2.56,3.42
2021-09-05,Complet de 6 mois ou plus - sans rappel,1491.59,132.55,58.01,17.73,11.67,8.34,0.27,0.17,6.81,5.38,3.84
2021-09-06,Complet entre 3 mois et 6 mois - sans rappel,41105.8,3405.55,1396.16,575.89,59.38,45.3,13.59,7.25,4.44,3.5,23.88
2021-09-06,Complet de 6 mois ou plus - sans rappel,9982.57,722.53,389.59,127.58,26.49,21.14,3.72,3.16,5.84,5.24,3.85
2022-07-07,Primo dose efficace,1653.56,427.41,395.47,217.39,14.87,11.15,2.44,2.23,0.01,0.01,1.09
2022-07-09,Complet entre 3 mois et 6 mois - sans rappel,2368.41,554.8,566.54,317.63,17.77,12.17,2.12,1.0,3.2,2.2,2.17
2022-07-11,Primo dose récente,104.31,14.9,11.93,7.79,0.18,0.0,0.0,0.0,0.0,0.0,0.03
2022-07-17,Complet - avec 3 rappels entre 3 et 6 mois ou plus,1.1,0.0,0.03,0.0,0.0,0.0,0.0,0.0,0.0,0.0,0.0
2022-07-20,Complet de moins de 3 mois - sans rappel,470.3,75.55,60.38,30.75,2.35,2.16,0.0,0.0,1.03,1.0,0.24
2022-07-20,Complet entre 3 mois et 6 mois - sans rappel,1873.03,503.1,510.99,297.96,11.2,10.06,3.2,3.2,0.04,0.0,1.67
2022-07-22,Complet - avec 3 rappels de moins de 3 mois,26.48,6.46,7.36,1.08,0.03,0.0,0.0,0.0,0.0,0.0,0.02
2022-07-24,Complet - avec 2 rappels de 6 mois ou plus,67.35,9.77,13.25,3.29,0.42,0.06,0.06,0.06,0.0,0.0,0.21
2022-07-26,Primo dose récente,52.98,6.35,6.61,4.26,0.23,0.23,0.0,0.0,0.0,0.0,0.02
2022-07-27,Complet de moins de 3 mois - sans rappel,399.31,66.86,53.56,25.41,1.54,1.22,1.12,1.0,0.05,0.01,0.23
2022-07-28,Complet - avec 3 rappels de moins de 3 mois,35.21,4.52,6.99,2.27,0.16,0.12,0.01,0.0,0.0,0.0,0.03
2022-07-30,Primo dose efficace,959.75,103.87,96.78,41.7,10.94,8.66,0.1,0.1,1.52,1.44,1.07
2022-08-02,Complet - avec 1 rappel de moins de 3 mois,1712.0,206.8,168.28,68.9,5.8,4.88,2.29,2.1,1.02,1.0,1.35
2022-08-04,Complet - avec 1 rappel de 6 mois ou plus,32945.31,9488.18,8762.46,5250.75,328.62,263.44,30.34,24.61,53.59,43.5,57.77
2022-08-06,Complet - avec 1 rappel de moins de 3 mois,1110.86,97.84,86.08,35.24,7.02,5.47,0.24,0.14,1.11,1.0,1.32
2022-08-06,Complet - avec 1 rappel de 6 mois ou plus,28666.26,5074.78,5239.9,2839.02,213.51,170.43,30.52,25.44,28.09,21.21,58.33
2022-08-08,Complet entre 3 mois et 6 mois - sans rappel,828.58,154.21,154.51,79.98,5.97,5.2,0.0,0.0,0.03,0.0,0.89
2022-08-08,Complet - avec 3 rappels de moins de 3 mois,67.27,4.98,8.4,3.56,0.0,0.0,0.0,0.0,0.0,0.0,0.04
2022-08-09,Complet - avec 1 rappel entre 3 mois et 6 mois,3550.08,772.26,585.11,334.91,25.79,20.27,1.64,0.92,2.01,0.78,5.72
2022-08-09,Complet - avec 2 rappels entre 3 mois et 6 mois,2900.27,430.38,441.4,193.15,30.6,24.52,4.81,3.62,8.23,5.49,2.61
2022-08-11,Complet - avec 2 rappels entre 3 mois et 6 mois,2206.31,360.59,353.47,159.12,45.07,38.43,1.47,0.49,4.22,3.53,2.72
2022-08-12,Complet - avec 1 rappel de moins de 3 mois,928.97,132.98,92.68,32.61,3.49,2.16,1.21,0.02,0.09,0.0,1.27
2022-08-13,Complet - avec 2 rappels de moins de 3 mois,3895.28,457.7,383.45,175.03,12.8,9.86,5.01,4.73,1.52,1.25,7.04
2022-08-14,Primo dose efficace,266.83,25.51,14.89,5.97,4.07,3.59,0.66,0.46,0.18,0.06,1.07
2022-08-15,Primo dose récente,7.11,0.24,0.42,0.18,0.0,0.0,0.0,0.0,0.0,0.0,0.01
2022-08-15,Complet - avec 1 rappel de moins de 3 mois,448.87,41.95,28.87,10.31,5.73,4.12,0.33,0.32,0.1,0.03,1.25
2022-08-19,Complet - avec 2 rappels de moins de 3 mois,4383.46,736.33,556.83,298.87,30.65,24.56,3.0,3.0,1.08,0.0,7.03
2022-08-21,Complet - avec 2 rappels de moins de 3 mois,1399.56,124.42,90.73,19.18,11.02,8.87,1.78,1.58,3.12,3.0,7.0
2022-08-25,Complet - avec 3 rappels de moins de 3 mois,32.6,2.78,3.32,1.2,0.0,0.0,0.11,0.1,0.04,0.04,0.05
2022-08-26,Complet de 6 mois ou plus - sans rappel,9554.61,1877.76,1209.88,718.26,38.44,28.21,6.49,4.93,6.78,6.14,22.3
2022-08-26,Complet - avec 2 rappels entre 3 mois et 6 mois,2758.67,374.62,322.64,143.0,23.36,16.33,2.69,2.38,4.26,4.14,3.24
2022-08-26,Complet - avec 2 rappels de 6 mois ou plus,308.7,47.94,46.17,23.71,1.75,1.4,0.17,0.17,0.06,0.0,0.48
2022-08-28,Complet - avec 2 rappels de moins de 3 mois,1499.7,143.88,83.78,20.24,14.17,10.36,5.37,3.3,4.08,3.08,6.98
2022-08-29,Primo dose efficace,813.54,103.28,90.88,48.31,4.03,3.69,0.2,0.0,0.28,0.28,1.06
2022-08-29,Complet - avec 3 rappels entre 3 et 6 mois ou plus,13.02,0.22,0.27,0.15,0.0,0.0,0.0,0.0,0.0,0.0,0.01
2022-08-31,Non-vaccinés,9736.27,1829.16,1367.7,745.33,54.56,44.34,5.59,3.65,6.82,4.06,
2022-09-01,Complet - avec 2 rappels de moins de 3 mois,3506.82,581.66,386.3,225.0,27.32,21.36,2.24,2.17,2.95,2.75,6.95
2022-09-02,Complet - avec 1 rappel entre 3 mois et 6 mois,1043.35,163.6,113.54,45.36,8.07,7.25,0.0,0.0,0.0,0.0,1.8
2022-09-03,Complet - avec 2 rappels de 6 mois ou plus,404.79,21.1,12.91,3.97,2.43,2.28,0.0,0.0,0.0,0.0,0.54
2022-09-04,Complet - avec 1 rappel entre 3 mois et 6 mois,332.86,29.59,20.04,6.73,5.55,3.98,0.29,0.29,0.06,0.0,1.71
2022-09-05,Complet de 6 mois ou plus - sans rappel,15928.66,2539.31,1744.85,1047.34,50.22,38.31,5.27,4.45,5.36,5.02,22.39
2022-09-06,Complet de 6 mois ou plus - sans rappel,12624.51,2174.46,1288.75,793.35,36.26,27.83,7.13,4.9,3.84,3.84,22.39
2022-09-07,Complet de 6 mois ou plus - sans rappel,12308.33,2130.89,1275.43,776.23,42.3,24.77,1.97,1.0,5.53,5.53,22.39
2022-09-10,Complet de 6 mois ou plus - sans rappel,10675.24,1434.67,931.37,550.74,25.95,17.87,4.34,3.34,1.47,1.32,22.4
2022-09-11,Complet entre 3 mois et 6 mois - sans rappel,65.09,4.57,4.62,2.74,0.19,0.17,0.0,0.0,0.04,0.0,0.28
2022-09-12,Complet - avec 1 rappel de moins de 3 mois,1102.02,129.09,79.57,43.44,2.34,2.17,0.06,0.05,0.0,0.0,1.0
2022-09-12,Complet - avec 2 rappels de 6 mois ou plus,752.44,98.44,80.59,39.13,4.63,2.58,0.15,0.04,0.0,0.0,0.59
2022-09-15,Complet entre 3 mois et 6 mois - sans rappel,222.67,56.7,34.51,21.96,0.03,0.03,0.0,0.0,0.0,0.0,0.27
2022-09-15,Complet - avec 1 rappel de moins de 3 mois,702.5,156.63,62.43,33.54,2.21,2.15,0.13,0.0,0.0,0.0,0.97
2022-09-16,Complet entre 3 mois et 6 mois - sans rappel,228.01,49.9,29.4,15.17,0.0,0.0,0.0,0.0,0.0,0.0,0.27
2022-09-18,Complet - avec 3 rappels entre 3 et 6 mois ou plus,1.18,0.05,0.03,0.01,0.0,0.0,0.0,0.0,0.0,0.0,0.01
2022-09-19,Complet - avec 3 rappels de moins de 3 mois,114.4,8.16,8.3,1.64,0.0,0.0,0.0,0.0,0.04,0.04,0.07
2022-09-21,Complet - avec 3 rappels de moins de 3 mois,66.52,7.79,5.69,3.35,1.02,1.0,0.0,0.0,0.0,0.0,0.07
2022-09-23,Complet - avec 1 rappel entre 3 mois et 6 mois,1159.53,268.67,162.66,90.16,8.78,7.06,1.27,1.0,3.12,2.0,1.5
2022-12-09,Primo dose efficace,690.11,246.68,130.23,80.98,16.1,12.65,0.05,0.0,2.11,1.11,1.04
2022-12-09,Complet de 6 mois ou plus - sans rappel,14400.35,6397.99,3619.2,2418.33,115.98,88.81,13.54,9.83,7.93,6.86,22.34
2022-12-10,Complet - avec 2 rappels de 6 mois ou plus,4160.06,755.91,783.46,358.24,76.79,58.87,11.83,9.47,9.87,5.52,3.52
2022-12-11,Non-vaccinés,4269.44,1291.93,497.2,185.56,117.83,90.66,7.6,6.71,14.11,10.23,
2022-12-11,Primo dose récente,4.66,0.14,0.07,0.05,0.0,0.0,0.0,0.0,0.0,0.0,0.01
2022-12-12,Complet - avec 1 rappel de moins de 3 mois,826.85,176.78,103.0,52.0,4.06,2.18,1.2,1.0,0.0,0.0,0.35
2022-12-16,Complet - avec 1 rappel de 6 mois ou plus,43362.63,18272.71,12002.97,7836.03,490.34,370.3,52.31,39.67,42.21,35.01,59.29
2022-12-22,Primo dose récente,22.42,4.42,4.54,1.23,0.0,0.0,0.0,0.0,0.0,0.0,0.01
2022-12-25,Complet de moins de 3 mois - sans rappel,22.66,5.43,4.52,0.15,0.0,0.0,0.0,0.0,0.01,0.0,0.08
2022-12-28,Complet - avec 1 rappel de moins de 3 mois,412.36,100.25,47.87,21.96,4.68,3.19,0.0,0.0,0.07,0.0,0.4
2022-12-31,Complet de 6 mois ou plus - sans rappel,6476.3,1332.29,707.61,374.98,47.8,38.43,6.02,5.3,8.1,6.28,22.26
2023-01-01,Complet - avec 2 rappels de 6 mois ou plus,1256.6,237.77,179.01,53.56,44.07,28.92,4.69,4.06,11.71,8.73,4.27
2023-01-02,Complet de 6 mois ou plus - sans rappel,11376.38,2804.85,1190.53,708.94,45.77,32.4,10.99,8.94,6.9,5.11,22.26
2023-01-03,Primo dose efficace,386.35,67.84,30.81,9.02,4.24,3.62,0.0,0.0,0.07,0.0,1.03
2023-01-04,Complet - avec 1 rappel entre 3 mois et 6 mois,376.7,75.22,28.76,9.85,1.3,1.11,0.03,0.02,0.3,0.2,0.71
2023-01-05,Complet - avec 1 rappel de 6 mois ou plus,17764.44,5516.92,1971.47,1037.64,220.92,169.34,33.24,29.34,38.33,32.47,57.77
2023-01-06,Primo dose efficace,356.88,63.8,15.62,6.74,3.95,3.33,0.01,0.01,0.0,0.0,1.03
2023-01-08,Non-vaccinés,2645.54,557.53,132.23,43.23,25.3,20.27,4.02,0.54,12.63,11.36,
2023-01-08,Primo dose efficace,158.17,18.36,9.44,3.18,1.42,1.25,0.02,0.0,0.0,0.0,1.03
2023-01-09,Complet - avec 1 rappel entre 3 mois et 6 mois,531.86,64.07,36.78,7.95,2.07,1.52,0.02,0.02,1.0,0.0,0.63
2023-01-10,Complet de moins de 3 mois - sans rappel,74.34,12.38,5.93,1.31,1.39,1.19,0.0,0.0,0.0,0.0,0.08
2023-01-10,Complet entre 3 mois et 6 mois - sans rappel,89.93,11.73,2.46,0.01,0.07,0.04,0.0,0.0,0.03,0.0,0.11
2023-01-10,Complet de 6 mois ou plus - sans rappel,7656.74,1058.99,396.43,154.25,37.05,25.93,6.69,6.15,7.84,7.42,22.26
2023-01-12,Complet - avec 2 rappels de moins de 3 mois,2514.67,473.89,123.55,34.08,16.68,13.26,2.28,2.14,2.64,2.2,5.47
2023-01-13,Complet de 6 mois ou plus - sans rappel,5934.88,1119.62,353.28,186.31,36.53,30.72,5.58,4.08,5.8,3.96,22.25
2023-01-14,Complet - avec 1 rappel de moins de 3 mois,318.35,13.19,8.16,1.09,2.16,2.13,0.08,0.0,0.02,0.02,0.4
2023-01-15,Primo dose récente,4.11,0.0,0.07,0.0,0.0,0.0,0.0,0.0,0.0,0.0,0.01
2023-01-17,Complet de 6 mois ou plus - sans rappel,8311.82,1309.14,366.29,176.61,33.55,27.49,6.49,5.24,4.83,3.75,22.24
2023-01-19,Complet - avec 2 rappels de moins de 3 mois,2059.92,325.43,69.54,27.99,8.48,7.23,3.0,1.0,1.36,1.28,5.45
2023-01-21,Complet - avec 3 rappels entre 3 et 6 mois ou plus,224.87,18.48,8.73,4.07,5.02,5.0,0.0,0.0,1.0,1.0,0.25
2023-01-22,Complet - avec 1 rappel de moins de 3 mois,87.51,8.24,1.56,0.06,0.04,0.0,0.01,0.01,0.0,0.0,0.39
2023-01-23,Complet - avec 1 rappel de moins de 3 mois,520.57,45.72,15.79,5.58,1.37,1.23,0.0,0.0,0.0,0.0,0.39
2023-01-23,Complet - avec 2 rappels de moins de 3 mois,6113.07,412.92,126.86,46.85,9.72,6.37,1.28,1.28,3.35,2.0,5.37
2023-01-26,Complet de 6 mois ou plus - sans rappel,5203.24,1242.1,292.29,161.7,20.23,11.75,2.41,2.21,3.44,3.24,22.23
2023-01-26,Complet - avec 3 rappels entre 3 et 6 mois ou plus,206.11,37.53,12.64,5.01,1.62,1.52,1.03,1.02,0.02,0.0,0.32
2023-01-27,Complet - avec 2 rappels entre 3 mois et 6 mois,2249.42,231.23,82.45,23.97,7.38,6.07,0.39,0.19,1.55,1.37,3.64
2023-01-28,Primo dose récente,7.58,1.02,0.07,0.0,0.0,0.0,0.0,0.0,0.0,0.0,0.01
2023-01-28,Complet de moins de 3 mois - sans rappel,43.52,2.43,1.13,0.0,0.01,0.0,0.0,0.0,0.0,0.0,0.07
2023-01-28,Complet de 6 mois ou plus - sans rappel,6559.49,628.27,196.82,92.0,14.71,8.65,4.29,3.09,1.73,1.64,22.23
2023-01-28,Complet - avec 2 rappels entre 3 mois et 6 mois,2792.36,159.12,66.64,15.45,5.94,2.55,0.46,0.26,0.18,0.0,3.6
2023-01-29,Complet de moins de 3 mois - sans rappel,14.41,0.61,0.08,0.0,0.01,0.0,0.0,0.0,0.02,0.01,0.07
2023-01-29,Complet - avec 2 rappels de moins de 3 mois,908.01,98.14,18.97,4.8,1.86,1.4,1.05,1.05,0.34,0.21,5.21
2023-01-29,Complet - avec 2 rappels entre 3 mois et 6 mois,788.65,90.13,23.87,4.76,5.73,5.38,1.07,1.07,3.67,2.33,3.59
2023-01-29,Complet - avec 2 rappels de 6 mois ou plus,1667.63,207.1,107.47,24.66,22.26,16.43,0.14,0.14,2.66,2.42,6.64
2023-01-31,Primo dose récente,12.62,0.06,0.45,0.0,0.0,0.0,0.0,0.0,0.0,0.0,0.01
2023-01-31,Complet - avec 2 rappels entre 3 mois et 6 mois,3113.96,234.93,109.75,36.63,14.4,9.35,3.62,3.15,1.26,1.2,3.56
2023-02-02,Primo dose efficace,,,,,1.59,,0.01,,0.0,,1.03
2023-02-02,Complet de 6 mois ou plus - sans rappel,,,,,17.57,,4.5,,4.0,,22.23
2023-02-02,Complet - avec 2 rappels de moins de 3 mois,,,,,7.47,,1.03,,0.27,,5.21
2023-02-02,Complet - avec 2 rappels de 6 mois ou plus,,,,,27.14,,3.59,,4.95,,6.75
2023-02-04,Complet de 6 mois ou plus - sans rappel,,,,,10.77,,1.68,,0.27,,22.22
2023-02-04,Complet - avec 2 rappels de 6 mois ou plus,,,,,27.36,,1.2,,2.2,,6.82
2023-02-05,Complet entre 3 mois et 6 mois - sans rappel,,,,,0.0,,0.0,,0.0,,0.08
2023-02-05,Complet - avec 1 rappel de 6 mois ou plus,,,,,44.77,,8.97,,7.8,,56.99
2023-02-06,Non-vaccinés,,,,,18.76,,3.49,,5.66,,
2023-02-06,Complet - avec 1 rappel de moins de 3 mois,,,,,2.0,,0.14,,0.0,,0.37
2023-02-06,Complet - avec 2 rappels de moins de 3 mois,,,,,10.83,,1.39,,0.17,,5.11
2023-02-10,Non-vaccinés,,,,,26.3,,2.48,,2.4,,
2023-02-10,Primo dose récente,,,,,0.0,,0.0,,0.0,,0.01
2023-02-10,Complet - avec 1 rappel de moins de 3 mois,,,,,0.17,,1.0,,0.0,,0.36
2023-02-11,Non-vaccinés,,,,,19.37,,1.82,,1.62,,
2023-02-11,Complet - avec 2 rappels de moins de 3 mois,,,,,2.15,,2.2,,1.2,,4.91
2023-02-11,Complet - avec 2 rappels de 6 mois ou plus,,,,,18.07,,2.61,,2.42,,6.94
2023-02-12,Primo dose récente,,,,,0.0,,0.0,,0.0,,0.01
2023-02-13,Complet entre 3 mois et 6 mois - sans rappel,,,,,0.04,,0.0,,0.11,,0.08
2023-02-13,Complet - avec 3 rappels de moins de 3 mois,,,,,9.44,,2.54,,1.25,,3.05
2023-02-13,Complet - avec 3 rappels entre 3 et 6 mois ou plus,,,,,4.76,,0.02,,0.25,,0.57
2023-02-16,Primo dose récente,,,,,0.0,,0.0,,0.0,,0.01
2023-02-16,Complet - avec 1 rappel de 6 mois ou plus,,,,,71.22,,10.11,,7.43,,56.88
2023-02-17,Primo dose récente,4.56,1.08,0.07,0.0,0.0,0.0,0.0,0.0,0.0,0.0,0.01
2023-02-18,Complet - avec 3 rappels entre 3 et 6 mois ou plus,491.93,43.67,24.59,11.14,3.59,3.25,1.21,0.2,1.0,1.0,0.71
2023-02-19,Complet de moins de 3 mois - sans rappel,10.53,0.34,0.16,0.0,0.0,0.0,0.0,0.0,0.0,0.0,0.07
2023-02-19,Complet - avec 3 rappels de moins de 3 mois,619.47,68.89,21.83,5.14,10.52,4.15,0.2,0.0,3.07,3.07,3.03
2023-02-21,Complet - avec 1 rappel entre 3 mois et 6 mois,230.87,25.14,9.75,1.9,2.0,1.0,0.0,0.0,0.0,0.0,0.38
2023-02-23,Primo dose efficace,256.38,33.19,17.88,3.4,2.62,1.26,0.0,0.0,0.0,0.0,1.03
2023-02-25,Primo dose efficace,272.1,28.58,5.25,1.2,0.2,0.2,0.09,0.09,0.0,0.0,1.03
2023-02-26,Primo dose récente,0.42,0.0,0.12,0.0,0.0,0.0,0.0,0.0,0.0,0.0,0.0
2023-02-26,Complet - avec 1 rappel de moins de 3 mois,76.01,12.88,4.48,1.19,0.04,0.0,0.0,0.0,0.0,0.0,0.33
2023-02-28,Complet de moins de 3 mois - sans rappel,43.21,3.77,1.23,1.05,0.0,0.0,0.01,0.01,0.0,0.0,0.06
2023-03-01,Complet - avec 1 rappel de moins de 3 mois,195.38,16.81,9.51,3.56,2.27,2.0,0.2,0.2,0.0,0.0,0.32
2023-03-03,Complet - avec 1 rappel de moins de 3 mois,163.39,15.71,12.41,4.24,0.0,0.0,0.0,0.0,0.0,0.0,0.31
2023-03-04,Complet de moins de 3 mois - sans rappel,33.21,4.54,0.2,0.0,0.0,0.0,0.0,0.0,0.0,0.0,0.06
2023-03-05,Complet - avec 3 rappels de moins de 3 mois,536.76,48.55,20.55,4.88,8.83,6.27,0.12,0.04,0.04,0.0,2.83
2023-03-05,Complet - avec 3 rappels entre 3 et 6 mois ou plus,273.1,26.36,13.39,2.79,5.74,0.33,1.0,1.0,0.05,0.0,1.07
2023-03-06,Complet - avec 3 rappels de moins de 3 mois,2935.06,187.26,123.4,34.02,16.59,12.03,3.03,2.03,0.32,0.0,2.83
2023-03-07,Complet - avec 1 rappel entre 3 mois et 6 mois,218.83,26.41,10.92,5.88,1.18,1.14,0.0,0.0,0.0,0.0,0.38
2023-03-08,Complet - avec 3 rappels entre 3 et 6 mois ou plus,823.73,95.35,78.9,24.6,11.58,7.39,0.01,0.01,0.42,0.0,1.19
2023-03-10,Primo dose efficace,248.28,41.27,16.9,8.87,3.88,3.3,0.01,0.0,0.0,0.0,1.03
2023-03-11,Complet - avec 1 rappel de 6 mois ou plus,17367.56,1350.17,940.86,412.9,57.9,41.01,5.32,3.94,6.29,4.0,56.84
2023-03-11,Complet - avec 3 rappels entre 3 et 6 mois ou plus,890.81,59.78,48.81,9.71,10.96,7.72,3.16,3.02,1.14,1.0,1.4
2023-03-12,Primo dose récente,0.01,0.0,0.01,0.0,0.0,0.0,0.0,0.0,0.0,0.0,0.0
2023-03-12,Complet de moins de 3 mois - sans rappel,10.25,2.75,0.08,0.0,0.0,0.0,0.0,0.0,0.0,0.0,0.06
2023-03-15,Complet de 6 mois ou plus - sans rappel,5022.72,852.7,474.27,240.94,24.75,16.32,2.75,2.18,4.53,3.21,22.22
2023-03-19,Primo dose efficace,89.86,13.99,8.55,2.47,2.4,1.05,0.51,0.25,0.25,0.0,1.03
2023-03-22,Complet - avec 1 rappel de moins de 3 mois,92.63,15.76,8.96,2.19,1.92,1.2,0.02,0.02,0.0,0.0,0.2
2023-03-22,Complet - avec 3 rappels entre 3 et 6 mois ou plus,1247.49,170.53,161.35,56.64,21.0,18.1,0.29,0.19,1.14,1.0,2.06
2023-03-24,Complet - avec 3 rappels de moins de 3 mois,831.89,101.29,71.99,25.4,6.52,4.41,1.68,1.34,0.31,0.25,1.86
2023-03-25,Complet - avec 1 rappel entre 3 mois et 6 mois,164.54,19.43,10.22,2.77,2.05,1.05,0.0,0.0,0.0,0.0,0.43
2023-03-26,Primo dose récente,2.1,0.0,1.04,0.0,0.0,0.0,0.0,0.0,0.0,0.0,0.0
2023-03-26,Primo dose efficace,70.76,14.06,9.26,4.56,3.22,2.11,0.03,0.0,1.0,1.0,1.03
2023-03-26,Complet - avec 2 rappels de moins de 3 mois,171.96,32.49,15.62,5.71,3.65,2.22,0.24,0.05,0.08,0.08,1.72
2023-03-28,Complet - avec 2 rappels entre 3 mois et 6 mois,2853.41,392.54,284.53,139.24,26.35,17.2,0.83,0.3,1.14,1.14,5.6
2023-03-29,Primo dose récente,1.11,0.0,0.0,0.0,0.02,0.02,0.0,0.0,0.0,0.0,0.0
2023-03-29,Complet entre 3 mois et 6 mois - sans rappel,30.03,7.24,2.46,1.07,0.26,0.06,0.0,0.0,0.0,0.0,0.08
2023-03-31,Complet de 6 mois ou plus - sans rappel,3437.19,912.55,492.93,286.41,23.04,16.95,5.36,4.77,0.0,0.0,22.23
2023-03-31,Complet - avec 1 rappel de moins de 3 mois,68.89,14.11,8.8,5.22,0.5,0.0,0.0,0.0,0.0,0.0,0.17
2023-03-31,Complet - avec 1 rappel entre 3 mois et 6 mois,173.41,30.39,13.5,4.74,0.15,0.15,1.0,1.0,0.0,0.0,0.43
2023-03-31,Complet - avec 2 rappels entre 3 mois et 6 mois,2039.01,380.33,267.22,125.47,28.59,22.03,2.13,1.46,1.0,0.0,5.65
2023-04-01,Complet - avec 1 rappel de moins de 3 mois,61.19,7.44,2.63,1.26,0.03,0.0,0.0,0.0,0.0,0.0,0.17
2023-04-01,Complet - avec 1 rappel de 6 mois ou plus,12733.06,1651.5,1089.9,575.48,96.1,67.89,14.66,10.66,3.2,2.4,56.88
2023-04-01,Complet - avec 2 rappels entre 3 mois et 6 mois,2184.71,218.1,155.66,65.08,18.79,13.88,2.19,1.19,2.06,1.0,5.64
2023-04-02,Complet de moins de 3 mois - sans rappel,3.57,0.1,0.02,0.0,0.12,0.0,0.0,0.0,0.08,0.08,0.05
2023-04-02,Complet - avec 2 rappels de 6 mois ou plus,1088.66,195.99,133.39,50.33,40.56,25.53,2.69,2.69,1.57,0.54,7.96
2023-04-03,Non-vaccinés,5877.88,1202.54,457.57,218.23,44.01,32.65,6.51,3.84,6.47,5.0,
2023-04-03,Complet de 6 mois ou plus - sans rappel,5773.63,1145.21,644.02,377.77,39.73,25.61,6.05,3.47,0.12,0.0,22.23
2023-04-07,Primo dose récente,0.03,0.0,0.0,0.0,0.0,0.0,0.0,0.0,0.0,0.0,0.0
2023-04-07,Primo dose efficace,146.43,42.11,22.61,9.01,2.12,1.44,0.0,0.0,0.1,0.06,1.03
2023-04-07,Complet - avec 3 rappels de moins de 3 mois,401.19,83.07,62.15,26.74,5.69,4.7,0.03,0.0,1.02,0.0,1.55
2023-04-08,Complet de 6 mois ou plus - sans rappel,3116.24,472.23,299.58,153.85,19.31,13.33,2.25,2.25,1.19,1.11,22.24
2023-04-09,Complet de moins de 3 mois - sans rappel,2.36,0.06,0.02,0.0,0.0,0.0,0.0,0.0,0.0,0.0,0.04
2023-04-11,Complet entre 3 mois et 6 mois - sans rappel,47.18,8.98,4.92,2.44,0.0,0.0,0.0,0.0,0.0,0.0,0.07
2023-04-11,Complet - avec 2 rappels de 6 mois ou plus,5691.51,839.65,789.39,374.37,96.53,66.52,11.24,9.82,8.86,8.42,8.17
2023-04-14,Non-vaccinés,3272.64,857.86,377.24,181.03,35.68,23.49,6.57,5.71,3.44,1.58,
2023-04-14,Complet - avec 1 rappel de 6 mois ou plus,10326.23,2791.97,1745.63,984.45,142.46,106.43,16.8,11.69,10.72,6.67,56.91
2023-04-15,Primo dose récente,2.15,0.0,0.0,0.0,0.0,0.0,0.0,0.0,0.0,0.0,0.0
2023-04-16,Complet - avec 3 rappels de moins de 3 mois,118.17,19.44,16.2,5.33,5.28,4.67,0.0,0.0,0.0,0.0,1.17
2023-04-17,Complet de moins de 3 mois - sans rappel,16.07,2.14,1.25,0.0,1.0,1.0,0.0,0.0,0.0,0.0,0.04
2023-04-18,Complet - avec 2 rappels entre 3 mois et 6 mois,2238.65,450.19,291.99,133.19,29.01,21.05,1.06,0.54,0.1,0.0,5.77
2023-04-21,Primo dose efficace,184.99,30.73,24.34,7.87,1.87,1.56,0.04,0.04,0.02,0.02,1.03
2023-04-21,Complet - avec 2 rappels de moins de 3 mois,228.59,50.73,17.74,9.95,2.5,2.31,0.01,0.01,0.09,0.01,0.63
2023-04-21,Complet - avec 3 rappels de moins de 3 mois,363.96,71.05,42.09,26.23,2.93,2.18,1.07,0.07,0.01,0.01,0.99
2023-04-22,Complet - avec 2 rappels entre 3 mois et 6 mois,1551.38,216.2,149.24,57.94,15.91,13.39,3.39,3.0,1.11,1.03,5.6
2023-04-23,Complet - avec 2 rappels de 6 mois ou plus,1056.63,197.34,151.12,60.92,44.99,32.4,6.4,4.86,9.76,7.2,8.86
2023-04-24,Complet entre 3 mois et 6 mois - sans rappel,31.27,8.77,2.7,1.15,0.26,0.06,0.0,0.0,0.02,0.0,0.07
2023-04-24,Complet - avec 2 rappels entre 3 mois et 6 mois,2499.08,440.75,296.29,151.37,22.83,15.16,3.24,2.0,3.47,3.4,5.58
2023-04-24,Complet - avec 3 rappels entre 3 et 6 mois ou plus,1925.19,342.15,292.57,135.06,27.75,19.84,2.83,2.2,0.97,0.69,3.21
2023-04-26,Primo dose récente,2.61,0.12,0.09,0.09,0.0,0.0,0.0,0.0,0.0,0.0,0.0
2023-04-26,Primo dose efficace,194.44,38.68,26.06,13.16,2.55,0.72,0.0,0.0,0.36,0.2,1.03
2023-04-27,Complet de moins de 3 mois - sans rappel,10.17,0.28,1.02,0.0,0.02,0.0,0.0,0.0,0.0,0.0,0.03
2023-04-27,Complet - avec 1 rappel entre 3 mois et 6 mois,100.08,39.51,21.38,11.36,1.45,1.41,0.0,0.0,1.0,1.0,0.4
2023-04-28,Complet entre 3 mois et 6 mois - sans rappel,14.17,9.06,1.8,1.54,1.2,1.0,1.0,1.0,0.02,0.0,0.07
2023-04-28,Complet - avec 1 rappel de 6 mois ou plus,6691.34,2070.01,1190.61,674.07,96.07,67.15,11.43,8.46,14.56,10.25,56.97
2023-04-29,Complet - avec 2 rappels de moins de 3 mois,124.64,15.08,5.98,1.51,0.24,0.2,1.0,1.0,0.0,0.0,0.42
2023-04-29,Complet - avec 3 rappels entre 3 et 6 mois ou plus,1051.4,152.16,119.47,44.95,14.71,7.78,0.28,0.0,1.0,1.0,3.42
2023-05-01,Complet - avec 2 rappels entre 3 mois et 6 mois,493.49,80.33,41.98,6.25,11.19,7.82,2.65,2.25,0.15,0.03,5.35
2023-05-02,Primo dose efficace,219.78,42.77,24.8,9.3,2.8,2.29,0.01,0.01,0.03,0.03,1.03
2023-05-02,Complet de moins de 3 mois - sans rappel,17.3,5.7,3.35,1.31,0.0,0.0,0.0,0.0,0.01,0.01,0.03
2023-05-02,Complet - avec 1 rappel entre 3 mois et 6 mois,195.72,31.41,24.31,11.46,1.54,1.46,0.07,0.07,1.57,1.37,0.39
2023-05-03,Primo dose efficace,160.72,30.85,18.47,6.27,2.05,1.09,0.01,0.01,0.0,0.0,1.03
2023-05-03,Complet entre 3 mois et 6 mois - sans rappel,28.41,6.77,0.18,0.13,0.09,0.09,0.0,0.0,0.0,0.0,0.07
2023-05-03,Complet - avec 1 rappel entre 3 mois et 6 mois,126.22,27.8,16.39,8.0,1.72,1.68,0.11,0.0,0.0,0.0,0.39
2023-05-04,Complet de moins de 3 mois - sans rappel,5.85,0.28,0.04,0.0,0.0,0.0,0.0,0.0,0.0,0.0,0.03
2023-05-04,Complet - avec 1 rappel de 6 mois ou plus,6301.39,1946.61,998.91,576.4,93.89,58.87,4.97,4.0,7.36,4.59,56.98
2023-05-04,Complet - avec 2 rappels entre 3 mois et 6 mois,991.53,271.71,137.27,67.84,13.73,8.04,4.08,4.0,0.06,0.0,5.33
2023-05-05,Complet - avec 1 rappel entre 3 mois et 6 mois,107.7,26.35,16.54,7.04,0.28,0.27,0.13,0.13,0.17,0.17,0.39
2023-05-05,Complet - avec 1 rappel de 6 mois ou plus,6005.36,1849.06,992.52,562.91,71.28,49.68,9.59,7.56,8.02,4.84,56.99
2023-05-05,Complet - avec 2 rappels entre 3 mois et 6 mois,986.79,253.18,141.64,64.01,18.39,12.2,0.07,0.07,6.05,4.42,5.28
2023-05-06,Complet - avec 2 rappels entre 3 mois et 6 mois,1235.06,144.79,92.18,28.95,10.01,7.34,2.66,1.46,3.26,2.11,5.22
2023-05-06,Complet - avec 2 rappels de 6 mois ou plus,2701.69,384.3,251.49,103.67,32.49,23.85,2.83,1.43,5.06,1.11,9.45
2023-05-08,Complet - avec 1 rappel entre 3 mois et 6 mois,48.68,3.92,1.5,0.0,0.33,0.0,0.22,0.02,1.0,1.0,0.38
2023-05-09,Complet - avec 1 rappel entre 3 mois et 6 mois,176.69,22.76,17.51,4.49,1.9,0.54,1.0,0.0,0.12,0.0,0.38
2023-05-09,Complet - avec 1 rappel de 6 mois ou plus,13760.26,2422.18,1403.31,820.21,78.61,58.38,10.03,5.08,8.94,6.75,57.0
2023-05-09,Complet - avec 2 rappels entre 3 mois et 6 mois,2176.15,342.37,187.89,103.08,14.29,9.68,1.93,1.12,0.25,0.25,5.16
2023-05-11,Complet - avec 1 rappel de 6 mois ou plus,5952.14,1704.62,854.48,486.83,62.01,38.12,6.06,4.8,7.78,4.32,57.01
2023-05-14,Primo dose efficace,52.66,5.11,3.91,1.12,0.28,0.22,1.0,0.0,0.0,0.0,1.03
2023-05-14,Complet - avec 2 rappels de moins de 3 mois,20.33,4.46,1.12,1.12,1.25,1.0,0.0,0.0,0.0,0.0,0.24
2023-05-15,Complet - avec 3 rappels entre 3 et 6 mois ou plus,1580.9,244.59,166.55,76.46,9.23,6.51,1.2,1.2,0.1,0.1,3.72
2023-05-17,Complet - avec 1 rappel de moins de 3 mois,9.78,2.32,1.06,0.01,0.0,0.0,0.0,0.0,0.0,0.0,0.07
2023-05-17,Complet - avec 3 rappels de moins de 3 mois,107.25,29.49,6.28,4.8,0.16,0.01,0.0,0.0,0.0,0.0,0.46
2023-05-17,Complet - avec 3 rappels entre 3 et 6 mois ou plus,857.55,203.11,128.18,66.08,9.06,5.45,0.3,0.18,2.28,2.0,3.75
2023-05-19,Complet - avec 3 rappels entre 3 et 6 mois ou plus,1003.05,221.88,134.72,70.84,10.03,8.43,1.09,1.09,1.24,1.17,3.78
2023-05-20,Non-vaccinés,1886.65,279.02,105.47,41.09,16.99,10.74,3.55,2.58,2.96,1.0,
2023-05-20,Complet - avec 3 rappels entre 3 et 6 mois ou plus,942.57,154.84,84.23,41.64,8.94,7.52,1.46,0.06,1.08,1.0,3.8
2023-05-21,Complet - avec 1 rappel de moins de 3 mois,4.38,1.11,1.09,1.0,0.0,0.0,0.0,0.0,0.0,0.0,0.06
2023-05-23,Complet - avec 1 rappel entre 3 mois et 6 mois,102.65,19.46,7.22,3.62,1.1,1.02,0.0,0.0,0.0,0.0,0.35
2023-05-23,Complet - avec 2 rappels entre 3 mois et 6 mois,1169.08,228.73,105.73,58.84,2.1,1.39,1.15,0.08,0.0,0.0,4.6
2023-05-24,Complet de 6 mois ou plus - sans rappel,2279.63,547.31,251.68,146.63,19.56,17.72,5.42,5.42,2.37,2.37,22.27
2023-05-25,Complet - avec 2 rappels entre 3 mois et 6 mois,659.65,200.1,83.81,43.76,2.92,2.67,0.41,0.35,1.0,1.0,4.49
2023-05-28,Complet - avec 1 rappel de moins de 3 mois,2.83,1.17,0.01,0.0,0.0,0.0,0.0,0.0,0.0,0.0,0.05
2023-05-28,Complet - avec 2 rappels de moins de 3 mois,8.33,1.22,0.04,0.01,0.0,0.0,0.0,0.0,0.0,0.0,0.16
2023-05-28,Complet - avec 3 rappels entre 3 et 6 mois ou plus,283.15,64.87,25.96,9.54,12.01,7.81,1.08,1.08,2.52,2.52,3.87
2023-05-29,Complet - avec 1 rappel de moins de 3 mois,3.44,0.1,0.03,0.0,0.0,0.0,0.0,0.0,0.01,0.0,0.05
2023-05-30,Complet - avec 3 rappels entre 3 et 6 mois ou plus,1629.27,270.31,159.4,83.03,15.31,10.42,2.72,2.58,0.0,0.0,3.88
2023-05-31,Complet - avec 1 rappel de moins de 3 mois,7.24,1.15,0.15,0.0,0.06,0.0,0.0,0.0,0.0,0.0,0.05
2023-05-31,Complet - avec 1 rappel de 6 mois ou plus,6857.75,1628.34,702.66,398.07,41.81,26.92,5.07,3.4,2.52,2.25,57.08
2023-05-31,Complet - avec 2 rappels de 6 mois ou plus,2587.72,527.57,242.05,108.37,28.07,21.27,3.2,3.2,3.07,1.75,10.54
2023-06-01,Complet de 6 mois ou plus - sans rappel,1540.09,465.26,150.09,88.74,11.17,9.83,1.7,1.37,0.0,0.0,22.28
2023-06-01,Complet - avec 2 rappels de moins de 3 mois,39.67,9.22,3.76,0.64,0.12,0.12,0.05,0.0,0.0,0.0,0.14
2023-06-01,Complet - avec 2 rappels entre 3 mois et 6 mois,553.09,158.88,62.75,37.1,7.79,4.74,1.11,1.05,1.53,0.28,4.15
2023-06-03,Complet de moins de 3 mois - sans rappel,1.18,0.0,0.0,0.0,0.0,0.0,0.0,0.0,0.01,0.01,0.02
2023-06-03,Complet - avec 1 rappel de moins de 3 mois,2.87,0.07,0.0,0.0,0.1,0.0,0.0,0.0,0.01,0.01,0.05
2023-06-03,Complet - avec 1 rappel entre 3 mois et 6 mois,35.63,2.96,1.37,0.25,0.01,0.01,0.0,0.0,0.01,0.01,0.31
2023-06-04,Primo dose efficace,41.77,11.79,5.47,3.0,0.0,0.0,0.0,0.0,0.0,0.0,1.03
2023-06-04,Complet - avec 3 rappels entre 3 et 6 mois ou plus,326.74,55.15,21.19,5.6,4.59,3.09,0.0,0.0,0.25,0.25,3.93
2023-06-06,Complet - avec 1 rappel de 6 mois ou plus,6631.7,1414.62,547.9,308.72,29.7,20.23,6.16,3.9,2.49,0.25,57.11
2023-06-08,Complet - avec 1 rappel entre 3 mois et 6 mois,46.01,15.61,10.21,3.49,0.14,0.06,0.08,0.01,0.0,0.0,0.29
2023-06-09,Complet entre 3 mois et 6 mois - sans rappel,6.02,2.15,0.0,0.0,0.0,0.0,0.01,0.01,0.0,0.0,0.06
2023-06-11,Complet de moins de 3 mois - sans rappel,0.27,0.0,0.0,0.0,0.0,0.0,0.0,0.0,0.01,0.01,0.02
2023-06-11,Complet entre 3 mois et 6 mois - sans rappel,2.31,0.06,0.0,0.0,0.0,0.0,0.0,0.0,0.05,0.05,0.06
2023-06-11,Complet de 6 mois ou plus - sans rappel,484.83,104.17,28.76,10.7,4.59,2.22,1.5,1.5,0.04,0.04,22.29
2023-06-11,Complet - avec 2 rappels de 6 mois ou plus,703.15,137.91,36.31,9.88,9.0,2.0,0.25,0.25,1.0,1.0,11.58
2021-06-02,Primo dose récente,16305.19,1171.06,439.12,171.37,20.2,16.04,5.07,4.87,0.2,0.0,18.34
2021-06-03,Non-vaccinés,140656.91,15109.95,5442.65,1880.05,223.79,157.74,54.04,41.42,21.49,17.15,
2021-06-03,Complet de moins de 3 mois - sans rappel,31734.66,1620.83,574.74,187.88,41.2,29.03,16.26,12.32,4.0,3.56,34.23
2021-06-03,Complet - avec 1 rappel de moins de 3 mois,0.0,0.0,0.0,0.0,0.0,0.0,0.0,0.0,0.0,0.0,0.0
2021-06-09,Primo dose efficace,38760.83,2057.19,239.47,54.52,13.98,10.03,4.86,3.14,9.15,8.26,41.52
2021-06-16,Primo dose efficace,39634.96,1863.36,165.96,37.63,15.65,8.94,6.86,6.57,3.95,3.22,40.76
2021-06-24,Complet de moins de 3 mois - sans rappel,33489.18,1476.69,230.05,64.55,15.46,8.47,2.55,0.92,1.66,1.66,42.81
2021-06-25,Complet de moins de 3 mois - sans rappel,44563.4,1540.61,281.25,69.3,12.26,7.1,4.72,3.72,1.66,0.0,43.59
2021-06-28,Non-vaccinés,105427.24,7595.72,1914.71,681.31,92.8,64.61,18.14,12.8,5.63,3.52,
2021-07-08,Primo dose récente,11495.56,511.56,180.52,74.96,2.71,2.52,0.22,0.06,0.0,0.0,6.29
2021-07-15,Primo dose récente,13390.15,801.56,510.97,232.04,5.71,5.38,0.72,0.64,0.0,0.0,6.26
2021-07-16,Complet entre 3 mois et 6 mois - sans rappel,13422.5,1002.08,176.27,64.69,8.99,5.92,0.11,0.11,0.36,0.18,11.8
2021-07-22,Non-vaccinés,149885.41,15423.23,12623.52,5825.97,175.69,125.72,46.27,38.12,9.92,8.02,
2021-07-26,Non-vaccinés,148947.25,21276.69,19045.41,9531.42,266.48,200.76,58.82,47.48,8.81,8.81,
2021-07-26,Primo dose efficace,38006.98,3425.35,1885.06,878.75,15.61,10.35,6.63,4.0,1.08,0.08,16.15
2021-07-27,Non-vaccinés,123624.03,18295.86,15229.05,7491.77,281.06,196.89,68.61,56.93,21.87,15.67,
2021-07-27,Primo dose efficace,30795.84,2932.57,1477.24,655.36,22.89,17.2,3.42,3.16,2.9,2.71,15.3
2021-07-28,Primo dose récente,24086.27,2399.24,2080.31,1054.89,21.95,19.62,3.28,2.7,0.3,0.0,9.99
2021-08-11,Complet de 6 mois ou plus - sans rappel,1991.03,164.35,107.78,37.12,7.21,5.92,1.01,1.0,0.32,0.26,0.83
2021-08-13,Complet - avec 1 rappel entre 3 mois et 6 mois,0.0,0.0,0.0,0.0,0.0,0.0,0.0,0.0,0.0,0.0,0.0
2021-08-16,Complet - avec 1 rappel entre 3 mois et 6 mois,0.0,0.0,0.0,0.0,0.0,0.0,0.0,0.0,0.0,0.0,0.0
2021-08-20,Complet entre 3 mois et 6 mois - sans rappel,24532.34,2324.1,1111.69,416.13,72.01,58.48,13.77,11.24,15.55,12.8,19.43
2021-08-24,Primo dose récente,14468.06,1008.63,791.74,400.17,18.8,13.35,2.11,1.4,1.08,1.08,4.82
2021-08-26,Primo dose efficace,38262.66,2057.08,1009.44,404.34,36.17,24.93,7.14,5.93,5.58,3.53,13.13
2021-08-28,Complet - avec 1 rappel entre 3 mois et 6 mois,0.1,0.0,0.1,0.0,0.0,0.0,0.0,0.0,0.0,0.0,0.0
2021-08-29,Primo dose récente,1728.51,89.94,72.22,30.13,11.26,9.21,2.85,2.32,1.0,1.0,3.69
2021-08-29,Complet - avec 1 rappel entre 3 mois et 6 mois,0.0,0.0,0.0,0.0,0.0,0.0,0.0,0.0,0.0,0.0,0.0
2021-09-01,Complet - avec 1 rappel de moins de 3 mois,0.03,0.0,0.0,0.0,0.0,0.0,0.0,0.0,0.0,0.0,0.0
2021-09-03,Primo dose efficace,32842.56,1519.11,696.59,273.77,22.52,20.28,9.16,5.35,4.62,2.3,10.45
2021-09-05,Primo dose récente,1460.67,77.37,61.02,20.91,7.59,4.68,2.75,2.48,0.0,0.0,2.9
2021-09-05,Complet entre 3 mois et 6 mois - sans rappel,6629.26,528.96,182.17,65.31,35.07,29.49,8.59,7.9,15.29,12.55,23.78
2021-09-08,Primo dose récente,6255.88,438.16,244.23,110.51,9.11,7.25,1.74,0.2,0.17,0.0,2.58
2021-09-08,Complet entre 3 mois et 6 mois - sans rappel,28616.28,2710.39,845.36,331.38,72.75,55.09,14.33,10.67,17.25,13.75,24.87
2021-09-08,Complet de 6 mois ou plus - sans rappel,7152.79,517.3,192.47,49.27,25.55,19.92,5.36,5.19,13.05,8.88,4.03
2021-09-08,Complet - avec 1 rappel de moins de 3 mois,73.26,1.92,2.23,1.06,0.17,0.0,0.0,0.0,0.01,0.0,0.03
2021-09-09,Complet de moins de 3 mois - sans rappel,51838.26,7535.76,1775.25,727.46,45.39,34.14,16.03,11.17,11.6,11.01,59.73
2021-09-10,Complet de moins de 3 mois - sans rappel,59320.23,6663.78,1717.28,686.44,46.65,33.04,14.42,11.62,7.08,5.65,59.49
2021-09-10,Complet - avec 2 rappels de moins de 3 mois,0.01,0.0,0.0,0.0,0.0,0.0,0.0,0.0,0.0,0.0,0.0
2021-09-11,Primo dose récente,4835.55,176.46,119.23,47.08,5.15,3.53,1.55,0.44,2.02,0.0,2.23
2021-09-12,Non-vaccinés,10996.03,1155.73,701.24,231.08,167.2,116.2,55.06,39.39,39.39,29.28,
2021-09-15,Non-vaccinés,60521.22,8438.7,3774.4,1467.79,181.38,128.69,54.37,42.25,32.92,26.66,
2021-09-15,Complet entre 3 mois et 6 mois - sans rappel,31260.22,3273.96,741.51,291.86,54.59,36.8,18.45,14.52,14.53,11.47,28.42
2021-09-17,Primo dose récente,6960.27,302.43,112.9,41.51,6.9,6.1,2.3,1.08,1.0,1.0,1.76
2021-09-23,Complet de moins de 3 mois - sans rappel,40907.74,7834.88,926.65,377.72,28.28,21.71,7.08,6.32,1.71,1.71,53.84
2021-09-25,Complet de moins de 3 mois - sans rappel,33299.87,3504.89,533.04,209.52,21.86,16.69,5.4,3.85,1.5,1.14,52.3
2021-09-27,Complet entre 3 mois et 6 mois - sans rappel,55222.43,5458.53,1165.41,532.37,41.59,31.46,11.59,9.39,12.89,10.0,36.51
2021-09-28,Primo dose efficace,10052.67,909.75,150.49,40.59,11.66,8.63,1.4,1.09,5.11,3.02,5.25
2021-09-29,Primo dose récente,2582.2,203.5,38.68,16.37,1.52,0.53,0.17,0.13,0.0,0.0,1.04
2021-10-01,Complet - avec 1 rappel de moins de 3 mois,2555.21,149.29,16.74,1.3,2.01,2.0,0.05,0.0,0.0,0.0,1.69
2021-10-02,Non-vaccinés,35096.28,3122.28,1084.22,368.31,78.72,52.96,30.08,20.45,17.95,12.84,
2021-10-02,Complet - avec 2 rappels de moins de 3 mois,0.05,0.03,0.0,0.0,0.0,0.0,0.0,0.0,0.0,0.0,0.0
2021-10-03,Complet entre 3 mois et 6 mois - sans rappel,9770.39,653.9,142.19,48.25,22.41,13.99,6.11,4.42,4.97,4.63,41.25
2021-10-06,Primo dose récente,1955.02,135.17,38.22,18.66,1.52,0.17,0.12,0.0,0.17,0.17,0.85
2021-10-07,Non-vaccinés,47974.34,5334.11,1721.47,708.57,112.1,87.5,28.62,22.26,17.27,13.61,
2021-10-08,Non-vaccinés,61211.88,5327.52,1824.68,661.68,109.49,82.12,24.68,17.74,6.62,5.0,
2021-10-08,Complet de moins de 3 mois - sans rappel,34755.36,4630.39,550.5,198.27,18.64,14.19,7.18,5.89,1.0,1.0,43.2
2021-10-08,Complet entre 3 mois et 6 mois - sans rappel,45116.38,4596.71,883.08,369.86,38.29,32.66,9.36,8.44,5.22,4.0,44.35
2021-10-09,Primo dose efficace,6274.32,295.25,63.47,23.24,4.33,3.23,0.48,0.11,2.0,1.43,4.16
2021-10-09,Complet entre 3 mois et 6 mois - sans rappel,36767.25,2475.4,557.2,237.96,22.94,17.41,7.0,4.67,3.5,2.2,45.14
2021-10-10,Primo dose récente,369.76,8.38,7.63,0.4,0.55,0.25,1.61,1.36,0.0,0.0,0.8
2021-10-11,Primo dose récente,2422.78,115.49,47.71,17.14,0.4,0.36,0.02,0.0,0.0,0.0,0.8
2021-10-11,Complet de 6 mois ou plus - sans rappel,10829.37,875.61,241.81,118.8,18.91,12.23,4.59,3.44,3.75,3.19,5.42
2021-10-11,Complet - avec 2 rappels de moins de 3 mois,6.36,0.03,0.0,0.0,0.0,0.0,0.0,0.0,0.0,0.0,0.0
2021-10-12,Primo dose efficace,7143.28,575.05,111.75,40.42,9.14,6.3,1.56,1.42,2.89,2.19,3.99
2021-10-16,Primo dose efficace,4697.97,291.96,55.4,21.48,5.63,4.21,0.46,0.16,0.44,0.44,3.71
2021-10-18,Complet de 6 mois ou plus - sans rappel,12262.75,1024.64,359.69,149.62,32.98,27.3,5.31,4.38,1.59,0.94,6.44
2021-10-18,Complet - avec 1 rappel de moins de 3 mois,6283.14,386.94,48.27,15.1,0.49,0.16,2.02,1.0,1.32,1.05,3.19
2021-10-19,Primo dose récente,1396.43,105.92,25.37,12.03,0.43,0.29,0.29,0.26,0.0,0.0,0.71
2021-10-19,Complet de moins de 3 mois - sans rappel,29920.8,4809.04,548.93,257.54,13.93,8.17,6.18,4.24,0.62,0.34,35.54
2021-10-20,Complet de 6 mois ou plus - sans rappel,9135.47,1024.88,315.42,150.09,27.11,20.98,9.13,7.78,4.93,3.17,6.81
2021-10-21,Primo dose efficace,4886.52,579.2,104.06,34.58,6.21,5.0,0.86,0.66,1.34,1.28,3.51
2021-10-22,Primo dose efficace,5807.07,562.54,91.55,37.32,7.24,4.93,0.43,0.29,0.47,0.4,3.46
2021-10-22,Complet de 6 mois ou plus - sans rappel,9240.43,1023.37,319.02,140.64,28.67,22.62,4.3,3.54,4.12,3.08,7.26
2021-10-22,Complet - avec 2 rappels de moins de 3 mois,4.47,0.0,0.0,0.0,0.0,0.0,0.0,0.0,0.0,0.0,0.0
2021-10-24,Complet - avec 3 rappels de moins de 3 mois,0.0,0.0,0.0,0.0,0.0,0.0,0.0,0.0,0.0,0.0,0.0
2021-10-25,Complet - avec 1 rappel entre 3 mois et 6 mois,0.15,0.11,0.11,0.11,0.0,0.0,0.0,0.0,0.0,0.0,0.0
2021-10-25,Complet - avec 2 rappels de moins de 3 mois,8.43,0.05,0.0,0.0,0.0,0.0,0.0,0.0,0.0,0.0,0.0
2021-10-28,Complet - avec 1 rappel de moins de 3 mois,4403.42,486.07,51.3,16.83,4.72,1.35,1.61,1.53,0.0,0.0,4.54
2021-10-28,Complet - avec 1 rappel entre 3 mois et 6 mois,1.01,0.0,0.0,0.0,0.0,0.0,0.0,0.0,0.0,0.0,0.0
2021-10-29,Non-vaccinés,32106.15,5269.99,2315.78,1030.89,89.86,64.84,26.43,21.19,20.01,16.03,
2021-10-29,Complet - avec 1 rappel de 6 mois ou plus,0.0,0.0,0.0,0.0,0.0,0.0,0.0,0.0,0.0,0.0,0.0
2021-10-29,Complet - avec 3 rappels de moins de 3 mois,0.0,0.0,0.0,0.0,0.0,0.0,0.0,0.0,0.0,0.0,0.0
2021-10-30,Complet entre 3 mois et 6 mois - sans rappel,44253.3,3695.9,1439.51,646.19,49.48,34.79,12.84,8.2,5.15,4.13,54.43
2021-10-30,Complet - avec 3 rappels de moins de 3 mois,0.0,0.0,0.0,0.0,0.0,0.0,0.0,0.0,0.0,0.0,0.0
2021-10-31,Complet - avec 2 rappels de moins de 3 mois,1.19,0.09,0.0,0.0,0.0,0.0,0.0,0.0,0.0,0.0,0.0
2021-11-01,Complet de moins de 3 mois - sans rappel,7232.75,416.45,158.3,59.37,14.53,9.72,3.38,3.07,0.2,0.2,27.61
2021-11-01,Complet - avec 3 rappels de moins de 3 mois,0.0,0.0,0.0,0.0,0.0,0.0,0.0,0.0,0.0,0.0,0.0
2021-11-03,Complet - avec 3 rappels de moins de 3 mois,0.0,0.0,0.0,0.0,0.0,0.0,0.0,0.0,0.0,0.0,0.0
2021-11-04,Complet de 6 mois ou plus - sans rappel,10776.96,1735.96,630.23,315.09,38.76,32.29,14.18,13.23,5.35,4.67,9.63
2021-11-04,Complet - avec 1 rappel entre 3 mois et 6 mois,0.01,0.0,0.0,0.0,0.0,0.0,0.0,0.0,0.0,0.0,0.0
2021-11-05,Primo dose récente,967.34,82.33,29.52,12.81,2.13,2.06,0.1,0.01,0.0,0.0,0.5
2021-11-05,Complet - avec 2 rappels de moins de 3 mois,6.84,0.24,1.0,0.0,0.0,0.0,0.0,0.0,0.0,0.0,0.0
2021-11-06,Complet entre 3 mois et 6 mois - sans rappel,48457.02,4592.34,1899.72,969.34,67.26,54.68,23.48,20.53,6.22,6.22,55.04
2021-11-09,Primo dose efficace,4493.53,564.11,158.89,69.83,11.07,5.96,1.49,1.06,0.59,0.0,3.03
2021-11-10,Complet - avec 2 rappels de moins de 3 mois,9.67,1.17,0.0,0.0,0.0,0.0,0.0,0.0,0.0,0.0,0.0
2021-11-11,Complet - avec 1 rappel de 6 mois ou plus,0.0,0.0,0.0,0.0,0.0,0.0,0.0,0.0,0.0,0.0,0.0
2021-11-12,Complet entre 3 mois et 6 mois - sans rappel,74024.88,11106.97,5130.08,2693.82,71.74,57.39,25.24,23.0,12.86,10.2,55.86
2021-11-12,Complet - avec 1 rappel de moins de 3 mois,12038.02,946.61,203.44,58.48,13.14,7.94,1.73,1.42,2.75,2.33,6.81
2021-11-16,Primo dose récente,885.24,122.93,74.33,44.92,1.17,1.08,0.41,0.05,0.0,0.0,0.46
2021-11-18,Complet de 6 mois ou plus - sans rappel,18756.62,3681.85,1681.9,877.46,87.85,70.73,14.47,12.9,20.43,17.27,11.84
2021-11-19,Complet - avec 1 rappel de moins de 3 mois,14906.04,1346.69,288.35,72.31,16.63,10.54,2.74,2.42,4.42,4.13,8.25
2021-11-19,Complet - avec 2 rappels de moins de 3 mois,13.66,1.2,0.05,0.0,0.0,0.0,0.0,0.0,0.0,0.0,0.0
2021-11-20,Complet de moins de 3 mois - sans rappel,15678.71,1856.43,795.84,371.99,21.42,18.09,5.24,2.65,1.47,1.41,18.23
2021-11-20,Complet - avec 1 rappel de 6 mois ou plus,0.0,0.0,0.0,0.0,0.0,0.0,0.0,0.0,0.0,0.0,0.0
2021-11-22,Complet - avec 1 rappel de 6 mois ou plus,0.0,0.0,0.0,0.0,0.0,0.0,0.0,0.0,0.0,0.0,0.0
2021-11-26,Complet - avec 3 rappels de moins de 3 mois,0.0,0.0,0.0,0.0,0.0,0.0,0.0,0.0,0.0,0.0,0.0
2021-11-29,Primo dose récente,1456.18,245.8,222.13,116.36,6.06,5.77,0.63,0.31,0.1,0.1,0.54
2021-11-30,Complet - avec 1 rappel de moins de 3 mois,29078.53,3177.42,732.34,185.59,34.72,26.45,6.13,4.79,4.31,3.75,11.47
2021-12-02,Complet - avec 1 rappel de moins de 3 mois,27345.84,3302.32,848.51,245.74,42.57,36.72,7.62,7.39,7.02,5.8,12.35
2021-12-07,Complet de 6 mois ou plus - sans rappel,42851.65,8179.13,4621.1,2207.83,201.19,167.1,37.43,33.96,30.42,26.53,13.06
2021-12-09,Complet - avec 2 rappels de moins de 3 mois,36.92,3.52,0.2,0.04,1.0,1.0,0.0,0.0,0.0,0.0,0.01
2021-12-13,Complet - avec 1 rappel de moins de 3 mois,67281.11,6997.48,2241.15,738.28,72.78,50.16,11.31,8.72,13.42,10.86,19.71
2021-12-15,Primo dose récente,1606.97,281.12,277.02,143.44,7.41,5.62,3.6,2.47,0.0,0.0,0.48
2021-12-16,Complet - avec 2 rappels entre 3 mois et 6 mois,0.05,0.0,0.0,0.0,0.0,0.0,0.0,0.0,0.0,0.0,0.0
2021-12-19,Primo dose efficace,1343.31,109.73,115.54,39.91,20.56,16.22,0.88,0.28,2.38,2.23,2.07
2021-12-20,Complet de moins de 3 mois - sans rappel,20660.2,3394.69,2586.0,1127.71,49.64,40.5,10.15,9.16,5.21,4.35,7.13
2021-12-20,Complet - avec 1 rappel entre 3 mois et 6 mois,5062.55,502.62,247.9,64.39,11.59,9.98,0.91,0.07,3.85,3.25,1.17
2021-12-22,Complet - avec 1 rappel de 6 mois ou plus,0.0,0.0,0.0,0.0,0.0,0.0,0.0,0.0,0.0,0.0,0.0
2021-12-24,Complet - avec 1 rappel entre 3 mois et 6 mois,4614.8,463.59,269.38,77.12,14.06,11.0,2.55,1.2,5.43,4.34,1.6
2021-12-26,Complet de moins de 3 mois - sans rappel,3937.9,581.48,644.14,257.97,42.43,36.46,9.59,9.1,6.22,4.51,6.19
2021-12-27,Primo dose récente,2390.31,633.16,842.03,447.75,12.0,10.77,2.94,2.46,0.37,0.36,0.53
2022-01-05,Complet - avec 2 rappels de moins de 3 mois,309.95,47.25,53.03,17.3,1.22,1.0,1.2,0.0,0.0,0.0,0.05
2022-01-07,Primo dose récente,2388.78,483.64,598.88,273.81,13.43,12.14,2.07,1.58,1.4,1.25,0.6
2022-01-07,Complet de moins de 3 mois - sans rappel,23215.17,5438.1,6009.56,2525.42,91.15,68.93,9.42,6.41,3.39,1.63,5.09
2022-01-08,Primo dose efficace,4241.53,794.69,979.28,365.02,42.07,33.07,4.24,3.95,6.48,5.12,1.84
2022-01-08,Complet de moins de 3 mois - sans rappel,11534.14,2261.44,2755.18,1036.5,66.93,56.14,6.41,4.22,1.77,1.26,4.92
2022-01-08,Complet - avec 1 rappel de moins de 3 mois,91887.72,14149.29,13769.34,4812.95,197.92,151.67,37.52,27.35,31.92,24.46,43.58
2022-01-08,Complet - avec 2 rappels de moins de 3 mois,195.03,27.89,23.73,7.33,1.33,1.04,0.01,0.0,0.0,0.0,0.06
2022-01-10,Complet - avec 1 rappel de moins de 3 mois,186988.48,32564.52,32527.54,12512.37,354.06,270.84,50.73,38.83,32.1,26.38,43.61
2022-01-11,Complet - avec 1 rappel de 6 mois ou plus,0.0,0.0,0.0,0.0,0.0,0.0,0.0,0.0,0.0,0.0,0.0
2022-01-12,Complet - avec 1 rappel entre 3 mois et 6 mois,16798.54,1550.39,1998.53,515.9,111.12,84.16,9.03,8.12,9.38,6.99,3.28
2022-01-13,Complet - avec 1 rappel de 6 mois ou plus,1.01,0.0,0.0,0.0,0.0,0.0,0.0,0.0,0.0,0.0,0.0
2022-01-14,Complet de moins de 3 mois - sans rappel,17110.2,4238.35,5125.56,2234.22,89.11,72.33,15.57,13.59,5.21,5.15,4.63
2022-01-14,Complet - avec 2 rappels de moins de 3 mois,364.75,57.05,63.64,15.66,2.77,1.17,1.08,1.08,0.0,0.0,0.09
2022-01-15,Complet - avec 2 rappels entre 3 mois et 6 mois,5.01,0.02,0.23,0.0,0.1,0.0,0.0,0.0,0.0,0.0,0.0
2022-01-16,Complet de moins de 3 mois - sans rappel,3185.36,636.41,884.64,334.13,69.64,56.0,5.93,3.78,6.46,5.99,4.54
2022-01-17,Primo dose récente,4777.34,1517.68,2085.22,1076.26,31.48,23.69,2.68,1.69,1.07,1.0,0.92
2022-01-18,Non-vaccinés,110295.07,35637.46,47049.37,22124.03,815.05,618.59,126.15,100.9,96.11,74.56,
2022-01-18,Complet de 6 mois ou plus - sans rappel,44103.17,14242.18,18106.95,9005.85,276.85,223.74,40.58,34.4,36.05,25.26,10.11
2022-01-19,Complet de 6 mois ou plus - sans rappel,41899.99,13857.93,17266.42,8654.3,281.06,220.82,28.61,24.39,43.58,39.95,10.04
2022-01-20,Complet de moins de 3 mois - sans rappel,16686.5,4913.44,5587.92,2744.69,111.79,97.53,10.31,9.09,6.41,4.79,4.48
2022-01-20,Complet - avec 2 rappels de moins de 3 mois,488.8,86.04,90.38,37.94,2.54,2.11,0.07,0.0,0.0,0.0,0.13
2022-01-21,Non-vaccinés,101112.74,34147.23,44140.45,20852.56,727.19,551.6,112.52,82.24,98.91,76.36,
2022-01-22,Primo dose efficace,3813.57,919.82,1278.27,561.14,56.45,45.33,5.85,5.44,11.1,8.63,1.7
2022-01-22,Complet de moins de 3 mois - sans rappel,9776.7,2342.04,2973.16,1294.12,55.39,42.8,6.72,5.84,3.35,2.63,4.42
2022-01-22,Complet - avec 3 rappels de moins de 3 mois,1.0,0.0,0.0,0.0,0.0,0.0,0.0,0.0,0.0,0.0,0.0
2022-01-25,Non-vaccinés,101457.62,36351.62,45832.64,22958.58,822.2,612.81,117.5,90.76,95.88,77.5,
2022-01-26,Non-vaccinés,94888.18,32166.59,40838.1,19563.42,815.89,604.53,114.89,83.58,100.15,81.4,
2022-01-26,Primo dose récente,2843.7,956.44,1267.0,655.03,18.09,15.25,3.85,3.43,2.76,1.46,0.64
2022-01-26,Complet - avec 1 rappel de 6 mois ou plus,2.01,0.0,0.0,0.0,0.0,0.0,0.0,0.0,0.0,0.0,0.0
2022-01-28,Complet entre 3 mois et 6 mois - sans rappel,71692.81,28002.7,32807.98,17596.84,316.09,230.6,32.23,27.92,27.58,23.82,20.71
2022-01-28,Complet - avec 2 rappels de moins de 3 mois,695.55,117.95,148.16,53.67,3.36,2.56,1.01,1.0,0.0,0.0,0.2
2022-01-29,Complet de moins de 3 mois - sans rappel,8632.47,2046.52,2648.33,1169.56,80.54,57.25,13.99,10.27,7.0,5.87,4.28
2022-01-30,Non-vaccinés,14204.48,3774.33,5683.16,2227.83,525.79,384.71,91.38,73.23,97.59,74.97,
2022-01-30,Complet - avec 3 rappels de moins de 3 mois,0.02,0.0,0.0,0.0,0.0,0.0,0.0,0.0,0.0,0.0,0.0
2022-01-31,Primo dose efficace,8747.66,2486.91,3296.22,1578.8,65.32,47.99,9.38,7.55,10.11,7.71,1.84
2022-01-31,Complet - avec 2 rappels entre 3 mois et 6 mois,43.11,3.81,3.19,1.41,0.01,0.0,0.0,0.0,0.03,0.03,0.0
2022-02-01,Complet - avec 3 rappels de moins de 3 mois,1.35,0.04,1.14,0.03,0.0,0.0,0.0,0.0,0.0,0.0,0.0
2022-02-02,Complet de 6 mois ou plus - sans rappel,29002.62,9621.84,10626.1,5559.57,228.45,182.19,34.54,31.19,40.14,29.43,9.97
2022-02-02,Complet - avec 1 rappel de moins de 3 mois,154937.76,41200.77,39757.61,19902.37,646.61,493.3,71.01,56.2,53.89,43.09,58.77
2022-02-02,Complet - avec 1 rappel entre 3 mois et 6 mois,21602.03,2822.87,4422.27,1337.25,277.23,214.4,29.33,19.78,48.37,35.46,5.89
2022-02-02,Complet - avec 1 rappel de 6 mois ou plus,0.27,0.0,0.27,0.0,0.0,0.0,0.19,0.08,0.0,0.0,0.0
2022-02-04,Complet de 6 mois ou plus - sans rappel,24425.0,7793.21,8495.32,4301.35,182.98,144.1,30.79,21.05,41.54,36.32,10.07
2022-02-05,Complet - avec 2 rappels de moins de 3 mois,504.84,68.47,80.56,32.93,4.91,4.61,0.01,0.0,1.01,1.0,0.28
2022-02-06,Non-vaccinés,10773.14,2626.96,3352.04,1377.07,424.73,301.96,80.14,58.88,86.46,69.87,
2022-02-06,Complet entre 3 mois et 6 mois - sans rappel,8004.88,1929.46,2644.87,1181.27,146.84,110.4,23.26,19.36,27.14,19.79,16.9
2022-02-08,Complet entre 3 mois et 6 mois - sans rappel,34711.32,11689.37,12791.04,6846.05,212.02,163.52,16.68,14.86,30.06,24.72,16.4
2022-02-09,Primo dose récente,769.44,171.92,228.75,112.67,3.26,2.47,0.06,0.0,0.1,0.0,0.3
2022-02-09,Complet - avec 1 rappel de moins de 3 mois,117924.16,27033.17,27098.36,13106.86,527.94,426.65,66.63,51.95,50.47,38.3,59.82
2022-02-17,Complet - avec 1 rappel de 6 mois ou plus,1.05,0.02,1.05,0.02,0.2,0.0,0.04,0.0,0.04,0.0,0.0
2022-02-23,Complet - avec 3 rappels de moins de 3 mois,0.13,0.0,0.02,0.0,0.0,0.0,0.0,0.0,0.0,0.0,0.0
2022-03-01,Primo dose récente,193.54,32.77,29.06,10.48,0.11,0.0,0.1,0.1,0.0,0.0,0.09
2022-03-03,Complet de 6 mois ou plus - sans rappel,13051.22,2793.86,1972.45,1067.55,69.73,54.66,8.92,6.87,17.89,15.04,13.98
2022-03-07,Complet - avec 1 rappel entre 3 mois et 6 mois,45001.94,6274.57,7201.53,3405.76,299.76,244.4,32.14,27.18,47.73,39.64,19.01
2022-03-07,Complet - avec 2 rappels de 6 mois ou plus,0.0,0.0,0.0,0.0,0.0,0.0,0.0,0.0,0.0,0.0,0.0
2022-03-07,Complet - avec 3 rappels de moins de 3 mois,4.33,0.07,1.06,0.0,0.0,0.0,0.0,0.0,0.0,0.0,0.0
2022-03-08,Complet de moins de 3 mois - sans rappel,5095.43,1142.84,893.87,488.71,23.89,19.41,4.71,4.34,4.82,4.3,3.66
2022-03-08,Complet entre 3 mois et 6 mois - sans rappel,8004.02,1889.65,1580.88,866.02,72.64,56.91,3.81,3.35,6.22,4.33,7.06
2022-05-26,Complet - avec 3 rappels entre 3 et 6 mois ou plus,0.0,0.0,0.0,0.0,0.0,0.0,0.0,0.0,0.0,0.0,0.0
2022-05-28,Complet entre 3 mois et 6 mois - sans rappel,2252.34,245.94,209.92,92.87,7.88,6.68,3.17,3.11,2.26,2.26,3.74
2022-05-28,Complet - avec 2 rappels entre 3 mois et 6 mois,488.34,35.54,44.75,17.45,0.25,0.0,0.06,0.0,0.29,0.29,0.53
2022-05-28,Complet - avec 2 rappels de 6 mois ou plus,10.53,2.24,1.55,1.12,0.0,0.0,0.0,0.0,0.0,0.0,0.01
2022-05-29,Primo dose efficace,255.66,22.58,18.06,5.61,2.57,2.34,0.0,0.0,0.15,0.09,1.12
2022-05-29,Complet - avec 3 rappels entre 3 et 6 mois ou plus,0.02,0.02,0.02,0.02,0.0,0.0,0.0,0.0,0.0,0.0,0.0
2022-05-30,Complet de 6 mois ou plus - sans rappel,17706.8,2778.43,1855.08,987.08,49.42,38.86,4.05,1.56,3.77,3.14,19.78
2022-05-31,Non-vaccinés,14467.45,2410.71,1619.98,795.32,75.66,57.39,11.65,11.57,12.07,6.55,
2022-05-31,Primo dose efficace,1003.21,115.2,74.21,35.24,5.98,3.94,0.0,0.0,0.2,0.1,1.12
2022-05-31,Complet entre 3 mois et 6 mois - sans rappel,2871.75,500.88,353.55,186.34,9.95,7.89,0.08,0.0,0.29,0.0,3.67
2022-06-01,Primo dose récente,36.76,1.14,2.16,1.09,0.0,0.0,0.0,0.0,0.07,0.0,0.02
2022-06-03,Non-vaccinés,9700.74,2206.34,1540.71,835.25,59.71,39.95,5.19,2.35,13.88,7.35,
2022-06-03,Complet - avec 1 rappel de 6 mois ou plus,10087.48,2353.12,2311.8,1255.2,93.21,76.19,15.09,10.31,15.98,11.77,14.36
2022-06-04,Primo dose récente,37.76,3.14,4.14,1.06,0.06,0.0,0.0,0.0,0.0,0.0,0.02
2022-06-04,Complet - avec 2 rappels de moins de 3 mois,3323.38,270.45,205.58,81.21,12.9,9.59,1.21,1.09,0.35,0.05,3.26
2022-06-05,Complet de 6 mois ou plus - sans rappel,3835.16,362.78,261.55,89.6,22.71,14.52,3.74,3.27,1.21,1.14,20.01
2022-06-06,Complet - avec 3 rappels entre 3 et 6 mois ou plus,0.0,0.0,0.0,0.0,0.0,0.0,0.0,0.0,0.0,0.0,0.0
2022-06-07,Complet - avec 2 rappels entre 3 mois et 6 mois,992.13,126.31,141.66,72.91,4.6,3.21,0.09,0.0,1.05,1.0,0.59
2022-06-09,Primo dose récente,32.45,3.23,3.88,0.09,0.0,0.0,0.0,0.0,0.0,0.0,0.02
2022-06-09,Complet - avec 2 rappels de moins de 3 mois,3087.03,307.46,396.86,123.65,19.47,13.25,3.42,2.28,2.15,1.05,3.4
2022-06-09,Complet - avec 2 rappels entre 3 mois et 6 mois,439.29,62.89,78.86,25.85,2.51,2.25,0.07,0.0,1.02,1.02,0.6
2022-06-20,Complet - avec 2 rappels entre 3 mois et 6 mois,1413.51,229.86,298.54,151.43,8.16,5.19,2.26,2.25,0.03,0.0,0.76
2022-06-22,Complet - avec 2 rappels de 6 mois ou plus,68.38,11.04,15.14,7.73,1.18,1.0,0.0,0.0,0.0,0.0,0.04
2022-06-23,Complet de 6 mois ou plus - sans rappel,18074.22,4776.57,3881.04,2295.07,72.06,59.59,6.06,3.66,3.18,2.74,20.66
2022-06-24,Complet - avec 1 rappel de 6 mois ou plus,45696.41,14591.6,15922.15,9379.1,286.01,218.27,40.47,36.5,13.31,12.8,36.47
2022-06-25,Complet - avec 1 rappel entre 3 mois et 6 mois,27119.89,6784.54,7564.29,4480.99,96.88,76.5,10.47,9.41,5.6,5.35,32.37
2022-06-26,Non-vaccinés,6237.74,1018.8,1016.34,390.16,112.4,79.38,16.59,13.97,5.45,4.29,
2022-06-27,Complet - avec 1 rappel de 6 mois ou plus,82673.9,26201.28,30137.31,18597.06,401.31,304.43,34.85,29.35,17.17,11.13,36.71
2022-10-21,Non-vaccinés,12742.75,3802.37,1941.04,1097.93,126.42,101.13,15.41,13.23,11.63,8.51,
2022-10-24,Complet - avec 1 rappel de moins de 3 mois,733.13,125.94,88.92,47.62,2.57,2.16,0.0,0.0,0.0,0.0,0.46
2022-10-27,Primo dose récente,8.45,0.05,1.04,0.0,0.0,0.0,0.0,0.0,0.0,0.0,0.01
2022-10-29,Primo dose efficace,190.59,25.61,19.77,6.09,3.79,3.51,0.02,0.02,0.0,0.0,1.05
2022-10-29,Complet entre 3 mois et 6 mois - sans rappel,49.49,7.56,3.74,2.24,0.15,0.09,0.05,0.0,0.0,0.0,0.22
2022-10-30,Complet de moins de 3 mois - sans rappel,10.64,2.15,0.3,0.05,0.0,0.0,0.0,0.0,0.17,0.17,0.09
2022-10-31,Complet - avec 1 rappel entre 3 mois et 6 mois,610.82,97.61,94.92,37.8,9.44,5.74,2.33,2.18,1.1,0.0,1.43
2022-10-31,Complet - avec 3 rappels de moins de 3 mois,123.31,16.69,10.44,2.91,0.24,0.08,0.0,0.0,0.0,0.0,0.22
2022-11-02,Complet - avec 3 rappels de moins de 3 mois,333.47,45.99,41.85,14.9,1.56,1.5,0.04,0.04,1.0,1.0,0.26
2022-11-03,Primo dose efficace,463.78,118.24,59.03,34.25,2.48,1.13,0.18,0.18,0.35,0.0,1.05
2022-11-03,Complet - avec 3 rappels entre 3 et 6 mois ou plus,67.15,16.68,10.83,6.8,1.19,1.17,0.0,0.0,0.03,0.0,0.05
2022-11-04,Complet - avec 1 rappel entre 3 mois et 6 mois,947.1,212.45,125.79,67.33,8.3,7.93,1.03,1.01,0.1,0.0,1.38
2022-11-05,Complet de moins de 3 mois - sans rappel,68.21,9.38,2.61,0.28,0.1,0.0,0.2,0.0,0.0,0.0,0.09
2022-11-06,Complet - avec 1 rappel entre 3 mois et 6 mois,241.27,16.66,25.02,5.85,4.15,3.53,1.14,1.09,0.12,0.08,1.35
2022-11-06,Complet - avec 2 rappels de 6 mois ou plus,1005.25,141.5,126.98,39.29,34.05,29.26,2.19,1.6,5.73,4.2,2.63
2022-11-07,Primo dose efficace,781.35,136.39,88.1,43.23,1.49,1.36,0.04,0.0,0.0,0.0,1.05
2022-11-07,Complet - avec 2 rappels de moins de 3 mois,5158.04,659.24,485.88,235.66,23.0,18.31,0.57,0.27,0.62,0.34,3.25
2022-11-09,Complet - avec 3 rappels entre 3 et 6 mois ou plus,52.5,9.09,14.28,6.56,0.82,0.0,0.01,0.01,0.0,0.0,0.05
2022-11-10,Complet de 6 mois ou plus - sans rappel,7924.13,2574.59,1507.14,986.35,62.36,48.87,3.86,2.48,4.15,3.25,22.38
2022-11-10,Complet - avec 1 rappel de moins de 3 mois,252.04,50.02,24.41,8.06,2.33,1.0,0.25,0.25,0.17,0.17,0.37
2022-11-10,Complet - avec 2 rappels de 6 mois ou plus,2566.32,528.75,512.77,225.91,51.46,35.19,4.71,4.55,6.46,4.75,2.77
2022-11-11,Primo dose efficace,150.67,30.3,15.92,4.46,3.64,3.54,0.25,0.0,0.39,0.39,1.05
2022-11-12,Complet - avec 2 rappels entre 3 mois et 6 mois,9886.0,942.09,966.25,440.28,51.5,34.25,10.15,7.81,6.2,5.34,7.24
2022-11-14,Complet - avec 3 rappels de moins de 3 mois,478.1,42.43,35.31,11.93,5.34,4.7,1.18,1.18,0.09,0.0,0.4
2022-11-16,Complet de 6 mois ou plus - sans rappel,7003.63,1188.18,899.39,446.27,67.56,53.71,5.88,5.08,5.03,4.69,22.37
2022-11-17,Non-vaccinés,9994.28,3579.83,1697.07,1040.18,107.54,83.52,10.54,10.01,11.17,7.4,
2022-11-17,Primo dose efficace,556.71,159.77,102.1,57.05,4.06,3.12,0.07,0.03,0.0,0.0,1.04
2022-11-18,Complet - avec 2 rappels entre 3 mois et 6 mois,6358.41,1345.75,1117.81,623.88,92.3,68.91,14.87,13.09,7.65,5.72,7.11
2022-11-18,Complet - avec 3 rappels de moins de 3 mois,498.96,91.99,52.04,23.69,7.57,5.62,0.05,0.0,0.18,0.14,0.51
2022-11-19,Complet - avec 3 rappels entre 3 et 6 mois ou plus,65.8,6.84,4.04,1.47,0.3,0.3,0.0,0.0,1.25,1.25,0.06
2022-11-25,Primo dose efficace,544.14,170.26,94.41,62.47,6.62,5.87,0.1,0.0,0.0,0.0,1.04
2022-11-29,Complet - avec 2 rappels de 6 mois ou plus,5655.54,1098.95,1164.06,535.33,103.01,88.96,7.99,6.41,11.09,10.19,3.23
2022-11-30,Complet - avec 1 rappel entre 3 mois et 6 mois,1184.91,327.28,241.13,135.71,5.97,5.17,2.4,2.31,0.04,0.0,1.12
2022-12-01,Non-vaccinés,6985.69,2282.94,983.58,490.39,138.62,106.13,8.77,5.69,10.55,6.89,
2022-12-03,Complet - avec 1 rappel entre 3 mois et 6 mois,478.55,68.78,68.89,24.17,7.53,4.52,1.28,1.25,1.0,1.0,1.08
2022-12-06,Complet - avec 2 rappels de moins de 3 mois,5252.22,1025.38,734.87,347.92,45.33,35.52,2.28,1.99,0.42,0.24,3.61
2022-12-07,Non-vaccinés,15524.7,6086.3,2373.52,1424.45,145.07,107.12,14.13,11.71,9.85,6.33,
2022-12-07,Complet - avec 1 rappel de moins de 3 mois,453.33,105.54,64.51,33.86,4.92,3.93,0.0,0.0,0.14,0.0,0.35
2022-12-08,Complet - avec 1 rappel entre 3 mois et 6 mois,833.17,299.14,190.26,110.86,8.87,6.85,1.54,1.16,0.2,0.0,1.05
2022-12-08,Complet - avec 2 rappels de 6 mois ou plus,4350.86,1219.83,1262.02,605.4,124.84,99.17,11.41,8.81,9.55,7.43,3.44
2022-12-09,Complet - avec 3 rappels de moins de 3 mois,1251.29,305.74,270.87,130.98,24.3,17.88,0.17,0.13,2.12,1.57,0.94
2022-12-10,Primo dose efficace,605.24,120.75,71.08,33.75,7.52,4.75,1.26,1.2,0.04,0.0,1.04
2022-12-11,Complet - avec 3 rappels entre 3 et 6 mois ou plus,40.41,7.53,8.88,4.29,3.99,3.43,0.08,0.08,0.0,0.0,0.08
2022-12-12,Complet - avec 2 rappels de moins de 3 mois,7234.73,1408.44,1057.12,535.27,50.84,41.09,5.06,4.59,4.74,3.33,3.83
2022-12-12,Complet - avec 3 rappels entre 3 et 6 mois ou plus,195.91,33.1,39.31,15.65,4.61,4.3,0.0,0.0,1.12,1.0,0.08
2022-12-13,Primo dose récente,23.84,3.05,3.3,2.03,0.0,0.0,0.0,0.0,0.0,0.0,0.01
2022-12-13,Complet - avec 3 rappels de moins de 3 mois,1963.89,368.94,371.67,140.67,28.08,22.58,2.49,2.1,1.36,1.28,1.05
2022-12-14,Primo dose efficace,822.42,237.65,115.6,59.52,13.79,11.57,2.0,2.0,0.41,0.25,1.04
2022-12-14,Complet - avec 1 rappel de 6 mois ou plus,56042.17,20669.96,14326.63,9194.59,532.21,414.83,55.52,45.47,37.28,31.79,59.53
2022-12-15,Complet - avec 1 rappel entre 3 mois et 6 mois,937.2,344.47,198.79,122.48,8.93,6.4,0.2,0.04,0.32,0.11,0.98
2022-12-16,Complet - avec 1 rappel de moins de 3 mois,535.06,140.03,73.12,35.72,5.47,4.6,0.2,0.2,0.45,0.2,0.36
2022-12-16,Complet - avec 2 rappels de moins de 3 mois,4194.44,1168.24,643.87,345.59,43.29,34.67,1.6,1.47,5.52,4.28,4.18
2022-12-17,Complet de moins de 3 mois - sans rappel,68.39,10.82,8.75,1.52,0.13,0.01,0.0,0.0,0.2,0.2,0.08
2022-12-19,Complet de moins de 3 mois - sans rappel,155.85,32.71,26.33,7.8,1.09,1.08,0.0,0.0,0.0,0.0,0.08
2022-12-19,Complet - avec 2 rappels de moins de 3 mois,6584.55,1664.07,1012.39,534.96,49.12,34.11,3.08,2.63,6.56,5.27,4.39
2022-12-20,Complet - avec 2 rappels de 6 mois ou plus,5947.33,1534.64,1386.07,607.84,141.95,100.24,9.26,8.31,18.43,16.09,3.61
2022-12-21,Complet - avec 3 rappels entre 3 et 6 mois ou plus,130.07,38.76,30.49,10.54,1.07,1.06,0.0,0.0,1.12,1.0,0.09
2022-12-22,Complet de moins de 3 mois - sans rappel,111.46,26.21,17.34,3.56,0.35,0.24,0.0,0.0,0.0,0.0,0.08
2022-12-23,Complet - avec 3 rappels entre 3 et 6 mois ou plus,124.85,36.98,33.69,13.81,1.19,1.13,0.0,0.0,1.12,0.0,0.09
2022-12-24,Complet - avec 2 rappels entre 3 mois et 6 mois,3258.36,946.44,714.93,363.09,83.1,59.1,7.35,4.61,11.15,5.86,6.27
2022-12-24,Complet - avec 2 rappels de 6 mois ou plus,2182.57,557.36,477.53,207.67,66.67,52.64,9.73,6.67,13.64,9.44,3.69
2022-12-25,Complet - avec 3 rappels de moins de 3 mois,560.92,108.7,56.54,17.63,14.69,12.29,3.23,3.21,2.44,2.0,1.84
2022-12-27,Primo dose récente,14.71,5.11,4.14,2.03,1.0,1.0,0.04,0.0,0.0,0.0,0.01
2022-12-28,Non-vaccinés,7793.27,2877.77,918.06,437.0,124.19,95.35,14.47,11.19,20.6,13.95,
2022-12-28,Primo dose efficace,472.69,110.77,49.04,22.39,3.48,2.34,1.07,1.06,0.0,0.0,1.03
2022-12-29,Primo dose récente,6.74,1.17,0.16,0.07,0.04,0.04,0.25,0.25,0.0,0.0,0.01
2022-12-29,Primo dose efficace,446.92,108.45,55.33,21.6,10.77,8.12,1.33,1.25,1.49,1.45,1.03
2022-12-29,Complet - avec 1 rappel de moins de 3 mois,350.92,96.8,37.05,15.95,4.52,3.17,1.0,1.0,1.39,0.14,0.41
2022-12-29,Complet - avec 3 rappels de moins de 3 mois,1903.9,646.96,323.27,167.18,32.56,25.41,2.44,2.23,3.75,3.13,2.04
2022-12-30,Primo dose récente,5.38,0.21,1.17,0.08,0.0,0.0,1.2,1.2,0.0,0.0,0.01
2023-01-03,Complet de moins de 3 mois - sans rappel,63.53,10.25,5.71,1.11,0.66,0.1,0.01,0.0,0.0,0.0,0.08
2023-01-03,Complet entre 3 mois et 6 mois - sans rappel,74.28,11.95,6.63,3.2,0.25,0.25,0.0,0.0,0.05,0.0,0.12
2023-01-03,Complet - avec 2 rappels entre 3 mois et 6 mois,4279.62,810.72,431.55,150.96,56.45,44.14,10.29,9.46,5.68,2.7,5.46
2023-01-04,Primo dose récente,10.04,2.07,0.14,0.0,0.0,0.0,0.0,0.0,0.0,0.0,0.01
2023-01-04,Primo dose efficace,363.85,83.91,26.43,10.38,2.94,2.68,1.7,1.25,0.16,0.0,1.03
2023-01-05,Primo dose efficace,328.16,68.65,21.41,7.64,1.03,0.65,0.02,0.01,0.0,0.0,1.03
2023-01-06,Complet - avec 3 rappels entre 3 et 6 mois ou plus,83.7,16.71,11.34,4.48,2.58,1.03,0.01,0.01,0.12,0.0,0.11
2023-01-07,Complet - avec 1 rappel de 6 mois ou plus,23640.39,2854.23,1321.76,514.53,126.9,93.41,17.61,14.31,31.25,27.25,57.73
2023-01-09,Primo dose efficace,488.69,62.27,25.85,10.6,4.05,2.07,1.0,1.0,0.0,0.0,1.03
2023-01-09,Complet de 6 mois ou plus - sans rappel,8861.35,1285.43,530.5,265.79,44.17,34.43,6.83,5.18,4.2,3.53,22.26
2023-01-10,Complet - avec 1 rappel de 6 mois ou plus,27955.3,3607.73,1637.36,647.74,157.34,124.73,28.69,23.92,23.88,18.66,57.72
2023-01-11,Primo dose récente,11.12,1.01,0.14,0.0,0.0,0.0,0.02,0.01,0.0,0.0,0.01
2023-01-11,Primo dose efficace,423.77,49.55,16.66,4.9,3.89,3.56,1.03,0.02,0.12,0.12,1.03
2023-01-11,Complet de moins de 3 mois - sans rappel,79.91,7.33,5.06,1.06,1.26,1.0,0.04,0.03,0.0,0.0,0.08
2023-01-11,Complet - avec 3 rappels de moins de 3 mois,2147.11,246.66,116.88,32.58,15.8,13.92,0.43,0.11,3.13,2.0,2.31
2023-01-12,Complet - avec 1 rappel de moins de 3 mois,234.46,42.94,13.75,3.36,2.2,1.13,0.22,0.22,0.22,0.05,0.4
2023-01-12,Complet - avec 3 rappels de moins de 3 mois,1443.91,240.23,89.93,25.5,13.63,10.91,0.33,0.3,0.3,0.05,2.35
2023-01-13,Complet de moins de 3 mois - sans rappel,51.32,7.33,2.56,0.32,0.34,0.14,0.0,0.0,0.5,0.5,0.07
2023-01-13,Complet - avec 1 rappel de moins de 3 mois,312.03,40.69,15.7,5.33,0.3,0.28,0.1,0.09,0.0,0.0,0.4
2023-01-14,Complet - avec 3 rappels de moins de 3 mois,2242.66,133.96,65.9,11.64,3.96,3.48,1.25,1.02,2.36,1.17,2.47
2023-01-15,Complet - avec 2 rappels de moins de 3 mois,1137.63,126.59,39.46,3.11,11.91,10.17,1.42,1.14,1.09,1.0,5.48
2023-01-15,Complet - avec 3 rappels entre 3 et 6 mois ou plus,46.44,13.3,5.54,4.24,0.34,0.15,0.0,0.0,0.03,0.0,0.16
2023-01-16,Complet - avec 3 rappels entre 3 et 6 mois ou plus,267.49,20.17,14.55,7.8,1.82,1.37,0.0,0.0,0.0,0.0,0.17
2023-01-17,Complet - avec 3 rappels de moins de 3 mois,2676.6,237.79,91.01,27.33,12.87,11.27,2.3,2.1,0.17,0.1,2.52
2023-01-19,Complet entre 3 mois et 6 mois - sans rappel,35.43,11.27,2.55,2.34,0.0,0.0,0.0,0.0,0.0,0.0,0.1
2023-01-20,Non-vaccinés,5739.57,1481.7,253.91,123.33,34.47,24.87,2.86,2.67,9.72,9.07,
2023-01-20,Complet de moins de 3 mois - sans rappel,39.84,3.89,4.21,1.12,0.26,0.25,0.0,0.0,0.01,0.01,0.07
2023-01-20,Complet - avec 1 rappel de moins de 3 mois,256.71,28.53,13.31,1.56,1.23,1.16,0.02,0.0,0.0,0.0,0.39
2023-01-21,Complet - avec 1 rappel de moins de 3 mois,288.17,19.58,9.83,4.1,0.01,0.0,2.0,2.0,0.17,0.17,0.39
2023-01-21,Complet - avec 2 rappels de 6 mois ou plus,5242.28,318.04,212.59,49.16,30.18,26.33,2.12,2.0,5.96,4.24,6.24
2023-01-22,Complet de moins de 3 mois - sans rappel,15.96,0.15,0.15,0.0,0.0,0.0,0.03,0.03,0.16,0.16,0.07
2023-01-22,Complet entre 3 mois et 6 mois - sans rappel,24.43,2.22,1.05,0.0,0.0,0.0,0.0,0.0,0.0,0.0,0.1
2023-01-23,Non-vaccinés,10240.8,1900.61,405.18,201.26,34.67,27.49,3.7,3.2,4.94,3.14,
2023-01-23,Complet entre 3 mois et 6 mois - sans rappel,75.87,12.44,0.1,0.08,0.02,0.0,0.0,0.0,0.0,0.0,0.1
2023-01-23,Complet - avec 3 rappels de moins de 3 mois,3743.12,213.47,96.05,24.72,9.97,5.65,0.29,0.2,0.44,0.24,2.72
2023-01-24,Complet entre 3 mois et 6 mois - sans rappel,55.99,9.24,1.4,0.38,0.0,0.0,0.0,0.0,0.07,0.02,0.09
2023-01-24,Complet - avec 2 rappels de moins de 3 mois,4406.44,364.84,85.88,31.12,10.87,8.02,1.46,1.37,0.23,0.11,5.35
2023-01-24,Complet - avec 2 rappels de 6 mois ou plus,6254.4,568.24,273.51,76.27,33.54,28.85,6.15,4.65,8.47,7.25,6.33
2023-01-25,Complet - avec 1 rappel entre 3 mois et 6 mois,293.23,38.61,11.41,6.5,0.5,0.02,1.17,1.17,0.0,0.0,0.46
2023-01-25,Complet - avec 3 rappels entre 3 et 6 mois ou plus,254.61,26.75,9.57,5.25,2.89,1.75,1.0,1.0,1.0,1.0,0.3
2023-01-26,Complet entre 3 mois et 6 mois - sans rappel,35.51,7.12,3.3,2.26,0.0,0.0,0.0,0.0,0.0,0.0,0.09
2023-01-27,Complet de 6 mois ou plus - sans rappel,5560.55,1119.71,279.75,173.65,15.22,11.08,3.61,2.12,2.84,2.63,22.23
2023-01-27,Complet - avec 2 rappels de 6 mois ou plus,4425.94,445.25,212.55,69.4,41.87,36.04,2.79,1.79,5.27,4.56,6.56
2023-01-29,Non-vaccinés,2561.01,568.48,95.07,32.88,11.22,5.69,1.15,1.15,4.55,3.36,
2023-01-29,Complet - avec 1 rappel de moins de 3 mois,84.23,11.93,3.27,0.12,0.01,0.0,0.0,0.0,0.04,0.02,0.38
2023-01-30,Non-vaccinés,9729.72,1850.39,333.67,163.96,20.45,13.73,2.17,1.8,5.99,5.99,
2023-01-30,Primo dose récente,12.43,1.14,0.28,0.0,0.0,0.0,0.0,0.0,0.0,0.0,0.01
2023-01-31,Complet - avec 2 rappels de moins de 3 mois,3979.33,307.35,92.08,23.82,13.17,10.46,0.47,0.09,0.2,0.2,5.2
2023-02-01,Complet de 6 mois ou plus - sans rappel,,,,,19.85,,3.85,,1.29,,22.23
2023-02-01,Complet - avec 2 rappels entre 3 mois et 6 mois,,,,,10.0,,0.25,,2.06,,3.46
2023-02-02,Complet entre 3 mois et 6 mois - sans rappel,,,,,0.0,,0.0,,0.0,,0.08
2023-02-03,Complet - avec 2 rappels de moins de 3 mois,,,,,10.81,,0.6,,1.34,,5.17
2023-02-04,Complet entre 3 mois et 6 mois - sans rappel,,,,,0.0,,0.0,,0.02,,0.08
2023-02-04,Complet - avec 1 rappel de moins de 3 mois,,,,,0.14,,0.0,,0.02,,0.37
2023-02-05,Primo dose récente,,,,,0.0,,0.0,,0.0,,0.01
2023-02-05,Complet - avec 1 rappel de moins de 3 mois,,,,,1.49,,0.07,,0.0,,0.37
2023-02-06,Complet de moins de 3 mois - sans rappel,,,,,0.23,,0.01,,0.0,,0.07
2023-02-06,Complet entre 3 mois et 6 mois - sans rappel,,,,,1.11,,0.0,,0.0,,0.08
2023-02-07,Primo dose efficace,,,,,2.45,,0.02,,0.0,,1.03
2023-02-07,Complet - avec 1 rappel entre 3 mois et 6 mois,,,,,1.91,,0.01,,0.0,,0.39
2023-02-08,Non-vaccinés,,,,,33.72,,2.54,,2.47,,
2023-02-08,Primo dose récente,,,,,0.0,,0.0,,0.0,,0.01
2023-02-09,Complet de 6 mois ou plus - sans rappel,,,,,18.27,,1.71,,2.63,,22.22
2023-02-10,Complet entre 3 mois et 6 mois - sans rappel,,,,,0.0,,0.0,,0.0,,0.08
2023-02-10,Complet - avec 1 rappel entre 3 mois et 6 mois,,,,,2.45,,0.0,,0.0,,0.39
2023-02-11,Complet - avec 1 rappel de 6 mois ou plus,,,,,45.18,,9.16,,13.13,,56.91
2023-02-12,Complet - avec 1 rappel de moins de 3 mois,,,,,0.07,,1.09,,0.0,,0.36
2023-02-12,Complet - avec 1 rappel entre 3 mois et 6 mois,,,,,0.0,,0.0,,0.0,,0.38
2023-02-12,Complet - avec 2 rappels entre 3 mois et 6 mois,,,,,4.4,,0.12,,1.25,,3.47
2023-02-13,Complet - avec 2 rappels entre 3 mois et 6 mois,,,,,7.84,,1.31,,0.0,,3.47
2023-02-13,Complet - avec 2 rappels de 6 mois ou plus,,,,,34.9,,6.61,,5.22,,6.94
2023-02-14,Complet de 6 mois ou plus - sans rappel,,,,,27.38,,5.7,,1.47,,22.22
2023-02-15,Complet entre 3 mois et 6 mois - sans rappel,,,,,0.0,,0.0,,0.0,,0.08
2023-02-15,Complet de 6 mois ou plus - sans rappel,,,,,25.15,,0.68,,1.07,,22.22
2023-02-16,Complet de 6 mois ou plus - sans rappel,,,,,21.48,,1.13,,1.72,,22.22
2023-02-16,Complet - avec 2 rappels de moins de 3 mois,,,,,6.54,,1.82,,1.15,,4.76
2023-02-17,Complet - avec 2 rappels entre 3 mois et 6 mois,1812.53,223.96,87.21,40.96,10.14,7.65,0.24,0.1,0.21,0.0,3.6
2023-02-18,Complet - avec 2 rappels de moins de 3 mois,2612.17,159.28,58.22,24.4,3.55,2.81,1.12,0.0,0.24,0.0,4.62
2023-02-19,Non-vaccinés,2263.56,460.56,80.14,19.36,16.94,12.01,0.82,0.37,1.46,0.26,
2023-02-20,Complet - avec 1 rappel de 6 mois ou plus,30155.84,3151.82,1434.82,679.38,117.38,87.65,12.28,9.8,7.35,2.35,56.86
2023-02-23,Complet - avec 1 rappel entre 3 mois et 6 mois,150.44,24.21,5.37,1.37,0.03,0.0,1.01,0.01,0.0,0.0,0.38
2023-02-24,Non-vaccinés,4313.86,896.04,190.18,77.93,27.15,22.45,3.73,3.11,3.31,3.25,
2023-02-24,Complet entre 3 mois et 6 mois - sans rappel,30.3,3.48,0.2,0.08,0.04,0.0,0.0,0.0,0.0,0.0,0.08
2023-02-24,Complet - avec 1 rappel entre 3 mois et 6 mois,179.3,27.45,8.71,2.64,0.08,0.0,0.08,0.0,1.06,0.0,0.38
2023-02-24,Complet - avec 2 rappels de 6 mois ou plus,4088.14,444.1,214.95,68.76,39.11,27.53,2.89,2.36,7.22,5.9,7.1
2023-02-24,Complet - avec 3 rappels de moins de 3 mois,1622.59,169.87,79.7,28.87,5.76,4.27,1.4,1.14,0.32,0.2,2.99
2023-02-27,Non-vaccinés,7592.59,1019.52,238.47,91.66,33.35,24.84,3.5,2.5,4.75,3.16,
2023-02-28,Complet - avec 1 rappel de 6 mois ou plus,21820.23,2229.76,1058.12,472.38,95.22,78.08,9.88,8.52,1.79,1.0,56.84
2023-03-01,Complet - avec 1 rappel entre 3 mois et 6 mois,205.88,17.13,12.72,3.64,0.14,0.0,0.0,0.0,0.0,0.0,0.38
2023-03-02,Non-vaccinés,3382.94,689.44,200.09,85.0,38.08,25.64,4.46,3.26,3.0,1.0,
2023-03-03,Non-vaccinés,4245.31,880.32,211.0,95.84,29.09,18.39,5.98,5.4,4.24,4.0,
2023-03-03,Primo dose efficace,242.08,34.57,14.54,4.56,3.79,3.1,0.07,0.0,0.0,0.0,1.03
2023-03-03,Complet - avec 3 rappels de moins de 3 mois,1641.46,165.27,71.84,24.9,4.12,3.31,2.18,2.0,0.06,0.0,2.88
2023-03-04,Complet - avec 2 rappels entre 3 mois et 6 mois,2389.13,135.32,81.84,26.17,12.32,9.46,0.12,0.12,1.39,1.0,3.99
2023-03-04,Complet - avec 3 rappels de moins de 3 mois,1829.41,94.8,54.74,15.56,8.36,5.38,2.26,2.0,0.16,0.1,2.84
2023-03-06,Complet de moins de 3 mois - sans rappel,47.37,6.81,4.48,2.14,0.0,0.0,0.0,0.0,0.0,0.0,0.06
2023-03-06,Complet - avec 2 rappels entre 3 mois et 6 mois,3827.96,258.47,170.26,63.91,14.23,11.67,1.47,1.19,0.29,0.17,4.02
2023-03-07,Primo dose récente,5.44,0.02,0.05,0.0,0.0,0.0,0.0,0.0,0.0,0.0,0.0
2023-03-08,Primo dose récente,2.46,0.02,0.03,0.0,0.0,0.0,0.0,0.0,0.0,0.0,0.0
2023-03-08,Complet - avec 2 rappels entre 3 mois et 6 mois,2367.91,259.92,162.31,69.26,18.4,15.98,1.12,1.12,0.0,0.0,4.17
2023-03-08,Complet - avec 2 rappels de 6 mois ou plus,4612.05,464.42,372.45,141.95,68.6,49.77,5.5,5.5,2.79,1.25,7.35
2023-03-09,Non-vaccinés,4081.99,976.9,325.11,139.65,39.43,25.63,5.45,5.25,1.77,1.0,
2023-03-09,Complet de moins de 3 mois - sans rappel,14.21,6.88,0.22,0.05,1.04,1.0,0.0,0.0,0.0,0.0,0.06
2023-03-09,Complet entre 3 mois et 6 mois - sans rappel,23.76,1.63,1.49,0.21,0.06,0.0,0.0,0.0,0.0,0.0,0.08
2023-03-09,Complet - avec 1 rappel de 6 mois ou plus,10936.26,2314.28,1321.61,653.06,134.53,102.8,16.65,14.5,8.86,4.0,56.84
2023-03-09,Complet - avec 2 rappels de moins de 3 mois,985.2,189.5,88.41,46.25,8.37,7.39,1.28,1.0,0.08,0.0,3.55
2023-03-09,Complet - avec 2 rappels entre 3 mois et 6 mois,1412.78,269.24,135.04,62.24,21.54,14.8,1.42,1.0,1.22,1.0,4.25
2023-03-10,Complet de moins de 3 mois - sans rappel,31.38,5.34,3.3,1.0,0.02,0.0,1.0,1.0,0.0,0.0,0.06
2023-03-10,Complet - avec 2 rappels de 6 mois ou plus,3942.12,485.86,373.17,150.22,53.57,37.01,5.55,3.25,5.68,4.83,7.41
2023-03-11,Complet de moins de 3 mois - sans rappel,32.19,6.23,0.25,0.04,0.17,0.17,0.0,0.0,0.0,0.0,0.06
2023-03-12,Complet entre 3 mois et 6 mois - sans rappel,12.67,1.22,1.15,0.0,0.08,0.08,0.0,0.0,0.0,0.0,0.08
2023-03-13,Complet - avec 2 rappels de moins de 3 mois,2330.67,175.46,119.16,49.19,8.69,6.5,1.63,1.25,0.28,0.28,3.14
2023-03-13,Complet - avec 3 rappels entre 3 et 6 mois ou plus,1512.48,153.54,134.77,55.05,29.19,21.56,2.45,2.29,1.24,0.0,1.44
2023-03-14,Complet de moins de 3 mois - sans rappel,28.71,2.65,0.19,0.14,0.0,0.0,0.0,0.0,0.0,0.0,0.06
2023-03-15,Non-vaccinés,5136.98,1068.0,350.72,156.73,26.29,17.8,3.96,3.25,1.78,1.29,
2023-03-15,Complet entre 3 mois et 6 mois - sans rappel,41.48,7.35,1.64,1.25,0.08,0.08,0.0,0.0,0.0,0.0,0.08
2023-03-16,Complet - avec 1 rappel de 6 mois ou plus,9973.14,2553.64,1530.1,833.12,121.18,85.2,17.29,13.33,10.09,6.5,56.85
2023-03-17,Complet - avec 1 rappel entre 3 mois et 6 mois,174.58,26.47,23.12,8.25,1.3,1.12,0.0,0.0,0.04,0.04,0.41
2023-03-17,Complet - avec 2 rappels de moins de 3 mois,935.53,144.3,76.6,35.5,8.76,7.69,1.94,1.5,1.0,0.0,2.49
2023-03-17,Complet - avec 2 rappels entre 3 mois et 6 mois,2180.99,346.8,214.6,95.43,21.37,13.7,1.61,1.5,0.43,0.29,5.08
2023-03-19,Complet - avec 2 rappels de moins de 3 mois,272.2,33.53,18.44,3.61,3.66,2.14,1.47,1.44,0.05,0.0,2.23
2023-03-20,Complet - avec 3 rappels de moins de 3 mois,1748.89,144.4,137.72,58.14,9.48,5.21,3.51,3.15,1.21,0.21,2.08
2023-03-21,Primo dose récente,3.34,0.0,0.07,0.0,0.0,0.0,0.0,0.0,0.0,0.0,0.0
2023-03-21,Complet - avec 3 rappels entre 3 et 6 mois ou plus,1399.03,192.19,161.84,66.22,20.6,13.76,0.19,0.17,0.2,0.0,1.97
2023-03-23,Complet - avec 1 rappel de moins de 3 mois,72.77,16.87,4.23,1.48,1.25,1.01,0.2,0.2,0.0,0.0,0.19
2023-03-24,Complet de 6 mois ou plus - sans rappel,3509.03,853.38,451.74,244.67,25.16,20.5,1.21,1.03,0.16,0.1,22.23
2023-03-25,Complet - avec 3 rappels de moins de 3 mois,887.37,65.06,59.51,23.27,7.06,4.81,1.2,1.06,0.25,0.25,1.84
2023-03-26,Complet - avec 1 rappel de moins de 3 mois,18.37,2.9,1.39,1.12,1.2,1.0,0.03,0.01,0.2,0.0,0.18
2023-03-27,Complet de 6 mois ou plus - sans rappel,6052.2,1117.48,654.14,343.22,38.41,27.85,2.92,1.2,3.87,3.2,22.23
2023-03-27,Complet - avec 1 rappel entre 3 mois et 6 mois,303.08,42.37,25.06,7.76,0.1,0.1,1.06,1.0,1.06,1.0,0.43
2023-03-28,Complet entre 3 mois et 6 mois - sans rappel,42.97,6.57,5.76,1.3,0.0,0.0,0.01,0.01,0.05,0.0,0.08
2023-03-29,Complet de moins de 3 mois - sans rappel,21.18,3.27,4.1,2.03,0.16,0.16,0.0,0.0,0.0,0.0,0.05
2023-03-30,Primo dose efficace,185.22,47.49,21.84,13.85,0.49,0.46,0.02,0.0,0.0,0.0,1.03
2023-03-31,Primo dose efficace,212.13,35.85,27.58,12.95,1.62,1.36,0.0,0.0,0.0,0.0,1.03
2023-03-31,Complet - avec 2 rappels de 6 mois ou plus,3312.28,627.56,486.61,226.84,69.69,48.04,6.67,5.54,3.67,3.0,7.91
2023-03-31,Complet - avec 3 rappels de moins de 3 mois,732.35,116.24,90.68,41.33,9.13,6.35,0.07,0.0,1.37,1.2,1.75
2023-04-01,Complet - avec 1 rappel entre 3 mois et 6 mois,149.72,22.38,12.09,5.25,0.01,0.0,0.22,0.22,0.06,0.0,0.42
2023-04-02,Complet de 6 mois ou plus - sans rappel,1045.03,156.19,100.84,23.67,16.94,12.86,2.13,2.13,2.36,1.08,22.23
2023-04-02,Complet - avec 3 rappels entre 3 et 6 mois ou plus,365.22,65.85,41.38,12.77,11.92,8.82,0.27,0.27,0.46,0.18,2.33
2023-04-03,Complet - avec 1 rappel de moins de 3 mois,118.72,18.83,7.82,2.24,2.26,2.11,0.0,0.0,0.0,0.0,0.17
2023-04-05,Non-vaccinés,4224.12,962.0,355.57,176.04,44.33,30.78,5.36,4.56,4.53,2.1,
2023-04-06,Complet - avec 2 rappels de moins de 3 mois,356.06,83.41,41.56,20.18,3.26,3.08,0.0,0.0,0.0,0.0,1.31
2023-04-07,Complet de 6 mois ou plus - sans rappel,2505.37,731.39,373.45,212.11,25.5,14.8,1.39,1.28,0.6,0.02,22.24
2023-04-07,Complet - avec 2 rappels de moins de 3 mois,299.61,76.81,30.77,17.87,1.53,1.3,0.0,0.0,0.01,0.01,1.23
2023-04-09,Complet - avec 2 rappels de 6 mois ou plus,988.19,199.35,147.0,51.39,37.71,28.61,4.07,4.07,4.88,3.2,8.13
2023-04-11,Complet - avec 3 rappels entre 3 et 6 mois ou plus,2147.59,330.1,338.89,154.28,36.6,30.0,2.4,2.34,3.06,1.49,2.67
2023-04-12,Complet de moins de 3 mois - sans rappel,17.21,3.36,1.39,0.21,0.0,0.0,0.08,0.04,0.0,0.0,0.04
2023-04-13,Primo dose efficace,172.6,36.48,30.72,14.7,2.57,2.16,1.01,1.0,0.0,0.0,1.03
2023-04-13,Complet de moins de 3 mois - sans rappel,18.32,3.5,4.48,2.33,1.2,1.2,0.0,0.0,0.08,0.0,0.04
2023-04-13,Complet entre 3 mois et 6 mois - sans rappel,20.03,4.88,2.59,1.36,0.0,0.0,0.0,0.0,0.0,0.0,0.07
2023-04-13,Complet - avec 1 rappel entre 3 mois et 6 mois,126.32,41.35,16.93,8.03,2.4,2.21,0.11,0.09,0.2,0.0,0.42
2023-04-13,Complet - avec 2 rappels de moins de 3 mois,271.23,62.68,35.16,16.4,0.44,0.33,0.02,0.02,0.0,0.0,0.94
2023-04-14,Primo dose récente,1.5,1.3,0.0,0.0,0.0,0.0,0.0,0.0,0.0,0.0,0.0
2023-04-14,Complet - avec 2 rappels de moins de 3 mois,300.01,54.49,35.46,14.92,5.34,5.14,0.04,0.04,0.11,0.0,0.88
2023-04-15,Complet entre 3 mois et 6 mois - sans rappel,31.94,3.44,2.43,0.16,0.2,0.2,0.0,0.0,0.0,0.0,0.07
2023-04-16,Complet - avec 1 rappel de 6 mois ou plus,2817.94,453.97,313.92,102.11,89.17,67.7,9.03,6.53,11.8,8.5,56.92
2023-04-16,Complet - avec 3 rappels entre 3 et 6 mois ou plus,395.71,59.94,65.33,15.95,24.65,19.24,1.22,1.22,1.06,0.25,2.95
2023-04-18,Primo dose efficace,208.89,32.5,18.72,5.83,5.28,4.72,0.45,0.34,0.12,0.06,1.03
2023-04-19,Complet - avec 1 rappel de moins de 3 mois,51.73,7.18,6.07,2.2,0.0,0.0,0.01,0.01,0.0,0.0,0.11
2023-04-20,Non-vaccinés,2676.46,719.95,326.71,154.4,43.73,26.2,3.32,3.18,7.22,5.11,
2023-04-20,Complet de 6 mois ou plus - sans rappel,2762.17,698.86,409.01,236.24,18.76,12.23,3.1,1.76,3.57,0.25,22.24
2023-04-20,Complet - avec 1 rappel de 6 mois ou plus,8211.18,2586.07,1546.02,911.04,145.25,105.93,15.37,12.07,14.94,9.4,56.94
2023-04-20,Complet - avec 2 rappels entre 3 mois et 6 mois,1307.56,382.36,230.48,124.62,23.79,18.41,5.4,5.3,1.06,1.03,5.7
2023-04-20,Complet - avec 3 rappels de moins de 3 mois,258.82,64.78,34.84,17.8,5.62,3.52,0.32,0.32,0.32,0.3,1.04
2023-04-22,Complet - avec 1 rappel entre 3 mois et 6 mois,129.01,18.77,12.27,5.38,0.01,0.01,0.31,0.0,0.08,0.0,0.41
2023-04-22,Complet - avec 2 rappels de 6 mois ou plus,2859.68,427.43,329.57,143.14,51.9,37.9,4.5,2.0,6.2,4.59,8.84
2023-04-23,Complet de moins de 3 mois - sans rappel,2.3,0.06,0.07,0.0,0.0,0.0,0.0,0.0,0.0,0.0,0.03
2023-04-23,Complet - avec 1 rappel de moins de 3 mois,6.2,0.5,2.21,0.08,0.0,0.0,0.14,0.08,0.0,0.0,0.1
2023-04-23,Complet - avec 3 rappels de moins de 3 mois,120.79,28.1,10.63,5.36,2.0,1.42,0.14,0.08,1.0,1.0,0.93
2023-04-24,Primo dose efficace,269.15,34.32,31.34,13.42,1.84,1.33,0.13,0.0,0.08,0.0,1.03
2023-04-25,Primo dose efficace,204.18,30.61,27.52,12.49,0.83,0.27,0.0,0.0,1.0,1.0,1.03
2023-04-26,Complet - avec 1 rappel de moins de 3 mois,47.85,6.71,2.13,2.07,0.0,0.0,0.02,0.02,0.0,0.0,0.1
2023-04-26,Complet - avec 2 rappels de moins de 3 mois,191.42,41.67,21.72,9.28,0.4,0.17,0.0,0.0,0.07,0.07,0.51
2023-04-27,Complet - avec 1 rappel de moins de 3 mois,29.31,3.78,0.12,0.1,0.0,0.0,0.0,0.0,0.0,0.0,0.09
2023-04-27,Complet - avec 3 rappels de moins de 3 mois,207.54,60.75,24.97,16.39,2.6,2.56,0.5,0.2,0.0,0.0,0.83
2023-04-28,Complet de moins de 3 mois - sans rappel,5.82,1.24,0.03,0.0,0.0,0.0,0.0,0.0,0.01,0.0,0.03
2023-04-28,Complet - avec 2 rappels entre 3 mois et 6 mois,1168.2,354.04,201.64,111.32,18.02,15.24,3.72,0.61,3.38,1.0,5.42
2023-04-29,Primo dose efficace,124.61,18.39,8.65,4.81,0.49,0.27,1.0,1.0,0.14,0.14,1.03
2023-04-29,Complet - avec 1 rappel de 6 mois ou plus,7891.27,1217.69,765.8,402.43,61.34,45.83,6.48,5.2,8.72,8.72,56.97
2023-04-30,Complet de moins de 3 mois - sans rappel,2.2,1.05,0.0,0.0,0.0,0.0,0.0,0.0,0.0,0.0,0.03
2023-04-30,Complet - avec 2 rappels de 6 mois ou plus,908.96,200.16,105.41,39.76,26.23,16.07,2.26,2.26,4.64,2.64,9.23
2023-05-01,Complet de moins de 3 mois - sans rappel,1.56,0.02,0.2,0.0,0.16,0.16,0.0,0.0,0.02,0.02,0.03
2023-05-01,Complet - avec 3 rappels de moins de 3 mois,83.18,17.23,8.13,2.51,1.19,0.13,0.05,0.04,0.22,0.02,0.74
2023-05-02,Complet entre 3 mois et 6 mois - sans rappel,38.19,3.82,2.4,2.09,0.0,0.0,0.12,0.0,0.0,0.0,0.07
2023-05-02,Complet - avec 2 rappels de 6 mois ou plus,5086.07,808.73,645.74,310.55,61.35,45.3,8.92,5.74,8.59,7.64,9.26
2023-05-04,Primo dose efficace,128.98,37.82,11.9,7.4,2.82,0.29,0.01,0.0,0.0,0.0,1.03
2023-05-04,Complet - avec 2 rappels de moins de 3 mois,91.6,20.86,9.08,5.44,2.25,1.0,0.03,0.0,0.0,0.0,0.36
2023-05-05,Complet - avec 2 rappels de 6 mois ou plus,2164.05,607.79,330.67,172.17,34.84,26.2,4.49,4.49,7.64,5.26,9.37
2023-05-06,Complet - avec 1 rappel entre 3 mois et 6 mois,97.63,13.5,6.3,1.38,0.11,0.05,0.0,0.0,0.11,0.11,0.39
2023-05-07,Complet - avec 3 rappels entre 3 et 6 mois ou plus,367.18,91.03,38.12,19.06,10.95,7.15,1.14,1.05,2.44,2.28,3.59
2023-05-08,Complet de moins de 3 mois - sans rappel,0.31,0.04,0.0,0.0,0.0,0.0,0.0,0.0,0.0,0.0,0.03
2023-05-10,Complet de moins de 3 mois - sans rappel,8.51,2.52,0.0,0.0,0.0,0.0,0.0,0.0,0.01,0.0,0.03
2023-05-14,Complet - avec 1 rappel de 6 mois ou plus,2021.61,295.73,145.11,40.75,43.33,24.74,4.9,4.3,8.02,5.82,57.02
2023-05-14,Complet - avec 3 rappels entre 3 et 6 mois ou plus,359.78,55.7,32.57,9.49,10.69,6.81,1.2,1.2,1.0,1.0,3.72
2023-05-15,Complet - avec 1 rappel de 6 mois ou plus,10554.35,1907.39,1057.45,598.65,63.35,45.6,10.19,8.83,7.08,5.37,57.02
2023-05-15,Complet - avec 2 rappels entre 3 mois et 6 mois,1529.61,269.02,125.03,69.98,13.92,8.91,1.62,1.62,1.0,1.0,4.96
2023-05-15,Complet - avec 3 rappels de moins de 3 mois,191.4,40.86,14.71,12.17,0.33,0.19,0.2,0.2,0.0,0.0,0.48
2023-05-16,Complet - avec 1 rappel de 6 mois ou plus,5925.9,1662.07,770.22,450.77,63.31,38.85,8.13,5.0,3.97,2.25,57.02
2023-05-16,Complet - avec 2 rappels de 6 mois ou plus,2171.78,512.72,283.78,142.95,36.49,26.72,4.74,3.0,3.96,3.5,9.8
2023-05-18,Complet entre 3 mois et 6 mois - sans rappel,5.47,0.14,0.02,0.02,0.0,0.0,0.0,0.0,0.0,0.0,0.07
2023-05-19,Complet de moins de 3 mois - sans rappel,6.41,1.8,1.08,0.08,0.02,0.02,0.0,0.0,0.01,0.0,0.02
2023-05-19,Complet entre 3 mois et 6 mois - sans rappel,12.09,3.94,4.52,3.52,0.13,0.0,0.0,0.0,0.02,0.0,0.07
2023-05-19,Complet - avec 2 rappels entre 3 mois et 6 mois,923.39,203.6,92.49,48.66,5.73,4.45,1.27,0.27,0.24,0.17,4.74
2023-05-20,Complet de moins de 3 mois - sans rappel,7.97,3.45,1.04,1.0,0.0,0.0,0.0,0.0,0.0,0.0,0.02
2023-05-20,Complet - avec 2 rappels de 6 mois ou plus,2360.33,297.81,160.47,76.41,32.11,23.64,2.63,1.26,2.84,1.0,10.08
2023-05-21,Complet de moins de 3 mois - sans rappel,2.95,0.84,0.0,0.0,0.0,0.0,0.0,0.0,0.0,0.0,0.02
2023-05-21,Complet de 6 mois ou plus - sans rappel,590.35,111.37,43.37,16.08,4.44,3.1,1.13,0.13,0.25,0.0,22.27
2023-05-26,Complet de moins de 3 mois - sans rappel,2.28,1.07,0.06,0.02,0.0,0.0,0.0,0.0,0.01,0.01,0.02
2023-05-27,Complet - avec 2 rappels de moins de 3 mois,42.32,5.87,1.29,0.13,0.0,0.0,0.0,0.0,0.0,0.0,0.16
2023-05-29,Complet - avec 1 rappel entre 3 mois et 6 mois,35.89,3.68,4.24,0.06,0.08,0.0,0.0,0.0,0.01,0.0,0.33
2023-05-29,Complet - avec 3 rappels entre 3 et 6 mois ou plus,375.87,75.16,21.13,7.29,6.84,3.59,0.16,0.06,1.27,1.15,3.87
2023-05-30,Complet entre 3 mois et 6 mois - sans rappel,16.37,1.31,1.03,0.0,0.12,0.0,0.0,0.0,0.0,0.0,0.06
2023-05-30,Complet - avec 2 rappels de moins de 3 mois,60.81,5.9,5.57,3.07,0.0,0.0,0.02,0.02,0.0,0.0,0.15
2023-06-03,Complet entre 3 mois et 6 mois - sans rappel,15.71,3.19,0.05,0.0,0.0,0.0,0.25,0.25,0.05,0.05,0.06
2023-06-03,Complet - avec 3 rappels de moins de 3 mois,80.74,10.62,4.66,1.25,1.2,1.0,0.0,0.0,0.0,0.0,0.34
2023-06-04,Complet - avec 3 rappels de moins de 3 mois,21.15,2.09,0.2,0.13,0.01,0.01,0.0,0.0,0.0,0.0,0.34
2023-06-05,Primo dose efficace,139.65,26.38,12.85,6.37,1.65,0.44,0.0,0.0,0.09,0.04,1.03
2023-06-05,Complet - avec 2 rappels de moins de 3 mois,54.31,6.17,3.4,2.3,0.0,0.0,0.0,0.0,0.0,0.0,0.13
2023-06-06,Complet - avec 3 rappels de moins de 3 mois,100.47,13.34,4.67,2.15,0.05,0.02,0.0,0.0,0.0,0.0,0.33
2023-06-08,Complet de moins de 3 mois - sans rappel,0.22,0.0,0.0,0.0,0.0,0.0,0.0,0.0,0.0,0.0,0.02
2021-08-27,Complet de 6 mois ou plus - sans rappel,6121.11,488.24,276.14,93.56,22.63,18.56,4.65,2.56,4.97,2.72,3.02
2021-08-31,Primo dose efficace,26997.74,1906.2,919.6,371.13,27.41,19.35,7.72,5.48,5.24,2.59,11.7
2021-09-01,Complet - avec 1 rappel entre 3 mois et 6 mois,0.0,0.0,0.0,0.0,0.0,0.0,0.0,0.0,0.0,0.0,0.0
2021-09-02,Primo dose récente,9641.61,483.61,395.52,181.03,18.75,10.96,2.37,1.58,0.0,0.0,3.23
2021-09-16,Complet de 6 mois ou plus - sans rappel,6389.65,567.87,205.98,64.46,16.82,12.99,1.56,0.63,6.31,4.51,4.26
2021-09-17,Complet - avec 2 rappels de moins de 3 mois,0.0,0.0,0.0,0.0,0.0,0.0,0.0,0.0,0.0,0.0,0.0
2022-01-26,Primo dose efficace,7260.18,2052.98,2515.98,1206.42,68.09,49.46,6.31,3.44,11.26,9.52,1.76
2022-01-26,Complet - avec 3 rappels de moins de 3 mois,0.18,0.0,0.0,0.0,0.0,0.0,0.0,0.0,0.0,0.0,0.0
2022-01-27,Primo dose efficace,6808.84,1999.16,2458.95,1170.68,79.07,62.69,6.84,5.93,9.24,7.55,1.8
2022-01-27,Complet - avec 3 rappels de moins de 3 mois,1.13,1.0,0.0,0.0,0.0,0.0,0.0,0.0,0.0,0.0,0.0
2022-01-28,Primo dose récente,2333.75,767.56,1032.8,507.99,21.42,16.41,1.49,1.38,0.27,0.05,0.55
2022-01-28,Complet - avec 3 rappels de moins de 3 mois,0.14,0.0,0.0,0.0,0.0,0.0,0.0,0.0,0.0,0.0,0.0
2022-01-30,Complet de 6 mois ou plus - sans rappel,6169.54,1598.16,2330.21,999.4,154.91,118.47,23.99,20.52,44.81,36.25,9.86
2022-01-31,Complet de moins de 3 mois - sans rappel,18440.92,5374.3,6629.72,3276.82,102.43,88.57,25.14,20.56,9.58,5.73,4.27
2022-02-01,Non-vaccinés,76727.51,27661.2,33081.61,16676.03,725.63,526.75,114.01,88.73,97.1,80.37,
2022-02-04,Non-vaccinés,57095.81,19544.09,22409.89,11008.46,603.29,440.73,98.02,64.4,97.69,74.92,
2022-02-04,Complet - avec 1 rappel de 6 mois ou plus,0.05,0.0,0.05,0.0,0.2,0.0,0.05,0.04,0.0,0.0,0.0
2022-02-07,Complet de 6 mois ou plus - sans rappel,28987.51,8674.4,10285.52,5269.99,201.35,161.37,26.49,22.07,48.63,38.64,10.12
2022-02-10,Non-vaccinés,38844.84,11914.15,12818.8,6474.74,538.83,390.27,79.72,64.0,96.27,68.03,
2022-02-12,Complet - avec 1 rappel de moins de 3 mois,75787.3,12005.09,13722.3,5938.77,276.48,210.84,37.67,31.04,41.03,27.6,60.18
2022-02-14,Complet - avec 2 rappels entre 3 mois et 6 mois,34.72,3.25,6.86,2.16,0.0,0.0,0.0,0.0,0.14,0.0,0.01
2022-02-15,Complet - avec 2 rappels entre 3 mois et 6 mois,38.84,1.2,4.76,0.11,0.01,0.0,0.0,0.0,0.42,0.0,0.01
2022-02-16,Complet - avec 2 rappels de moins de 3 mois,826.05,116.85,102.19,48.43,6.49,4.71,1.05,1.0,0.2,0.0,0.38
2022-02-16,Complet - avec 3 rappels de moins de 3 mois,2.18,0.0,1.03,0.0,0.0,0.0,0.0,0.0,0.0,0.0,0.0
2022-02-17,Complet de moins de 3 mois - sans rappel,7057.62,1505.99,1429.96,725.71,47.32,37.28,6.55,5.4,9.23,7.46,4.14
2022-02-17,Complet - avec 3 rappels de moins de 3 mois,3.15,0.0,2.05,0.0,0.0,0.0,0.0,0.0,0.0,0.0,0.0
2022-02-18,Complet - avec 1 rappel de 6 mois ou plus,0.01,0.01,0.01,0.01,0.0,0.0,0.02,0.0,0.0,0.0,0.0
2022-02-20,Non-vaccinés,7598.52,1322.96,1375.37,520.62,218.65,166.25,43.91,31.28,60.52,41.3,
2022-02-20,Primo dose récente,95.36,13.12,13.29,5.31,3.04,2.15,0.02,0.0,0.04,0.0,0.15
2022-02-20,Complet de moins de 3 mois - sans rappel,1993.91,247.14,242.2,87.15,31.61,22.87,6.61,5.32,3.11,2.23,4.05
2022-02-21,Primo dose récente,357.76,63.79,73.2,38.15,2.78,2.21,0.06,0.0,0.02,0.02,0.15
2022-02-21,Complet - avec 1 rappel de moins de 3 mois,113909.22,23328.66,22565.97,11889.2,330.92,259.63,51.14,41.48,32.34,24.21,60.24
2022-02-21,Complet - avec 1 rappel entre 3 mois et 6 mois,28860.21,3440.27,4825.61,1750.59,214.9,161.76,20.53,18.39,35.31,20.49,10.35
2022-02-22,Complet - avec 3 rappels entre 3 et 6 mois ou plus,0.0,0.0,0.0,0.0,0.0,0.0,0.0,0.0,0.0,0.0,0.0
2022-02-23,Non-vaccinés,24370.15,5762.25,5763.51,2758.92,282.24,211.76,43.17,34.17,69.06,54.27,
2022-02-25,Primo dose récente,211.25,27.8,40.41,18.62,2.12,2.06,0.1,0.0,0.13,0.06,0.11
2022-02-26,Primo dose récente,154.84,11.07,16.78,5.65,1.52,1.23,1.0,0.0,1.43,1.18,0.1
2022-02-26,Complet - avec 1 rappel de moins de 3 mois,59577.95,7489.43,7342.45,3435.7,146.99,115.84,27.82,22.02,32.74,27.02,58.91
2022-02-27,Non-vaccinés,6580.08,1237.26,1116.29,415.13,173.11,125.27,37.77,24.84,32.78,24.79,
2022-02-27,Primo dose efficace,557.57,59.81,60.73,21.24,9.65,5.82,1.66,0.29,1.86,1.14,1.38
2022-02-28,Primo dose récente,232.91,39.87,31.67,19.47,1.27,1.18,0.0,0.0,0.0,0.0,0.09
2022-02-28,Complet - avec 3 rappels entre 3 et 6 mois ou plus,0.0,0.0,0.0,0.0,0.0,0.0,0.0,0.0,0.0,0.0,0.0
2022-03-01,Primo dose efficace,1944.88,294.19,300.3,114.15,21.02,18.21,3.43,2.43,4.4,4.19,1.37
2022-03-01,Complet - avec 1 rappel de 6 mois ou plus,38.97,8.38,8.76,4.23,1.97,0.32,0.41,0.26,0.79,0.21,0.01
2022-03-04,Complet - avec 1 rappel entre 3 mois et 6 mois,23882.14,3753.52,3799.29,1634.54,223.2,175.94,28.09,20.33,38.42,29.65,16.99
2022-03-06,Complet de 6 mois ou plus - sans rappel,3778.9,498.05,469.0,191.38,41.38,30.66,6.26,5.48,10.33,9.33,14.53
2022-03-07,Complet entre 3 mois et 6 mois - sans rappel,10371.56,2337.33,2240.7,1239.35,58.38,47.91,4.72,4.48,8.58,7.79,7.22
2022-03-08,Complet - avec 1 rappel de 6 mois ou plus,545.41,62.84,85.43,33.69,7.71,6.61,1.36,1.11,0.75,0.5,0.26
2022-03-10,Complet entre 3 mois et 6 mois - sans rappel,6808.6,1786.85,1389.74,776.05,47.87,40.5,3.52,3.29,6.11,5.46,6.71
2022-03-10,Complet - avec 2 rappels de 6 mois ou plus,0.0,0.0,0.0,0.0,0.0,0.0,0.0,0.0,0.0,0.0,0.0
2022-03-10,Complet - avec 3 rappels entre 3 et 6 mois ou plus,0.07,0.0,0.0,0.0,0.0,0.0,0.0,0.0,0.0,0.0,0.0
2022-03-11,Complet - avec 1 rappel de moins de 3 mois,58814.89,14179.59,11051.15,6218.78,187.56,148.03,23.86,20.71,15.21,12.34,48.73
2022-03-12,Complet - avec 1 rappel de 6 mois ou plus,732.48,80.34,104.36,44.26,10.42,8.11,2.19,2.17,0.75,0.0,0.5
2022-03-12,Complet - avec 3 rappels de moins de 3 mois,2.09,0.03,0.0,0.0,0.0,0.0,0.0,0.0,0.0,0.0,0.0
2022-03-15,Primo dose récente,125.52,24.04,29.58,18.93,2.36,2.3,0.0,0.0,0.0,0.0,0.05
2022-03-15,Primo dose efficace,1816.8,350.39,301.88,148.08,12.47,10.42,0.09,0.09,4.2,3.16,1.24
2022-03-15,Complet - avec 1 rappel de moins de 3 mois,62529.05,17382.52,13427.8,7855.2,223.29,181.51,24.36,23.15,13.81,12.07,44.92
2022-03-16,Complet - avec 2 rappels de moins de 3 mois,1043.52,171.05,133.6,60.13,7.24,4.19,2.0,2.0,0.0,0.0,0.59
2022-03-17,Complet de 6 mois ou plus - sans rappel,16342.06,5357.8,3773.86,2330.55,67.64,48.71,6.26,3.93,13.62,8.24,15.92
2022-03-18,Primo dose récente,114.74,18.81,12.98,9.76,0.05,0.0,0.0,0.0,0.0,0.0,0.04
2022-03-18,Complet - avec 2 rappels de moins de 3 mois,1052.72,182.46,154.18,77.73,4.89,2.7,0.2,0.0,0.0,0.0,0.6
2022-03-19,Complet - avec 2 rappels entre 3 mois et 6 mois,89.7,12.92,17.58,9.64,1.7,0.68,0.08,0.0,0.0,0.0,0.03
2022-03-19,Complet - avec 3 rappels de moins de 3 mois,2.02,0.01,0.01,0.01,0.0,0.0,0.0,0.0,0.0,0.0,0.0
2022-03-20,Complet - avec 2 rappels de 6 mois ou plus,1.0,0.0,1.0,0.0,0.0,0.0,0.0,0.0,0.0,0.0,0.0
2022-03-21,Complet - avec 3 rappels de moins de 3 mois,6.29,3.07,2.1,2.06,0.0,0.0,0.0,0.0,0.0,0.0,0.0
2022-03-22,Complet de 6 mois ou plus - sans rappel,25378.66,9863.66,7996.7,5247.83,95.6,75.95,14.66,9.78,10.38,8.14,16.46
2022-03-22,Complet - avec 1 rappel de moins de 3 mois,64374.08,23386.45,21364.85,13561.82,170.76,138.6,17.19,14.15,8.9,8.07,36.19
2022-03-23,Primo dose efficace,2184.0,594.0,460.17,263.08,15.05,12.05,0.78,0.32,2.47,2.27,1.21
2022-03-23,Complet - avec 2 rappels de moins de 3 mois,1277.03,241.66,235.09,122.33,5.74,5.23,1.05,1.05,0.0,0.0,0.65
2022-03-24,Primo dose récente,95.97,24.5,27.22,15.19,2.25,2.09,0.0,0.0,0.0,0.0,0.03
2022-03-24,Complet de moins de 3 mois - sans rappel,5518.36,2219.39,1889.98,1216.36,22.24,15.85,0.86,0.57,3.18,0.74,2.91
2022-03-25,Primo dose efficace,1886.28,581.26,487.34,288.15,20.47,15.34,2.54,2.44,2.47,2.27,1.21
2022-03-26,Non-vaccinés,26220.72,9069.54,8716.68,4941.07,171.13,131.52,23.03,19.62,27.73,22.36,
2022-03-27,Complet de moins de 3 mois - sans rappel,1256.13,285.77,302.05,139.23,21.38,17.28,3.76,2.03,1.32,0.19,2.86
2022-03-27,Complet - avec 1 rappel entre 3 mois et 6 mois,17112.21,3919.6,4807.28,2328.51,336.52,266.34,37.44,31.91,38.96,33.52,39.1
2022-03-27,Complet - avec 2 rappels de moins de 3 mois,339.98,36.54,46.83,8.01,7.05,6.68,1.05,1.01,1.0,1.0,0.76
2022-03-28,Non-vaccinés,55317.46,23107.33,21524.96,13189.88,288.64,213.11,30.98,25.3,15.71,10.15,
2022-03-28,Complet de moins de 3 mois - sans rappel,8294.04,3330.27,3177.72,1994.58,34.92,27.95,1.9,1.38,2.55,2.2,2.86
2022-03-29,Complet - avec 1 rappel de 6 mois ou plus,6346.17,1203.9,1742.66,736.15,73.11,53.62,7.71,7.16,6.59,4.41,1.56
2022-03-30,Primo dose efficace,2135.69,588.5,522.49,276.89,25.96,23.77,0.59,0.44,2.66,1.23,1.2
2022-04-01,Complet - avec 1 rappel entre 3 mois et 6 mois,88353.4,30990.39,34533.32,20216.61,527.95,414.34,63.57,52.74,46.01,40.57,42.82
2022-04-01,Complet - avec 2 rappels de moins de 3 mois,1764.09,375.71,367.05,175.97,19.62,13.33,0.55,0.49,0.28,0.1,0.91
2022-04-01,Complet - avec 3 rappels entre 3 et 6 mois ou plus,0.0,0.0,0.0,0.0,0.0,0.0,0.0,0.0,0.0,0.0,0.0
2022-04-03,Non-vaccinés,7631.58,2246.19,1980.36,911.51,196.05,138.88,16.45,13.21,17.55,14.89,
2022-04-03,Complet - avec 2 rappels de moins de 3 mois,406.93,65.62,63.96,26.03,9.05,5.44,0.24,0.0,1.54,1.5,1.0
2022-04-04,Complet - avec 1 rappel de moins de 3 mois,67345.41,26302.31,27431.99,17471.73,169.79,134.99,8.33,7.6,4.77,3.95,28.05
2022-04-06,Non-vaccinés,39548.59,14895.19,13456.21,7891.97,299.2,226.73,31.1,27.3,30.52,26.01,
2022-04-06,Complet - avec 2 rappels de moins de 3 mois,2343.47,469.09,526.59,246.39,24.42,19.0,4.59,4.36,0.64,0.5,1.08
2022-04-07,Complet - avec 1 rappel de moins de 3 mois,40677.92,16858.27,15959.89,10381.32,132.94,101.73,14.56,11.93,5.96,5.17,24.54
2022-04-08,Complet de moins de 3 mois - sans rappel,4576.0,1646.43,1584.31,944.63,31.55,20.92,2.77,2.6,2.89,2.1,2.43
2022-04-08,Complet - avec 3 rappels de moins de 3 mois,2.09,0.0,0.0,0.0,0.0,0.0,0.0,0.0,0.0,0.0,0.0
2022-04-11,Complet - avec 1 rappel de moins de 3 mois,46702.37,17680.46,18983.74,12103.44,159.97,129.66,15.79,13.75,7.14,6.07,20.61
2022-04-14,Complet de 6 mois ou plus - sans rappel,22196.76,7018.08,5924.3,3499.82,105.96,87.04,10.48,6.73,12.04,10.45,18.24
2022-04-14,Complet - avec 2 rappels de moins de 3 mois,2452.74,529.35,602.64,264.27,18.06,10.94,3.71,2.28,1.68,1.4,1.37
2022-04-14,Complet - avec 3 rappels de moins de 3 mois,11.36,2.11,2.08,1.02,0.0,0.0,1.0,1.0,0.0,0.0,0.0
2022-04-14,Complet - avec 3 rappels entre 3 et 6 mois ou plus,0.0,0.0,0.0,0.0,0.0,0.0,0.0,0.0,0.0,0.0,0.0
2022-04-15,Non-vaccinés,26609.74,8843.08,8280.67,4753.09,252.59,203.44,14.35,9.78,26.28,19.83,
2022-04-15,Complet - avec 2 rappels entre 3 mois et 6 mois,278.89,78.27,108.85,57.74,5.52,5.23,0.29,0.18,0.08,0.0,0.14
2022-04-16,Non-vaccinés,19879.79,5304.38,5460.59,2905.18,186.37,148.22,17.7,15.79,24.88,21.95,
2022-04-16,Complet - avec 3 rappels entre 3 et 6 mois ou plus,0.0,0.0,0.0,0.0,0.0,0.0,0.0,0.0,0.0,0.0,0.0
2022-04-17,Complet - avec 1 rappel de 6 mois ou plus,1489.03,239.24,330.52,98.45,68.75,56.04,8.93,7.4,18.25,15.2,2.98
2022-04-18,Complet de 6 mois ou plus - sans rappel,6850.01,1006.38,1101.5,455.52,72.82,57.52,10.14,6.11,12.51,10.19,18.42
2022-04-21,Complet - avec 1 rappel de moins de 3 mois,15272.18,4816.75,4552.75,2784.25,80.57,63.85,7.52,5.74,8.38,6.03,12.65
2022-04-23,Complet de moins de 3 mois - sans rappel,1702.43,331.13,365.58,191.75,10.73,7.24,2.23,2.04,1.55,1.08,1.66
2022-04-23,Complet entre 3 mois et 6 mois - sans rappel,4063.89,812.29,872.08,448.14,28.15,24.5,4.75,3.41,3.82,3.58,4.11
2022-04-25,Complet entre 3 mois et 6 mois - sans rappel,6902.22,1825.68,1865.99,1067.52,39.07,28.14,3.54,3.26,6.02,5.57,4.1
2022-04-25,Complet - avec 1 rappel entre 3 mois et 6 mois,112036.81,32920.96,37911.27,22375.67,529.42,430.76,62.26,50.64,39.34,30.81,57.95
2022-04-25,Complet - avec 3 rappels entre 3 et 6 mois ou plus,2.13,0.06,0.06,0.06,0.0,0.0,0.0,0.0,0.0,0.0,0.0
2022-04-26,Primo dose récente,66.37,12.38,11.13,6.16,0.07,0.07,1.0,1.0,0.0,0.0,0.03
2022-04-26,Complet - avec 2 rappels de moins de 3 mois,3585.27,524.71,584.08,216.9,37.29,25.15,6.45,4.11,4.47,4.07,1.81
2022-04-26,Complet - avec 2 rappels entre 3 mois et 6 mois,469.38,102.78,109.51,56.34,4.87,4.44,1.37,1.17,1.21,1.1,0.23
2022-04-27,Primo dose récente,56.71,7.93,5.58,3.7,0.0,0.0,0.0,0.0,0.0,0.0,0.03
2022-04-27,Complet - avec 3 rappels de moins de 3 mois,10.36,0.08,0.29,0.0,0.03,0.0,0.0,0.0,0.0,0.0,0.0
2022-05-01,Complet de moins de 3 mois - sans rappel,389.68,59.35,49.31,20.96,6.87,6.78,0.0,0.0,1.11,1.06,1.29
2022-05-01,Complet - avec 1 rappel de moins de 3 mois,2249.83,281.29,256.09,104.98,14.94,11.78,2.25,2.18,1.01,0.73,8.12
2022-05-03,Complet - avec 3 rappels de moins de 3 mois,3.67,1.22,2.19,1.15,0.03,0.0,0.0,0.0,0.0,0.0,0.0
2022-05-04,Complet - avec 1 rappel entre 3 mois et 6 mois,66102.84,14866.11,15343.32,8649.98,337.49,261.74,40.79,35.1,46.38,41.05,60.17
2022-05-04,Complet - avec 3 rappels entre 3 et 6 mois ou plus,1.02,1.0,1.0,1.0,0.0,0.0,0.0,0.0,0.25,0.25,0.0
2022-05-05,Complet de moins de 3 mois - sans rappel,1087.68,242.31,231.07,120.39,12.21,9.38,2.2,2.2,1.08,0.01,1.12
2022-05-05,Complet - avec 3 rappels de moins de 3 mois,8.54,0.18,0.33,0.14,0.0,0.0,0.0,0.0,0.0,0.0,0.0
2022-05-09,Complet - avec 3 rappels de moins de 3 mois,7.11,0.24,0.49,0.12,0.0,0.0,0.0,0.0,0.0,0.0,0.0
2022-05-12,Complet - avec 2 rappels de moins de 3 mois,2597.4,331.87,293.5,111.13,27.24,22.91,1.72,1.45,0.52,0.29,2.42
2022-05-13,Complet - avec 2 rappels de moins de 3 mois,3088.93,362.3,303.43,132.22,19.2,15.96,3.65,3.07,2.23,2.04,2.48
2022-05-15,Complet entre 3 mois et 6 mois - sans rappel,1014.98,105.96,92.27,37.62,6.22,4.86,1.16,1.02,2.4,2.3,4.06
2022-05-17,Non-vaccinés,18531.41,3450.38,2696.63,1407.72,104.1,81.57,8.61,8.25,14.02,10.37,
2022-05-19,Complet - avec 1 rappel de 6 mois ou plus,6291.44,1088.08,1104.84,534.97,72.44,58.62,8.67,6.88,14.41,10.55,7.29
2022-05-21,Complet de 6 mois ou plus - sans rappel,11396.33,1108.08,817.74,367.3,25.6,19.07,7.94,6.88,6.93,6.1,19.51
2022-06-13,Complet - avec 2 rappels de moins de 3 mois,6727.08,771.63,853.04,396.68,39.88,30.92,2.88,2.6,1.07,1.0,3.54
2022-06-14,Complet de 6 mois ou plus - sans rappel,17247.77,3383.83,2558.53,1413.3,47.6,35.85,10.06,5.62,5.57,4.9,20.3
2022-06-15,Complet de moins de 3 mois - sans rappel,403.82,64.92,52.31,27.8,1.59,1.14,0.01,0.01,0.0,0.0,0.3
2022-06-15,Complet - avec 3 rappels entre 3 et 6 mois ou plus,1.23,1.11,0.11,0.09,0.08,0.0,0.0,0.0,0.0,0.0,0.0
2022-06-16,Complet - avec 1 rappel de 6 mois ou plus,23200.52,7036.78,7405.59,4485.37,182.62,149.18,19.48,17.87,9.23,4.68,27.64
2022-06-17,Primo dose efficace,926.97,149.75,156.27,63.54,10.03,7.42,0.05,0.0,2.06,2.0,1.11
2022-06-17,Complet - avec 2 rappels de moins de 3 mois,4321.9,657.18,648.89,293.04,40.26,31.08,1.72,1.34,2.48,2.39,3.65
2022-06-23,Complet de moins de 3 mois - sans rappel,403.58,65.24,64.61,36.12,1.18,1.09,1.22,1.12,0.0,0.0,0.27
2022-06-24,Primo dose efficace,1163.23,234.51,200.99,99.86,4.69,3.45,0.01,0.0,2.02,2.02,1.1
2022-06-25,Complet entre 3 mois et 6 mois - sans rappel,2290.16,438.96,454.27,233.43,11.31,8.4,0.37,0.27,1.0,1.0,2.65
2022-06-25,Complet - avec 3 rappels de moins de 3 mois,10.57,1.18,1.49,0.03,0.02,0.01,0.0,0.0,0.0,0.0,0.01
2022-06-29,Complet - avec 1 rappel de 6 mois ou plus,66033.81,24000.8,24953.87,15896.03,363.52,278.82,62.53,51.86,15.31,10.08,38.69
2022-06-30,Primo dose récente,55.57,7.67,7.88,1.17,1.3,1.25,0.0,0.0,0.0,0.0,0.02
2022-06-30,Complet - avec 1 rappel entre 3 mois et 6 mois,37240.61,16045.05,15567.49,10436.32,155.73,126.8,16.54,13.68,6.34,4.45,29.16
2022-07-01,Primo dose efficace,1618.47,330.63,304.69,156.37,10.23,7.92,0.08,0.0,0.25,0.25,1.1
2022-07-01,Complet - avec 2 rappels de moins de 3 mois,6422.13,1414.34,1577.34,762.03,63.62,49.8,4.4,3.36,1.72,1.25,3.97
2022-07-02,Complet entre 3 mois et 6 mois - sans rappel,2725.46,600.69,638.39,334.38,11.89,7.69,0.04,0.04,0.62,0.06,2.47
2022-07-02,Complet - avec 1 rappel de moins de 3 mois,1983.43,237.86,235.49,94.69,9.54,7.19,0.0,0.0,1.11,1.0,1.37
2022-07-03,Complet - avec 3 rappels entre 3 et 6 mois ou plus,2.06,1.0,0.06,0.0,0.0,0.0,0.0,0.0,0.0,0.0,0.0
2022-07-04,Complet de 6 mois ou plus - sans rappel,42052.95,11347.03,10971.01,6505.66,135.15,110.32,15.45,12.98,4.56,2.46,20.8
2022-07-06,Complet de 6 mois ou plus - sans rappel,34306.9,9473.29,8513.25,4921.11,121.96,96.94,10.81,8.26,13.15,10.43,20.87
2022-07-07,Primo dose récente,67.81,14.01,8.72,5.61,0.08,0.0,0.01,0.0,0.0,0.0,0.03
2022-07-08,Non-vaccinés,31569.64,9129.92,8139.18,4535.33,194.7,138.4,14.87,9.6,12.77,8.53,
2022-07-08,Complet de 6 mois ou plus - sans rappel,30660.19,8418.19,7370.99,4214.46,106.13,85.46,14.1,10.6,3.1,1.3,20.96
2022-07-08,Complet - avec 1 rappel entre 3 mois et 6 mois,33065.68,13191.62,13509.28,8492.79,162.99,126.88,17.1,14.46,4.49,2.69,23.18
2022-07-10,Non-vaccinés,7333.67,1292.12,1376.75,517.48,170.43,120.2,18.99,14.0,9.44,7.44,
2022-07-10,Primo dose efficace,387.77,38.68,53.55,13.56,9.87,8.76,1.12,1.0,1.11,1.1,1.09
2022-07-11,Complet - avec 3 rappels de moins de 3 mois,40.52,6.0,9.21,3.45,2.15,2.15,0.0,0.0,0.0,0.0,0.01
2022-07-13,Complet - avec 1 rappel de moins de 3 mois,2749.14,487.25,465.94,206.72,14.24,10.34,0.07,0.06,1.21,1.16,1.36
2022-07-15,Complet - avec 2 rappels entre 3 mois et 6 mois,3337.21,797.06,1033.56,494.02,34.87,24.74,2.4,2.13,2.22,1.61,1.78
2022-07-17,Primo dose efficace,350.24,64.68,66.97,33.05,8.16,6.88,0.58,0.38,1.08,1.0,1.08
2022-07-18,Complet - avec 1 rappel entre 3 mois et 6 mois,23551.92,8757.43,9392.67,6113.35,102.9,80.3,7.3,6.64,10.52,7.9,14.6
2022-07-18,Complet - avec 3 rappels entre 3 et 6 mois ou plus,18.73,3.36,4.64,1.3,0.19,0.0,1.22,1.2,0.0,0.0,0.0
2022-07-20,Primo dose efficace,1437.05,283.02,279.61,136.47,8.37,7.26,4.27,4.25,1.45,0.11,1.08
2022-07-21,Primo dose récente,49.93,6.45,3.82,2.17,0.31,0.15,0.0,0.0,0.0,0.0,0.02
2022-07-21,Complet - avec 1 rappel de 6 mois ou plus,51661.66,19208.49,19291.18,11999.74,490.07,380.99,56.2,47.28,49.86,35.98,53.5
2022-07-24,Primo dose efficace,366.65,44.45,53.02,19.61,7.02,6.53,0.04,0.01,3.3,1.07,1.08
2022-07-24,Complet - avec 3 rappels entre 3 et 6 mois ou plus,2.27,0.12,0.16,0.11,0.01,0.0,0.0,0.0,0.0,0.0,0.0
2022-07-26,Complet - avec 3 rappels entre 3 et 6 mois ou plus,6.44,1.18,2.69,1.16,0.0,0.0,0.0,0.0,1.0,1.0,0.0
2022-07-27,Complet - avec 3 rappels entre 3 et 6 mois ou plus,6.78,0.12,0.3,0.11,0.0,0.0,0.04,0.0,0.0,0.0,0.0
2022-12-17,Complet entre 3 mois et 6 mois - sans rappel,114.11,23.27,15.67,4.56,2.53,2.51,0.0,0.0,0.09,0.0,0.15
2022-12-20,Complet entre 3 mois et 6 mois - sans rappel,180.47,54.75,31.51,16.08,2.17,2.07,0.0,0.0,1.2,1.2,0.15
2022-12-22,Complet - avec 1 rappel de moins de 3 mois,436.43,115.67,50.08,22.3,5.87,5.61,0.0,0.0,0.0,0.0,0.38
2022-12-23,Complet - avec 1 rappel de 6 mois ou plus,40921.55,18590.15,10321.38,6393.2,382.76,302.06,50.3,41.18,55.13,46.37,58.46
2022-12-24,Complet - avec 3 rappels de moins de 3 mois,1055.27,281.44,188.84,86.96,10.6,8.8,2.21,2.14,4.96,3.63,1.81
2022-01-27,Complet - avec 1 rappel de moins de 3 mois,158714.89,43746.45,42204.61,20937.88,570.75,448.74,69.97,55.77,37.39,26.71,56.69
2022-01-27,Complet - avec 2 rappels de moins de 3 mois,592.18,100.15,119.85,48.0,7.12,4.58,1.3,1.08,0.0,0.0,0.19
2022-01-28,Complet - avec 1 rappel de moins de 3 mois,160974.59,42305.86,43121.66,20243.91,530.46,415.08,50.69,38.73,72.58,62.29,57.12
2022-04-12,Primo dose efficace,1989.04,511.61,486.87,248.54,11.93,9.53,0.4,0.34,2.59,2.08,1.17
2022-04-12,Complet de moins de 3 mois - sans rappel,4187.38,1440.44,1321.81,812.33,24.45,18.7,1.4,1.25,0.92,0.69,2.22
2022-04-12,Complet - avec 1 rappel de moins de 3 mois,34602.45,12435.65,12086.23,7557.58,150.54,120.19,10.72,9.32,5.86,4.79,19.65
2022-04-12,Complet - avec 1 rappel de 6 mois ou plus,9837.77,1827.94,2978.11,1214.31,122.92,96.04,11.7,9.84,16.28,10.59,2.51
2022-04-12,Complet - avec 2 rappels entre 3 mois et 6 mois,350.84,96.13,124.79,72.16,1.92,1.33,2.18,2.17,0.57,0.55,0.11
2022-04-23,Complet - avec 1 rappel entre 3 mois et 6 mois,65478.36,14581.17,17527.7,9398.27,351.25,290.29,50.37,44.99,47.97,42.75,57.49
2022-04-23,Complet - avec 2 rappels entre 3 mois et 6 mois,333.07,52.26,63.76,25.61,1.63,1.4,1.0,1.0,0.07,0.05,0.21
2022-04-24,Complet - avec 1 rappel de moins de 3 mois,3621.78,536.48,598.96,240.62,31.46,25.75,4.83,3.53,1.53,0.75,10.89
2022-04-24,Complet - avec 2 rappels entre 3 mois et 6 mois,83.28,18.93,19.67,10.45,3.32,2.32,0.22,0.2,0.0,0.0,0.22
2022-04-25,Complet - avec 2 rappels de 6 mois ou plus,10.9,1.48,2.53,1.23,0.0,0.0,0.0,0.0,0.21,0.0,0.0
2022-05-02,Primo dose efficace,1584.7,228.43,227.42,112.03,11.98,9.0,0.03,0.0,1.18,1.09,1.15
2022-05-03,Complet - avec 2 rappels de moins de 3 mois,3647.51,412.33,437.15,153.82,28.03,21.15,2.28,2.17,1.46,1.42,2.07
2022-05-05,Complet - avec 1 rappel de 6 mois ou plus,6119.27,1147.64,1414.21,621.01,98.82,80.46,18.83,16.61,22.56,18.92,4.69
2022-05-05,Complet - avec 2 rappels entre 3 mois et 6 mois,330.27,66.04,67.05,36.16,5.11,3.11,1.03,1.0,0.46,0.44,0.31
2022-05-06,Complet entre 3 mois et 6 mois - sans rappel,3684.99,795.37,737.82,395.74,15.32,12.05,2.14,1.01,3.56,2.4,4.12
2022-05-09,Complet de moins de 3 mois - sans rappel,1386.18,284.59,287.31,162.6,5.14,4.6,1.02,1.01,0.39,0.2,0.97
2022-05-09,Complet - avec 3 rappels entre 3 et 6 mois ou plus,5.15,2.04,0.02,0.0,0.0,0.0,0.0,0.0,0.0,0.0,0.0
2022-05-10,Complet - avec 2 rappels de 6 mois ou plus,21.12,0.22,0.26,0.17,0.0,0.0,0.0,0.0,0.2,0.0,0.0
2022-05-11,Primo dose efficace,1134.11,159.9,137.25,64.91,9.63,7.8,2.05,2.02,0.36,0.19,1.13
2022-05-12,Complet - avec 1 rappel de moins de 3 mois,4825.62,833.85,602.5,336.72,24.98,18.2,1.58,1.36,0.59,0.53,4.98
2022-05-13,Primo dose efficace,886.1,147.8,109.01,59.0,8.92,5.32,1.0,1.0,0.01,0.01,1.13
2022-07-05,Complet - avec 3 rappels entre 3 et 6 mois ou plus,6.76,0.11,0.15,0.05,0.1,0.09,0.0,0.0,0.0,0.0,0.0
2022-07-07,Complet - avec 1 rappel entre 3 mois et 6 mois,33869.98,14790.64,14392.79,9508.06,154.15,115.44,18.78,14.35,5.81,4.6,24.48
2022-07-08,Primo dose efficace,1592.65,354.15,356.68,171.2,15.84,12.3,0.21,0.15,0.05,0.0,1.09
2022-07-08,Complet - avec 1 rappel de moins de 3 mois,2571.3,497.64,448.5,203.9,9.73,6.72,1.15,1.08,0.39,0.29,1.35
2022-07-09,Complet de moins de 3 mois - sans rappel,487.94,58.31,47.1,20.82,2.52,2.12,1.46,1.37,0.0,0.0,0.24
2022-07-09,Complet - avec 2 rappels entre 3 mois et 6 mois,1835.43,371.96,412.6,209.34,40.39,33.47,2.83,2.71,1.36,1.12,1.54
2022-07-10,Complet de 6 mois ou plus - sans rappel,6812.38,1020.95,1196.15,471.15,86.34,69.73,12.46,9.81,8.14,6.23,21.04
2022-07-13,Complet - avec 1 rappel de 6 mois ou plus,69206.8,26453.47,28262.31,17430.42,550.89,430.46,50.44,42.52,56.29,48.93,48.93
2022-07-16,Complet - avec 3 rappels de moins de 3 mois,25.85,6.26,5.29,4.11,0.02,0.0,0.0,0.0,0.0,0.0,0.02
2022-07-16,Complet - avec 3 rappels entre 3 et 6 mois ou plus,8.35,3.09,5.08,3.01,0.0,0.0,0.0,0.0,0.0,0.0,0.0
2022-07-17,Complet - avec 1 rappel de moins de 3 mois,551.16,71.31,63.48,23.69,5.2,2.93,0.32,0.3,1.24,1.17,1.37
2022-07-21,Complet de 6 mois ou plus - sans rappel,22006.37,5409.73,4625.23,2656.44,127.77,102.53,15.25,12.36,8.3,6.51,21.34
2022-07-21,Complet - avec 1 rappel de moins de 3 mois,1899.06,332.66,295.67,139.37,12.29,8.78,2.17,2.03,0.12,0.02,1.4
2022-07-21,Complet - avec 2 rappels de moins de 3 mois,5915.47,1427.72,1567.16,789.68,64.44,48.67,8.81,8.36,4.92,4.13,6.0
2022-07-23,Primo dose efficace,1026.19,142.79,155.74,65.11,12.13,10.26,0.2,0.0,0.61,0.11,1.08
2022-07-23,Complet de 6 mois ou plus - sans rappel,19385.48,2876.12,2550.44,1273.64,68.74,50.42,9.13,5.92,8.51,6.37,21.41
2022-07-23,Complet - avec 2 rappels de moins de 3 mois,5460.95,777.88,857.18,378.54,47.24,31.32,10.45,8.17,4.97,4.19,6.03
2022-07-23,Complet - avec 3 rappels entre 3 et 6 mois ou plus,4.5,1.16,2.25,1.14,0.11,0.0,0.2,0.2,0.0,0.0,0.0
2022-07-24,Complet de moins de 3 mois - sans rappel,116.67,7.74,11.78,2.26,2.27,2.22,0.0,0.0,1.07,1.0,0.24
2022-07-25,Primo dose efficace,1721.23,282.95,301.88,146.2,10.49,9.14,2.43,2.15,1.69,1.12,1.08
2022-07-25,Complet - avec 2 rappels de moins de 3 mois,10290.65,1893.17,2102.04,1032.53,81.66,62.21,4.73,1.89,4.28,3.87,6.06
2022-07-25,Complet - avec 2 rappels de 6 mois ou plus,419.56,101.1,101.82,64.16,3.66,3.56,0.03,0.03,0.0,0.0,0.21
2022-07-27,Primo dose récente,65.28,5.46,11.4,5.34,2.03,2.0,0.0,0.0,0.0,0.0,0.02
2022-07-27,Complet - avec 2 rappels de moins de 3 mois,6648.8,1194.88,1217.15,593.04,51.38,36.16,6.81,4.96,4.88,4.27,6.27
2022-07-27,Complet - avec 2 rappels de 6 mois ou plus,284.93,60.87,62.25,33.62,4.56,3.49,0.03,0.03,1.06,1.06,0.23
2022-07-28,Complet - avec 1 rappel de 6 mois ou plus,43244.14,13853.48,12555.67,7634.5,384.12,300.6,44.58,38.89,40.76,28.88,56.06
2022-07-31,Primo dose efficace,295.73,24.58,33.87,14.39,3.31,2.67,0.39,0.39,0.35,0.08,1.07
2022-08-04,Complet - avec 1 rappel de moins de 3 mois,1279.61,173.93,117.19,47.29,4.56,3.56,0.23,0.23,1.07,1.0,1.34
2022-08-07,Complet entre 3 mois et 6 mois - sans rappel,182.24,17.69,25.14,6.58,4.52,3.8,0.58,0.45,0.11,0.11,0.9
2022-08-09,Primo dose efficace,894.62,139.52,109.52,49.68,4.28,2.85,1.21,1.21,1.93,1.36,1.07
2022-08-14,Complet - avec 2 rappels de moins de 3 mois,1449.47,177.1,114.03,36.57,26.95,20.06,5.75,5.58,4.36,3.13,7.04
2022-08-16,Complet - avec 1 rappel de moins de 3 mois,1425.85,163.1,110.51,49.36,3.21,2.79,0.0,0.0,0.02,0.0,1.24
2022-08-17,Complet de 6 mois ou plus - sans rappel,11879.54,2239.65,1505.71,864.17,52.37,41.69,13.34,12.56,6.97,5.26,22.13
2022-08-18,Complet - avec 2 rappels de moins de 3 mois,3499.21,668.11,524.66,249.74,38.92,29.26,1.73,1.0,3.26,3.0,7.05
2022-08-19,Complet - avec 2 rappels entre 3 mois et 6 mois,2559.08,392.07,355.19,156.85,35.18,24.08,5.32,5.05,5.14,3.37,3.04
2022-08-20,Primo dose efficace,561.56,51.61,39.88,21.64,2.12,2.02,0.0,0.0,0.37,0.32,1.07
2022-08-20,Complet - avec 1 rappel de 6 mois ou plus,28289.71,4352.28,3763.81,2162.97,132.85,107.93,15.76,13.44,20.35,17.31,61.38
2022-08-21,Complet - avec 1 rappel entre 3 mois et 6 mois,495.69,58.94,44.32,16.64,7.6,5.54,0.25,0.25,2.06,2.0,2.69
2022-08-22,Complet - avec 1 rappel de moins de 3 mois,1200.9,145.36,100.12,40.37,3.53,2.21,0.02,0.02,0.1,0.0,1.18
2022-08-23,Complet - avec 1 rappel de moins de 3 mois,883.92,118.82,67.94,24.02,2.76,0.07,0.0,0.0,0.14,0.0,1.16
2022-08-23,Complet - avec 2 rappels de 6 mois ou plus,404.32,55.08,48.93,25.1,0.56,0.25,0.14,0.0,1.0,1.0,0.46
2022-08-24,Non-vaccinés,9508.44,1869.61,1328.67,728.7,56.8,42.07,7.79,6.44,7.4,6.11,
2022-08-26,Primo dose efficace,532.72,93.11,55.17,30.06,4.95,4.59,1.0,1.0,0.06,0.0,1.06
2022-08-29,Primo dose récente,20.37,1.13,0.04,0.0,0.0,0.0,0.0,0.0,0.0,0.0,0.01
2022-08-29,Complet - avec 2 rappels entre 3 mois et 6 mois,4735.96,503.62,488.67,237.0,32.81,24.67,3.2,2.0,3.93,3.28,3.28
2022-08-30,Non-vaccinés,10043.58,1769.11,1396.58,737.64,79.77,64.3,4.55,4.02,9.47,9.47,
2022-08-30,Complet - avec 1 rappel de 6 mois ou plus,39345.97,7422.6,5650.87,3424.06,186.89,155.69,32.7,27.68,15.56,11.56,62.1
2022-08-31,Complet entre 3 mois et 6 mois - sans rappel,256.93,53.65,35.22,22.32,0.12,0.02,0.26,0.26,0.0,0.0,0.36
2022-08-31,Complet - avec 2 rappels de moins de 3 mois,5553.22,620.03,482.77,236.76,24.32,20.17,2.14,1.6,3.06,2.58,6.96
2022-09-02,Primo dose récente,12.18,0.07,0.0,0.0,0.0,0.0,0.0,0.0,0.0,0.0,0.01
2022-09-02,Complet - avec 1 rappel de moins de 3 mois,717.74,89.83,51.32,25.41,3.33,3.15,0.0,0.0,0.0,0.0,1.08
2022-09-03,Non-vaccinés,8291.65,1052.84,795.76,371.32,36.31,28.42,3.76,2.55,5.2,4.81,
2022-09-03,Complet - avec 3 rappels de moins de 3 mois,65.27,6.35,3.33,2.2,0.0,0.0,0.0,0.0,0.0,0.0,0.06
2022-09-04,Primo dose efficace,208.98,21.65,11.69,4.13,1.16,0.67,0.0,0.0,0.06,0.06,1.06
2022-09-04,Complet - avec 2 rappels entre 3 mois et 6 mois,1182.31,123.49,70.18,21.82,13.85,10.56,0.03,0.03,4.53,4.17,3.55
2022-09-04,Complet - avec 3 rappels de moins de 3 mois,13.22,0.24,1.33,0.09,0.03,0.0,0.01,0.01,0.0,0.0,0.06
2022-09-05,Complet - avec 1 rappel de 6 mois ou plus,56830.18,9686.89,7998.75,5087.24,181.25,145.55,21.28,17.08,22.75,18.94,62.24
2022-09-05,Complet - avec 2 rappels de moins de 3 mois,9346.77,784.78,656.91,339.56,28.74,21.31,1.77,1.24,1.32,1.01,6.89
2022-09-05,Complet - avec 2 rappels de 6 mois ou plus,680.76,67.64,66.45,32.33,3.57,3.38,0.23,0.21,0.0,0.0,0.55
2022-09-06,Complet de moins de 3 mois - sans rappel,182.44,15.03,9.32,1.43,3.0,2.0,0.0,0.0,0.0,0.0,0.18
2022-09-06,Complet - avec 1 rappel de moins de 3 mois,944.23,116.66,47.55,27.14,2.78,2.64,0.1,0.0,0.31,0.31,1.05
2022-09-06,Complet - avec 2 rappels de moins de 3 mois,6783.87,619.77,431.1,210.72,21.57,17.54,3.85,2.07,0.32,0.32,6.91
2022-09-06,Complet - avec 3 rappels de moins de 3 mois,77.47,7.71,3.36,2.1,0.0,0.0,0.0,0.0,0.0,0.0,0.06
2022-09-08,Non-vaccinés,8910.96,2487.88,1683.93,1055.19,57.06,41.76,4.48,4.21,1.58,1.14,
2022-09-08,Complet - avec 1 rappel de moins de 3 mois,634.45,94.2,41.22,22.24,1.6,1.25,0.13,0.0,0.0,0.0,1.03
2022-09-09,Complet - avec 3 rappels de moins de 3 mois,56.09,3.89,1.41,1.18,0.0,0.0,0.11,0.11,0.0,0.0,0.06
2022-09-11,Complet - avec 2 rappels de moins de 3 mois,1583.36,159.41,86.69,35.21,15.83,13.39,0.24,0.24,2.08,2.0,6.8
2022-09-12,Primo dose efficace,962.27,172.2,128.12,82.19,2.69,2.2,0.01,0.0,0.1,0.0,1.06
2022-09-13,Primo dose efficace,829.62,167.06,109.43,66.4,2.28,1.91,0.37,0.31,0.2,0.2,1.06
2022-09-13,Complet de 6 mois ou plus - sans rappel,15233.16,3968.96,2154.37,1458.94,28.19,20.75,4.89,4.21,3.16,2.16,22.41
2022-09-14,Complet - avec 3 rappels de moins de 3 mois,74.48,12.66,7.82,5.37,0.0,0.0,0.01,0.01,0.0,0.0,0.07
2022-09-15,Primo dose récente,16.45,2.09,0.04,0.01,0.0,0.0,0.0,0.0,0.0,0.0,0.01
2022-09-15,Complet - avec 1 rappel de 6 mois ou plus,32465.77,10696.51,7338.15,5017.98,168.58,127.28,18.6,14.14,14.5,14.08,62.17
2022-09-15,Complet - avec 3 rappels de moins de 3 mois,57.55,9.59,7.69,5.33,2.2,2.2,1.0,1.0,0.04,0.04,0.07
2022-09-16,Complet - avec 1 rappel de 6 mois ou plus,38001.85,10623.0,7203.48,4776.37,173.25,133.3,16.49,13.23,12.9,9.07,62.14
2022-09-17,Primo dose récente,15.43,3.03,0.03,0.0,0.06,0.06,0.0,0.0,0.0,0.0,0.01
2022-09-17,Primo dose efficace,616.79,96.1,62.51,33.99,4.0,1.52,0.2,0.2,0.0,0.0,1.06
2022-09-18,Complet - avec 3 rappels de moins de 3 mois,20.2,0.16,0.24,0.06,1.0,0.0,0.0,0.0,0.25,0.0,0.07
2022-09-19,Primo dose efficace,1070.74,290.72,168.96,115.5,3.0,2.7,0.0,0.0,0.0,0.0,1.06
2022-09-19,Complet - avec 2 rappels entre 3 mois et 6 mois,6616.98,804.78,723.53,380.72,50.45,42.54,3.01,2.69,3.15,2.37,4.05
2022-09-19,Complet - avec 3 rappels entre 3 et 6 mois ou plus,25.75,4.54,1.62,1.25,0.0,0.0,0.0,0.0,0.0,0.0,0.01
2022-09-20,Complet entre 3 mois et 6 mois - sans rappel,258.63,60.66,44.81,23.05,0.34,0.0,0.0,0.0,0.0,0.0,0.26
2022-09-20,Complet - avec 2 rappels de 6 mois ou plus,844.22,131.66,101.98,55.12,7.62,4.76,0.11,0.0,1.0,1.0,0.77
2022-09-20,Complet - avec 3 rappels entre 3 et 6 mois ou plus,18.88,6.58,4.64,2.36,0.02,0.0,0.0,0.0,0.0,0.0,0.01
2022-09-21,Primo dose efficace,772.02,211.56,105.75,55.36,2.52,1.46,1.39,1.09,0.07,0.01,1.06
2022-09-21,Complet - avec 1 rappel de 6 mois ou plus,47928.14,14669.02,9856.9,6767.5,215.58,180.79,20.11,14.4,10.27,7.37,62.1
2022-09-22,Complet de 6 mois ou plus - sans rappel,13029.03,4811.18,2321.87,1564.38,53.31,43.07,9.24,7.83,1.9,0.42,22.41
2022-09-22,Complet - avec 1 rappel entre 3 mois et 6 mois,1068.97,296.88,160.59,93.71,7.58,6.02,0.34,0.23,0.17,0.0,1.5
2022-09-22,Complet - avec 1 rappel de 6 mois ou plus,36909.17,14107.91,9263.68,6412.58,249.37,193.03,21.96,17.38,15.37,13.08,62.1
2022-09-22,Complet - avec 2 rappels de moins de 3 mois,4142.5,997.8,722.91,447.59,43.54,39.1,5.52,4.98,4.28,4.1,6.52
2022-09-22,Complet - avec 2 rappels de 6 mois ou plus,603.75,138.11,117.2,62.16,7.75,4.65,1.53,1.45,0.06,0.0,0.85
2022-09-22,Complet - avec 3 rappels de moins de 3 mois,53.0,10.72,7.78,4.38,1.14,1.14,0.0,0.0,0.0,0.0,0.07
2022-09-24,Complet - avec 2 rappels entre 3 mois et 6 mois,4488.34,602.52,553.67,294.16,63.86,53.31,3.72,3.43,8.6,7.46,4.3
2022-09-25,Complet - avec 3 rappels de moins de 3 mois,15.03,2.2,0.17,0.08,0.11,0.11,0.05,0.0,0.0,0.0,0.07
2022-09-26,Complet - avec 1 rappel entre 3 mois et 6 mois,1948.38,432.93,269.28,161.09,16.32,11.59,1.07,0.07,0.09,0.0,1.48
2022-09-28,Non-vaccinés,14618.5,4616.05,2524.54,1524.18,91.68,68.48,7.89,4.43,6.56,4.9,
2022-09-28,Complet - avec 1 rappel entre 3 mois et 6 mois,1429.62,366.51,204.56,116.63,11.12,8.42,0.49,0.25,1.08,0.0,1.49
2022-09-30,Non-vaccinés,11567.69,3949.2,2200.08,1369.15,99.45,67.19,5.3,4.13,7.67,4.12,
2022-10-05,Complet - avec 3 rappels entre 3 et 6 mois ou plus,29.52,4.7,4.41,2.53,0.03,0.0,0.0,0.0,0.0,0.0,0.02
2022-10-06,Complet de 6 mois ou plus - sans rappel,13954.47,5519.55,3166.21,2139.62,82.6,66.39,5.91,4.54,9.22,6.77,22.42
2022-10-06,Complet - avec 2 rappels de moins de 3 mois,4847.85,1543.06,1310.67,811.6,61.05,49.64,8.01,7.76,3.74,3.34,5.16
2022-10-07,Primo dose récente,15.31,6.21,4.4,3.18,1.02,1.02,0.0,0.0,0.0,0.0,0.01
2022-10-07,Complet - avec 1 rappel de moins de 3 mois,671.97,177.73,113.26,65.38,7.25,5.84,0.12,0.01,0.0,0.0,0.66
2022-10-08,Complet - avec 1 rappel de moins de 3 mois,598.31,77.82,55.39,26.54,1.27,1.04,0.01,0.01,0.0,0.0,0.64
2022-10-08,Complet - avec 3 rappels entre 3 et 6 mois ou plus,42.88,10.39,8.88,3.32,0.0,0.0,0.0,0.0,0.0,0.0,0.02
2022-10-09,Complet - avec 2 rappels entre 3 mois et 6 mois,1966.26,286.53,327.78,105.99,74.92,58.68,9.47,8.66,3.96,2.2,5.78
2022-10-10,Non-vaccinés,19740.95,6601.21,4048.95,2567.09,141.67,98.71,9.56,8.55,6.53,5.0,
2022-10-10,Complet entre 3 mois et 6 mois - sans rappel,382.57,64.87,74.48,32.88,1.38,1.31,0.08,0.0,0.0,0.0,0.23
2022-10-10,Complet - avec 3 rappels entre 3 et 6 mois ou plus,68.51,20.97,20.0,11.13,0.15,0.13,0.0,0.0,0.0,0.0,0.02
2022-10-11,Primo dose récente,22.14,3.07,2.34,2.06,0.09,0.09,0.0,0.0,0.0,0.0,0.01
2022-10-11,Complet - avec 3 rappels entre 3 et 6 mois ou plus,69.03,9.65,16.14,5.88,2.15,2.09,0.0,0.0,0.0,0.0,0.02
2022-10-12,Non-vaccinés,15551.17,4965.67,2780.9,1642.2,135.32,109.3,14.63,12.92,6.92,5.53,
2022-10-12,Primo dose efficace,831.68,220.77,135.71,74.41,10.1,7.64,0.0,0.0,1.0,1.0,1.05
2022-10-12,Complet - avec 1 rappel de 6 mois ou plus,63631.68,22642.56,17938.24,11938.42,495.87,378.85,55.51,49.32,36.46,32.98,61.89
2022-10-13,Primo dose récente,12.11,1.11,1.24,0.07,0.06,0.06,0.0,0.0,0.0,0.0,0.01
2022-10-13,Complet - avec 1 rappel entre 3 mois et 6 mois,1264.88,381.28,276.71,142.58,15.45,13.0,2.6,2.31,1.14,1.08,1.5
2022-10-13,Complet - avec 2 rappels de moins de 3 mois,3836.13,1190.05,969.09,561.38,54.87,42.47,2.69,2.28,4.5,4.5,4.13
2022-10-14,Complet - avec 1 rappel de moins de 3 mois,596.78,147.21,101.5,58.41,6.61,4.96,0.02,0.0,0.02,0.0,0.56
2022-10-14,Complet - avec 2 rappels de moins de 3 mois,4868.41,1206.83,1027.94,559.69,47.85,38.07,3.4,3.23,5.24,5.08,4.16
2022-10-14,Complet - avec 3 rappels entre 3 et 6 mois ou plus,43.23,10.32,10.77,2.55,0.26,0.11,0.0,0.0,0.02,0.0,0.03
2022-10-16,Complet - avec 1 rappel de 6 mois ou plus,11962.98,2236.03,2283.5,1038.54,290.73,225.6,40.73,33.63,28.12,22.69,61.83
2022-10-17,Complet - avec 1 rappel de moins de 3 mois,906.95,191.53,118.44,58.95,7.85,4.58,1.0,1.0,0.02,0.0,0.54
2022-10-19,Primo dose efficace,855.22,199.01,128.68,71.47,5.82,3.92,1.0,1.0,1.14,1.12,1.05
2022-10-19,Complet entre 3 mois et 6 mois - sans rappel,231.68,47.79,38.71,18.92,1.43,1.3,0.25,0.25,0.0,0.0,0.23
2022-10-19,Complet de 6 mois ou plus - sans rappel,18147.57,5176.87,3168.83,2001.55,92.75,68.05,8.81,6.84,10.42,8.26,22.41
2022-10-19,Complet - avec 1 rappel de moins de 3 mois,627.06,128.4,82.98,42.85,1.61,1.23,0.05,0.0,1.14,1.12,0.51
2022-10-19,Complet - avec 1 rappel de 6 mois ou plus,59689.12,19519.87,15368.44,9943.4,422.87,331.67,51.33,40.95,31.69,27.71,61.74
2022-10-20,Complet de 6 mois ou plus - sans rappel,13868.1,4680.07,2686.58,1723.57,76.3,57.74,12.46,10.47,10.08,8.8,22.41
2022-10-21,Primo dose efficace,696.16,187.92,114.58,69.96,8.59,6.53,0.0,0.0,0.72,0.25,1.05
2022-10-21,Complet - avec 1 rappel de 6 mois ou plus,45743.7,15724.94,12077.52,7604.57,377.11,285.33,50.54,41.99,32.43,24.7,61.66
2022-10-23,Complet - avec 1 rappel de moins de 3 mois,96.07,9.07,6.82,2.2,3.43,2.21,0.02,0.0,0.0,0.0,0.46
2022-10-23,Complet - avec 2 rappels de moins de 3 mois,885.36,132.44,124.66,46.0,26.25,23.15,2.48,2.28,2.63,2.4,3.51
2022-10-24,Complet de 6 mois ou plus - sans rappel,20594.38,4928.61,3478.34,2109.27,93.54,70.48,16.77,14.25,7.03,6.0,22.4
2022-10-25,Complet - avec 1 rappel entre 3 mois et 6 mois,1401.53,296.11,203.87,116.27,8.84,5.28,2.39,2.2,0.09,0.0,1.46
2022-10-27,Complet - avec 2 rappels entre 3 mois et 6 mois,3072.04,634.4,608.59,274.18,92.16,66.15,11.7,10.38,11.2,9.03,7.07
2022-10-27,Complet - avec 3 rappels entre 3 et 6 mois ou plus,24.86,4.07,6.2,1.5,0.06,0.06,0.0,0.0,1.02,1.0,0.04
2022-10-28,Primo dose récente,5.62,0.06,0.05,0.0,0.0,0.0,0.0,0.0,0.0,0.0,0.01
2022-10-30,Complet de 6 mois ou plus - sans rappel,2033.3,275.42,202.49,64.87,37.21,27.05,3.39,2.2,8.6,6.98,22.39
2022-11-01,Non-vaccinés,2860.51,729.89,267.47,100.99,74.2,60.85,11.07,10.38,13.58,11.51,
2022-11-01,Complet - avec 1 rappel de 6 mois ou plus,7839.92,1135.57,1082.23,393.39,186.68,144.86,27.82,22.27,27.37,22.48,61.24
2022-11-01,Complet - avec 3 rappels de moins de 3 mois,53.19,6.56,5.52,1.2,2.26,2.26,0.0,0.0,1.25,1.25,0.23
2022-11-01,Complet - avec 3 rappels entre 3 et 6 mois ou plus,22.28,4.2,4.42,1.06,1.16,1.16,0.0,0.0,0.17,0.17,0.05
2022-11-02,Complet de 6 mois ou plus - sans rappel,14241.58,3595.46,2417.44,1520.26,65.17,51.48,7.05,6.4,7.74,6.96,22.39
2022-11-02,Complet - avec 1 rappel de moins de 3 mois,412.53,76.57,43.65,21.06,0.33,0.17,0.0,0.0,1.04,1.0,0.39
2022-11-03,Complet - avec 2 rappels entre 3 mois et 6 mois,5642.41,1501.34,1278.38,695.89,91.89,69.92,9.39,8.92,9.76,7.54,7.26
2022-11-04,Non-vaccinés,7896.29,2225.92,989.37,545.61,88.58,69.62,6.8,5.71,7.71,6.1,
2022-11-04,Complet de moins de 3 mois - sans rappel,62.46,10.74,8.8,3.36,0.07,0.06,0.0,0.0,0.0,0.0,0.09
2022-11-05,Non-vaccinés,7897.79,1442.17,705.15,343.88,62.21,43.23,3.01,2.27,10.05,5.73,
2022-11-07,Primo dose récente,23.25,1.04,0.1,0.03,0.0,0.0,0.0,0.0,0.0,0.0,0.01
2022-11-08,Complet - avec 1 rappel de 6 mois ou plus,43013.64,10764.13,7474.49,4532.25,273.12,214.21,34.51,30.89,28.19,24.18,60.99
2022-11-08,Complet - avec 2 rappels de 6 mois ou plus,3698.76,631.04,572.3,251.16,58.1,44.96,3.63,3.48,7.21,6.42,2.66
2022-11-08,Complet - avec 3 rappels entre 3 et 6 mois ou plus,80.23,11.33,12.87,4.54,0.4,0.0,0.2,0.2,1.16,0.0,0.05
2022-11-09,Complet - avec 1 rappel entre 3 mois et 6 mois,752.75,179.63,119.66,64.03,8.71,6.97,0.03,0.03,0.05,0.0,1.33
2022-11-10,Complet - avec 2 rappels de moins de 3 mois,2147.95,477.91,274.61,161.08,15.27,13.33,1.16,1.14,1.1,1.0,3.16
2022-11-10,Complet - avec 2 rappels entre 3 mois et 6 mois,4967.86,1264.25,1063.9,544.25,80.89,65.31,8.18,6.84,8.71,6.07,7.28
2022-11-11,Complet de 6 mois ou plus - sans rappel,2530.15,391.99,256.26,107.26,43.5,38.74,5.78,5.21,7.22,6.49,22.38
2022-11-11,Complet - avec 1 rappel de moins de 3 mois,82.67,14.35,4.12,1.19,0.19,0.07,0.14,0.14,0.12,0.0,0.37
2022-11-11,Complet - avec 2 rappels de moins de 3 mois,669.06,108.08,56.04,19.59,14.77,10.54,1.56,1.31,1.32,1.32,3.18
2022-11-11,Complet - avec 2 rappels entre 3 mois et 6 mois,1466.17,229.5,196.92,61.53,39.14,32.78,5.4,4.95,5.16,4.24,7.26
2022-11-12,Complet - avec 3 rappels de moins de 3 mois,490.78,39.93,30.2,9.36,4.16,3.13,1.03,1.02,1.02,1.0,0.4
2022-11-13,Complet de moins de 3 mois - sans rappel,18.62,5.8,2.37,1.09,0.0,0.0,0.23,0.17,0.0,0.0,0.09
2022-11-15,Non-vaccinés,6884.25,1444.25,708.15,321.57,106.51,85.84,5.77,4.92,14.42,10.91,
2022-11-15,Complet - avec 1 rappel de moins de 3 mois,264.49,35.22,28.05,10.55,3.43,2.56,1.04,1.0,0.01,0.01,0.37
2022-11-16,Non-vaccinés,6607.65,1477.95,643.88,312.58,95.08,70.99,4.88,4.25,8.79,7.59,
2022-11-16,Primo dose récente,10.91,2.43,0.0,0.0,0.0,0.0,0.0,0.0,0.0,0.0,0.01
2022-11-16,Complet - avec 3 rappels entre 3 et 6 mois ou plus,62.39,6.81,4.81,1.38,1.89,1.27,0.0,0.0,0.11,0.07,0.06
2022-11-17,Complet - avec 3 rappels entre 3 et 6 mois ou plus,70.19,11.88,15.89,7.92,0.98,0.09,0.0,0.0,0.0,0.0,0.06
2022-11-18,Primo dose récente,12.6,2.04,1.08,1.04,0.0,0.0,0.0,0.0,0.0,0.0,0.01
2022-11-19,Complet de moins de 3 mois - sans rappel,69.06,9.87,8.99,4.32,0.01,0.0,0.0,0.0,0.0,0.0,0.08
2022-11-19,Complet de 6 mois ou plus - sans rappel,9159.17,1853.87,1349.71,810.44,46.12,37.7,15.1,13.45,2.1,1.94,22.37
2022-11-19,Complet - avec 1 rappel de 6 mois ou plus,35463.45,6307.4,5228.96,3235.26,191.43,147.55,32.36,25.47,25.71,19.26,60.65
2022-11-22,Complet entre 3 mois et 6 mois - sans rappel,177.31,46.99,34.44,17.47,3.2,2.18,0.0,0.0,0.12,0.12,0.18
2022-11-22,Complet - avec 1 rappel de 6 mois ou plus,49278.84,14206.63,11011.67,7163.62,326.43,262.58,40.21,33.82,27.91,19.24,60.62
2022-11-23,Complet - avec 2 rappels de 6 mois ou plus,4145.99,769.52,796.81,367.14,81.89,66.27,7.05,5.63,1.49,0.77,3.18
2022-11-24,Complet de 6 mois ou plus - sans rappel,10933.07,4684.55,2865.89,1981.26,66.3,50.49,7.47,6.83,5.43,5.19,22.37
2022-11-24,Complet - avec 1 rappel entre 3 mois et 6 mois,772.08,254.19,172.14,106.02,10.01,7.05,2.09,1.09,0.05,0.0,1.15
2022-11-24,Complet - avec 1 rappel de 6 mois ou plus,34460.13,13960.17,10518.82,7192.94,338.09,266.52,50.66,41.54,22.15,19.83,60.51
2022-11-26,Complet - avec 1 rappel de 6 mois ou plus,38226.04,8156.8,7043.85,4354.82,256.36,190.88,34.3,28.86,27.68,19.58,60.37
2022-11-27,Non-vaccinés,3715.16,1078.68,394.95,162.65,83.49,58.38,7.57,6.16,6.55,3.97,
2022-11-27,Complet de 6 mois ou plus - sans rappel,3093.8,631.5,502.22,245.3,63.53,52.0,5.82,5.35,5.89,4.23,22.36
2022-11-28,Non-vaccinés,18735.4,7197.74,3542.34,2306.08,133.44,103.71,19.67,16.46,7.86,6.52,
2022-11-28,Complet de moins de 3 mois - sans rappel,132.26,33.01,20.72,13.13,0.09,0.09,0.0,0.0,0.0,0.0,0.08
2022-11-28,Complet - avec 1 rappel de moins de 3 mois,650.3,123.58,91.86,45.62,4.02,2.22,0.0,0.0,0.0,0.0,0.36
2022-11-28,Complet - avec 1 rappel entre 3 mois et 6 mois,1508.73,383.85,319.06,182.84,13.25,10.44,0.17,0.12,0.0,0.0,1.14
2022-11-29,Non-vaccinés,14874.16,5809.57,2590.37,1597.25,128.27,100.53,11.5,8.43,10.69,8.11,
2022-11-29,Complet - avec 1 rappel de moins de 3 mois,485.16,109.48,65.23,29.23,7.35,5.39,0.0,0.0,0.0,0.0,0.36
2022-11-29,Complet - avec 1 rappel entre 3 mois et 6 mois,1189.05,302.38,238.56,135.54,11.3,7.19,2.39,2.3,0.12,0.0,1.13
2022-11-29,Complet - avec 1 rappel de 6 mois ou plus,57579.93,19743.36,15074.17,10124.75,443.72,349.2,48.24,38.91,44.04,32.18,60.33
2022-12-02,Complet - avec 2 rappels entre 3 mois et 6 mois,4974.24,896.84,966.42,440.03,136.8,103.54,9.05,7.92,5.19,3.61,6.99
2022-12-04,Complet - avec 1 rappel de 6 mois ou plus,11583.28,2487.84,2337.16,1111.78,290.89,228.58,42.31,35.33,37.91,30.05,60.12
2022-12-04,Complet - avec 2 rappels de moins de 3 mois,957.67,150.9,100.72,33.8,18.47,15.05,0.32,0.09,0.91,0.42,3.59
2022-12-05,Non-vaccinés,20619.19,8175.63,3754.67,2327.92,166.39,126.25,16.54,11.92,16.07,12.59,
2022-12-05,Complet - avec 1 rappel de 6 mois ou plus,85864.47,31029.05,25416.05,17337.97,529.51,410.2,59.51,47.33,21.79,14.57,60.12
2022-12-05,Complet - avec 2 rappels de 6 mois ou plus,8053.3,1638.67,1782.74,809.87,135.16,102.72,8.26,6.77,10.12,8.36,3.39
2022-12-06,Primo dose récente,21.31,4.85,5.57,2.47,0.12,0.12,1.0,1.0,0.0,0.0,0.01
2022-12-06,Complet - avec 1 rappel de 6 mois ou plus,61732.96,22388.55,16655.69,10978.33,514.84,416.12,62.62,49.87,32.85,25.92,60.07
2022-12-07,Complet - avec 1 rappel entre 3 mois et 6 mois,1128.45,322.15,231.01,114.17,17.37,13.91,2.24,2.09,0.28,0.15,1.06
2022-12-08,Complet - avec 1 rappel de moins de 3 mois,390.04,91.51,48.75,20.72,4.13,0.79,0.35,0.11,0.07,0.0,0.35
2022-12-08,Complet - avec 1 rappel de 6 mois ou plus,43419.39,20234.3,14090.56,9735.75,505.05,401.24,42.97,31.46,39.5,29.62,59.94
2022-12-09,Complet de moins de 3 mois - sans rappel,113.56,34.03,19.05,9.82,0.06,0.05,0.0,0.0,0.01,0.01,0.08
2022-12-09,Complet entre 3 mois et 6 mois - sans rappel,147.97,45.21,30.75,14.72,4.32,3.26,0.0,0.0,0.0,0.0,0.16
2022-12-09,Complet - avec 1 rappel de moins de 3 mois,453.75,107.39,55.35,24.86,5.41,2.45,0.05,0.05,0.15,0.15,0.35
2022-12-09,Complet - avec 3 rappels entre 3 et 6 mois ou plus,112.34,25.66,21.35,14.21,0.82,0.31,0.0,0.0,0.0,0.0,0.08
2022-12-11,Complet - avec 1 rappel entre 3 mois et 6 mois,263.44,59.18,50.5,27.5,5.24,2.73,0.14,0.14,0.34,0.2,1.01
2022-12-11,Complet - avec 2 rappels de 6 mois ou plus,1500.93,294.21,318.08,110.56,83.03,67.21,8.55,6.61,10.74,7.24,3.53
2022-12-14,Non-vaccinés,15890.26,5996.15,2132.67,1183.39,174.61,137.57,12.79,10.91,12.32,10.78,
2022-12-15,Primo dose récente,24.17,3.06,5.23,2.05,0.0,0.0,0.0,0.0,0.0,0.0,0.01
2022-12-15,Complet de moins de 3 mois - sans rappel,101.01,25.18,12.25,6.97,0.02,0.0,0.0,0.0,0.05,0.0,0.08
2022-12-15,Complet - avec 2 rappels de moins de 3 mois,3687.97,1124.78,628.89,329.6,48.3,39.72,4.05,3.73,3.77,3.44,4.07
2022-12-17,Complet - avec 2 rappels de moins de 3 mois,3461.29,667.1,415.94,212.26,34.71,23.06,6.16,5.95,3.53,3.35,4.32
2022-12-17,Complet - avec 2 rappels entre 3 mois et 6 mois,5957.95,1262.31,1198.77,608.38,100.02,68.07,14.73,10.03,14.46,10.05,6.62
2022-12-18,Primo dose efficace,203.4,42.93,23.26,8.01,6.8,5.86,0.01,0.0,0.04,0.0,1.04
2022-12-18,Complet de 6 mois ou plus - sans rappel,3216.09,712.82,442.11,191.9,66.4,53.45,10.41,9.95,9.62,7.89,22.31
2022-12-18,Complet - avec 1 rappel entre 3 mois et 6 mois,226.2,43.89,50.73,16.6,8.66,7.85,1.14,1.08,3.15,2.03,0.94
2022-12-18,Complet - avec 3 rappels entre 3 et 6 mois ou plus,34.48,8.62,5.07,3.3,0.22,0.19,0.0,0.0,0.0,0.0,0.08
2022-12-19,Non-vaccinés,17794.94,7139.91,2271.13,1252.48,182.28,129.01,19.16,14.24,18.89,13.79,
2022-12-19,Complet - avec 2 rappels entre 3 mois et 6 mois,11011.14,3024.84,2796.14,1482.69,173.08,134.14,24.76,21.35,13.59,8.91,6.6
2022-12-19,Complet - avec 3 rappels de moins de 3 mois,2646.8,587.95,538.29,227.28,37.29,30.47,0.63,0.38,2.44,2.14,1.37
2022-12-20,Non-vaccinés,14803.24,6318.83,1711.44,920.44,169.79,128.76,15.15,13.37,16.85,14.06,
2022-12-21,Primo dose efficace,716.52,242.89,102.51,58.31,6.03,5.16,1.09,1.02,0.21,0.14,1.04
2022-12-21,Complet - avec 1 rappel de 6 mois ou plus,48307.07,21626.35,11840.28,7705.91,500.95,408.63,57.47,50.6,41.48,25.61,58.76
2022-12-21,Complet - avec 2 rappels de 6 mois ou plus,5061.66,1504.58,1323.53,601.86,142.91,106.61,14.32,10.58,14.48,9.13,3.62
2022-12-22,Complet - avec 1 rappel entre 3 mois et 6 mois,819.43,309.43,166.2,83.69,10.19,6.31,1.5,0.08,1.35,1.33,0.9
2022-12-24,Non-vaccinés,5996.27,2031.82,641.43,294.67,110.91,79.47,10.19,9.57,18.24,11.8,
2022-12-25,Non-vaccinés,3115.72,986.08,264.53,80.95,74.54,49.27,7.2,5.25,22.08,16.85,
2022-12-25,Complet - avec 3 rappels entre 3 et 6 mois ou plus,24.61,3.76,3.03,0.28,1.11,1.1,0.2,0.2,0.0,0.0,0.09
2022-12-28,Complet entre 3 mois et 6 mois - sans rappel,86.71,21.83,13.19,8.17,1.3,1.2,0.0,0.0,0.0,0.0,0.13
2022-12-28,Complet - avec 3 rappels entre 3 et 6 mois ou plus,112.92,37.24,21.8,13.13,0.37,0.37,0.0,0.0,0.37,0.25,0.09
2022-12-29,Complet - avec 3 rappels entre 3 et 6 mois ou plus,122.39,37.52,21.76,9.18,3.13,3.13,0.0,0.0,1.1,1.0,0.09
2022-12-30,Complet - avec 1 rappel de moins de 3 mois,416.78,109.61,30.3,16.71,2.42,2.33,0.11,0.0,1.17,1.0,0.41
2022-12-30,Complet - avec 2 rappels de 6 mois ou plus,4262.08,1166.43,762.42,354.58,76.85,58.29,7.03,6.42,15.12,11.5,4.03
2023-01-01,Primo dose efficace,154.46,27.83,9.81,3.31,1.88,0.75,0.05,0.01,1.04,1.0,1.03
2023-01-01,Complet - avec 2 rappels de moins de 3 mois,998.48,214.89,78.42,25.58,16.58,13.32,1.84,0.33,2.67,2.49,5.42
2023-01-02,Complet entre 3 mois et 6 mois - sans rappel,99.02,17.13,7.59,3.44,1.29,1.17,0.0,0.0,1.03,1.0,0.13
2023-01-02,Complet - avec 1 rappel de 6 mois ou plus,42688.04,10289.79,5313.01,3017.22,274.84,213.4,45.26,40.43,46.4,32.21,57.84
2023-01-03,Complet - avec 2 rappels de moins de 3 mois,3827.64,673.18,206.65,77.79,37.21,26.47,4.61,4.42,3.45,3.25,5.43
2023-01-04,Complet - avec 2 rappels de moins de 3 mois,3430.69,633.56,212.07,89.87,26.0,20.81,2.88,2.39,4.44,4.19,5.45
2023-01-05,Complet - avec 3 rappels entre 3 et 6 mois ou plus,61.15,17.06,11.95,4.74,1.38,1.15,0.24,0.03,0.12,0.0,0.1
2023-01-06,Primo dose récente,5.99,0.19,0.21,0.0,0.0,0.0,0.01,0.01,0.0,0.0,0.01
2023-01-06,Complet - avec 3 rappels de moins de 3 mois,1743.04,332.93,130.59,55.16,15.93,11.4,0.58,0.1,0.48,0.29,2.22
2023-01-07,Complet de 6 mois ou plus - sans rappel,6180.59,853.44,277.42,119.33,22.12,15.49,7.43,6.05,5.67,4.27,22.26
2023-01-08,Complet - avec 3 rappels entre 3 et 6 mois ou plus,29.35,3.56,3.67,0.06,1.38,1.18,0.02,0.0,0.01,0.01,0.11
2023-01-09,Complet de moins de 3 mois - sans rappel,77.33,8.23,6.86,1.08,0.56,0.11,0.0,0.0,0.0,0.0,0.08
2023-01-09,Complet entre 3 mois et 6 mois - sans rappel,92.35,9.89,8.06,2.2,1.0,1.0,0.0,0.0,1.29,1.29,0.11
2023-01-10,Complet - avec 2 rappels de moins de 3 mois,4657.82,447.23,171.83,51.08,18.35,14.35,3.89,3.53,1.41,0.0,5.45
2023-01-11,Complet - avec 2 rappels entre 3 mois et 6 mois,3637.99,460.5,244.28,73.29,30.0,19.71,6.5,6.25,7.19,3.12,4.37
2023-01-11,Complet - avec 2 rappels de 6 mois ou plus,5044.59,613.04,359.35,91.13,59.06,47.6,4.54,3.5,7.13,4.86,5.59
2023-01-12,Complet de moins de 3 mois - sans rappel,46.34,11.27,2.64,1.0,0.3,0.07,0.01,0.01,0.0,0.0,0.07
2023-01-12,Complet - avec 1 rappel de 6 mois ou plus,16615.07,3761.77,1462.5,722.46,129.66,101.19,23.27,19.52,32.05,29.72,57.63
2023-01-13,Complet - avec 2 rappels de moins de 3 mois,3392.98,444.48,121.93,45.87,11.92,9.95,6.21,6.07,2.24,2.12,5.48
2023-01-14,Primo dose récente,8.28,0.05,0.3,0.02,0.0,0.0,0.0,0.0,0.0,0.0,0.01
2023-01-14,Complet - avec 2 rappels de moins de 3 mois,4167.1,259.4,95.15,25.38,7.58,6.87,0.38,0.22,1.29,0.18,5.48
2023-01-14,Complet - avec 2 rappels de 6 mois ou plus,4711.3,340.1,223.59,47.65,32.54,26.84,3.55,3.13,10.88,8.25,5.74
2023-01-16,Complet de 6 mois ou plus - sans rappel,10964.83,1599.82,595.37,332.3,25.32,20.73,5.03,3.81,5.03,3.39,22.24
2023-01-16,Complet - avec 2 rappels entre 3 mois et 6 mois,5657.17,455.41,238.65,77.31,18.59,13.38,2.79,1.45,6.2,5.0,4.21
2023-01-17,Complet de moins de 3 mois - sans rappel,69.0,8.23,5.2,2.18,0.44,0.0,0.0,0.0,0.0,0.0,0.07
2023-01-17,Complet - avec 2 rappels de moins de 3 mois,4861.61,468.67,139.7,45.25,20.43,16.64,1.32,1.14,3.34,3.08,5.48
2023-01-18,Complet - avec 2 rappels de moins de 3 mois,3997.08,347.74,102.29,30.08,11.98,10.47,2.42,2.1,3.46,2.36,5.47
2023-01-18,Complet - avec 2 rappels de 6 mois ou plus,5000.06,517.74,257.77,66.06,38.53,29.76,5.19,3.38,9.84,8.37,5.96
2023-01-19,Complet - avec 1 rappel de 6 mois ou plus,14718.71,3063.12,1081.51,572.35,102.71,80.48,11.98,9.79,18.78,17.58,57.35
2023-01-19,Complet - avec 3 rappels de moins de 3 mois,1276.18,189.57,63.87,17.72,11.01,9.33,1.47,0.0,1.61,1.29,2.62
2023-01-20,Primo dose efficace,287.68,43.74,14.29,5.3,1.34,1.09,0.0,0.0,0.11,0.11,1.03
2023-01-20,Complet - avec 1 rappel entre 3 mois et 6 mois,255.54,40.68,12.29,3.32,1.86,0.53,0.02,0.0,0.0,0.0,0.5
2023-01-20,Complet - avec 3 rappels entre 3 et 6 mois ou plus,213.3,23.83,11.19,2.5,0.54,0.05,0.03,0.0,0.13,0.13,0.23
2023-01-21,Complet - avec 3 rappels de moins de 3 mois,2260.56,120.41,54.38,5.77,7.38,6.08,0.1,0.1,1.53,1.35,2.71
2023-01-22,Primo dose efficace,133.99,15.31,2.52,2.08,0.13,0.0,0.02,0.02,0.11,0.11,1.03
2023-01-22,Complet - avec 2 rappels de moins de 3 mois,951.44,88.0,29.95,4.95,9.6,7.88,0.46,0.46,0.66,0.48,5.38
2023-01-22,Complet - avec 3 rappels de moins de 3 mois,678.19,71.31,28.08,2.7,3.28,2.64,2.3,2.2,0.43,0.43,2.71
2023-01-24,Non-vaccinés,7969.1,1630.46,308.22,125.31,23.63,17.29,2.94,1.3,8.11,7.15,
2023-01-25,Complet - avec 1 rappel de 6 mois ou plus,25154.94,3400.42,1216.76,624.11,88.14,71.65,13.88,10.4,17.46,14.66,57.18
2023-01-26,Complet de moins de 3 mois - sans rappel,38.72,10.12,2.14,1.0,0.11,0.0,0.0,0.0,0.0,0.0,0.07
2023-01-26,Complet - avec 1 rappel de moins de 3 mois,180.79,32.09,5.98,2.18,2.03,2.0,0.0,0.0,0.0,0.0,0.38
2023-01-27,Complet - avec 3 rappels entre 3 et 6 mois ou plus,257.03,28.68,15.71,4.59,2.72,2.52,0.02,0.01,1.12,0.12,0.34
2023-01-28,Non-vaccinés,6152.48,959.2,196.58,92.57,24.89,17.09,1.18,0.18,1.63,1.36,
2023-01-28,Complet - avec 1 rappel de moins de 3 mois,288.72,16.18,2.91,0.22,1.11,1.0,0.0,0.0,0.0,0.0,0.38
2023-01-28,Complet - avec 2 rappels de moins de 3 mois,3560.97,199.38,55.33,23.65,6.81,4.13,1.0,1.0,1.19,1.1,5.22
2023-01-29,Primo dose efficace,129.16,14.79,4.66,1.17,0.15,0.09,0.0,0.0,0.12,0.06,1.03
2023-01-29,Complet entre 3 mois et 6 mois - sans rappel,9.52,0.39,0.18,0.1,0.0,0.0,0.0,0.0,0.04,0.02,0.09
2023-01-29,Complet - avec 1 rappel de 6 mois ou plus,6208.07,668.04,257.51,71.73,54.04,43.01,5.91,4.41,6.26,5.44,57.09
2023-02-01,Complet entre 3 mois et 6 mois - sans rappel,,,,,0.06,,0.0,,0.0,,0.09
2023-02-02,Complet - avec 1 rappel de 6 mois ou plus,,,,,71.13,,13.01,,10.91,,57.04
2023-02-03,Complet de moins de 3 mois - sans rappel,,,,,0.03,,0.0,,0.0,,0.07
2023-02-03,Complet entre 3 mois et 6 mois - sans rappel,,,,,0.0,,0.0,,0.0,,0.08
2023-02-04,Primo dose récente,,,,,0.0,,0.0,,0.0,,0.01
2023-02-04,Complet de moins de 3 mois - sans rappel,,,,,0.1,,0.0,,0.01,,0.07
2023-02-05,Complet - avec 2 rappels de 6 mois ou plus,,,,,17.29,,1.24,,5.04,,6.83
2023-02-26,Primo dose efficace,118.16,10.78,3.88,0.33,0.42,0.25,0.0,0.0,0.0,0.0,1.03
2023-02-27,Primo dose efficace,433.35,55.16,20.41,10.28,2.89,2.85,1.0,0.0,0.0,0.0,1.03
2023-02-27,Complet de moins de 3 mois - sans rappel,57.68,10.01,2.39,2.24,0.14,0.14,0.0,0.0,0.0,0.0,0.06
2023-02-27,Complet entre 3 mois et 6 mois - sans rappel,55.74,10.39,1.46,1.15,0.0,0.0,0.0,0.0,0.0,0.0,0.08
2023-02-27,Complet - avec 1 rappel de moins de 3 mois,291.63,20.55,13.66,6.58,2.12,1.12,0.11,0.11,0.2,0.0,0.33
2023-02-27,Complet - avec 2 rappels de moins de 3 mois,3775.26,229.84,118.47,42.53,6.74,4.1,2.0,2.0,2.0,0.0,4.32
2023-02-28,Primo dose efficace,338.15,33.88,18.75,7.35,1.55,1.12,0.11,0.04,0.0,0.0,1.03
2023-03-01,Primo dose récente,4.35,0.0,0.0,0.0,0.0,0.0,0.01,0.0,0.0,0.0,0.0
2023-03-01,Complet - avec 2 rappels de 6 mois ou plus,4854.89,401.42,255.37,77.58,42.59,28.37,5.26,4.2,3.3,1.34,7.19
2023-03-02,Complet de 6 mois ou plus - sans rappel,3057.09,503.8,236.75,110.0,19.59,13.45,5.5,4.21,1.0,0.0,22.22
2023-03-02,Complet - avec 3 rappels de moins de 3 mois,833.19,104.89,57.34,27.22,15.16,11.24,1.34,1.31,1.0,1.0,2.91
2023-03-03,Complet - avec 2 rappels de 6 mois ou plus,3964.99,391.59,237.45,92.21,39.4,23.12,5.66,4.0,5.86,4.0,7.24
2023-03-04,Complet de 6 mois ou plus - sans rappel,5117.26,363.38,176.25,61.42,11.91,7.54,2.3,1.12,0.06,0.0,22.22
2023-03-05,Complet de moins de 3 mois - sans rappel,5.03,0.27,0.11,0.0,0.04,0.0,0.0,0.0,0.0,0.0,0.06
2023-03-23,Complet - avec 1 rappel de 6 mois ou plus,9781.31,2782.98,1702.25,982.31,113.87,80.67,11.98,10.81,9.15,6.0,56.86
2023-03-23,Complet - avec 2 rappels de moins de 3 mois,450.16,85.22,54.39,29.96,6.44,5.75,0.31,0.23,0.4,0.2,1.86
2023-03-24,Primo dose efficace,207.29,41.89,31.41,12.34,5.66,4.21,0.05,0.01,0.25,0.0,1.03
2023-03-24,Complet - avec 1 rappel de 6 mois ou plus,12330.19,2595.03,1774.69,977.29,111.91,76.12,9.83,8.33,7.32,6.64,56.86
2023-03-24,Complet - avec 3 rappels entre 3 et 6 mois ou plus,1134.59,176.93,144.4,55.82,17.98,13.99,3.85,2.35,0.24,0.0,2.16
2023-03-25,Non-vaccinés,3822.01,650.58,258.78,102.82,30.26,22.61,3.84,2.32,6.35,5.35,
2023-04-03,Complet - avec 3 rappels entre 3 et 6 mois ou plus,1963.17,267.26,269.49,116.49,25.57,19.91,1.41,1.17,3.58,3.0,2.33
2023-04-04,Complet entre 3 mois et 6 mois - sans rappel,30.09,9.25,4.58,2.26,0.06,0.0,0.01,0.01,0.0,0.0,0.07
2023-04-05,Primo dose efficace,244.3,50.1,32.36,14.57,1.77,1.36,0.13,0.12,0.06,0.06,1.03
2023-04-05,Complet - avec 3 rappels entre 3 et 6 mois ou plus,1234.31,216.38,198.68,81.5,24.75,19.62,1.95,1.44,0.31,0.2,2.42
2023-04-06,Complet - avec 1 rappel de moins de 3 mois,49.68,10.56,4.63,0.19,1.35,1.3,0.0,0.0,0.01,0.01,0.16
2023-04-06,Complet - avec 3 rappels entre 3 et 6 mois ou plus,862.25,230.28,179.35,94.44,20.31,15.85,2.63,2.0,3.56,3.14,2.47
2023-04-07,Complet - avec 2 rappels de 6 mois ou plus,2299.04,601.17,414.48,229.34,62.18,43.83,4.53,4.28,4.74,3.25,8.07
2023-04-08,Complet - avec 3 rappels de moins de 3 mois,584.15,58.91,49.05,16.44,9.79,6.48,0.0,0.0,0.28,0.11,1.48
2023-04-09,Non-vaccinés,1332.41,358.09,132.47,50.56,23.54,19.82,4.23,4.23,2.81,2.2,
2023-04-09,Complet - avec 1 rappel de 6 mois ou plus,2770.23,506.56,353.13,125.87,88.89,66.41,10.02,10.02,11.68,9.4,56.9
2023-04-11,Complet - avec 2 rappels de moins de 3 mois,687.21,112.99,60.17,31.55,4.43,4.32,0.0,0.0,0.0,0.0,1.07
2023-04-12,Primo dose récente,0.32,0.1,0.0,0.0,0.0,0.0,0.0,0.0,0.0,0.0,0.0
2023-04-12,Complet - avec 2 rappels entre 3 mois et 6 mois,2248.27,443.5,284.79,139.7,33.56,23.79,0.31,0.22,0.26,0.0,5.82
2023-04-12,Complet - avec 3 rappels entre 3 et 6 mois ou plus,1419.84,285.73,275.16,142.68,26.16,18.97,6.74,6.32,3.28,2.0,2.75
2023-04-14,Complet - avec 3 rappels de moins de 3 mois,456.46,104.96,68.98,34.89,1.74,1.58,0.11,0.11,0.18,0.17,1.25
2023-04-15,Non-vaccinés,3241.57,556.8,246.12,121.93,33.84,27.5,3.86,2.36,4.41,4.23,
2023-04-15,Complet - avec 1 rappel de 6 mois ou plus,10085.04,1545.29,1118.8,512.45,103.36,77.81,19.28,15.63,12.1,6.07,56.92
2023-04-15,Complet - avec 2 rappels de moins de 3 mois,310.0,41.32,16.94,6.28,0.51,0.15,0.1,0.1,0.14,0.14,0.81
2023-04-16,Non-vaccinés,1236.26,301.21,141.24,48.57,27.55,19.81,3.26,2.26,7.52,4.25,
2023-04-16,Complet - avec 2 rappels de moins de 3 mois,87.16,10.75,5.46,2.63,0.08,0.08,0.12,0.12,0.0,0.0,0.79
2023-04-16,Complet - avec 2 rappels entre 3 mois et 6 mois,555.57,99.75,64.06,21.24,16.67,10.59,2.61,1.36,0.09,0.0,5.79
2023-04-19,Complet - avec 1 rappel de 6 mois ou plus,11262.44,2696.75,1772.97,986.89,151.25,110.26,13.63,12.68,12.31,10.34,56.93
2023-04-19,Complet - avec 3 rappels de moins de 3 mois,392.99,76.77,63.42,34.38,6.03,4.53,0.2,0.2,0.0,0.0,1.07
2023-04-20,Complet - avec 1 rappel de moins de 3 mois,38.02,13.4,4.55,1.37,0.0,0.0,0.0,0.0,0.0,0.0,0.11
2023-04-21,Non-vaccinés,2858.31,672.68,295.18,135.44,35.98,28.7,6.77,6.56,3.23,1.28,
2023-04-22,Complet - avec 3 rappels de moins de 3 mois,324.95,41.14,27.56,10.41,3.26,2.02,0.0,0.0,1.0,1.0,0.94
2023-04-23,Complet - avec 1 rappel de 6 mois ou plus,2692.96,479.97,318.18,104.98,78.23,55.0,16.6,14.14,6.36,3.4,56.95
2023-04-23,Complet - avec 2 rappels entre 3 mois et 6 mois,476.22,99.14,48.43,17.93,10.74,8.17,1.4,1.0,1.16,1.0,5.58
2023-04-24,Complet - avec 3 rappels de moins de 3 mois,507.99,104.51,74.48,37.94,7.21,6.99,1.46,1.2,0.01,0.0,0.93
2023-04-26,Complet - avec 2 rappels entre 3 mois et 6 mois,1587.08,354.61,204.09,106.44,30.76,23.61,3.47,3.14,1.48,1.07,5.5
2023-04-28,Complet de 6 mois ou plus - sans rappel,2033.87,559.3,308.55,160.85,24.27,15.66,3.56,3.0,3.42,3.0,22.25
2023-04-29,Primo dose récente,1.35,1.03,0.0,0.0,0.0,0.0,0.0,0.0,0.0,0.0,0.0
2023-04-29,Complet - avec 1 rappel de moins de 3 mois,23.79,0.46,1.12,0.05,0.0,0.0,0.0,0.0,0.0,0.0,0.09
2023-04-30,Complet - avec 1 rappel entre 3 mois et 6 mois,40.16,13.83,7.77,2.22,1.62,1.17,0.01,0.01,0.0,0.0,0.39
2023-05-01,Primo dose récente,1.01,0.0,0.0,0.0,0.02,0.02,0.0,0.0,0.0,0.0,0.0
2023-05-01,Complet - avec 1 rappel de moins de 3 mois,7.89,1.2,0.06,0.02,0.03,0.03,0.0,0.0,0.02,0.02,0.09
2023-05-01,Complet - avec 1 rappel de 6 mois ou plus,2792.56,468.38,312.95,86.57,74.39,47.5,14.11,9.94,9.51,8.37,56.98
2023-05-02,Complet - avec 3 rappels entre 3 et 6 mois ou plus,2027.79,357.84,294.16,148.37,24.81,18.99,1.6,1.18,3.17,2.4,3.45
2023-05-04,Complet - avec 2 rappels de 6 mois ou plus,2240.55,624.25,404.99,200.77,56.68,38.99,5.93,3.0,5.47,3.2,9.3
2023-05-05,Complet de moins de 3 mois - sans rappel,7.05,2.62,1.25,1.25,0.0,0.0,0.03,0.0,0.0,0.0,0.03
2023-05-22,Complet - avec 3 rappels entre 3 et 6 mois ou plus,1673.95,254.25,198.12,98.35,16.45,13.81,0.41,0.09,4.41,4.41,3.8
2023-05-26,Complet - avec 1 rappel entre 3 mois et 6 mois,59.05,12.24,7.19,1.72,0.09,0.06,0.05,0.0,0.0,0.0,0.34
2023-05-26,Complet - avec 2 rappels de moins de 3 mois,26.6,6.99,0.18,0.12,0.0,0.0,0.05,0.05,0.01,0.01,0.17
2023-05-27,Non-vaccinés,1609.46,280.06,90.25,46.41,12.27,8.21,0.38,0.18,3.11,1.0,
2023-05-28,Complet - avec 2 rappels entre 3 mois et 6 mois,231.65,55.13,25.48,8.93,1.8,1.53,0.07,0.07,0.17,0.17,4.34
2023-05-29,Complet de 6 mois ou plus - sans rappel,730.97,133.56,47.99,18.57,2.4,1.78,1.3,1.25,0.17,0.0,22.28
2023-05-30,Non-vaccinés,3268.89,556.7,228.44,97.27,22.05,16.56,5.1,3.82,1.09,1.0,
2023-06-07,Complet entre 3 mois et 6 mois - sans rappel,9.12,0.18,0.04,0.04,0.0,0.0,0.0,0.0,0.0,0.0,0.06
2023-06-07,Complet - avec 1 rappel de moins de 3 mois,6.07,2.11,0.0,0.0,0.2,0.0,0.01,0.01,0.0,0.0,0.05
2023-06-07,Complet - avec 1 rappel de 6 mois ou plus,5563.35,1221.89,434.15,253.81,21.98,16.43,3.1,2.42,5.45,3.28,57.12
2023-06-09,Primo dose récente,1.42,0.0,0.0,0.0,0.0,0.0,0.0,0.0,0.0,0.0,0.0
2023-06-10,Complet - avec 2 rappels de 6 mois ou plus,1971.27,234.09,95.83,44.59,11.47,5.0,1.99,1.0,1.43,1.43,11.52
2021-05-31,Primo dose récente,18150.53,1599.9,706.77,318.03,16.42,12.83,5.46,3.95,0.0,0.0,19.05
2021-06-04,Primo dose récente,19552.27,981.04,387.88,159.17,11.83,9.63,4.44,2.26,0.0,0.0,17.43
2021-06-05,Non-vaccinés,76951.67,5995.76,2902.8,919.09,170.63,129.42,44.84,29.47,18.62,15.15,
2021-06-06,Primo dose récente,2356.15,144.13,51.83,20.62,6.63,4.55,0.35,0.09,0.02,0.02,16.71
2021-06-06,Primo dose efficace,6555.28,374.09,71.59,19.88,13.0,8.54,5.95,3.5,6.22,5.67,41.82
2021-06-13,Primo dose efficace,6868.74,326.44,39.89,8.02,7.73,6.9,4.9,3.03,5.94,3.19,40.98
2021-06-19,Primo dose récente,8222.2,249.84,64.64,15.65,7.82,6.11,0.27,0.27,0.2,0.2,12.36
2021-06-22,Non-vaccinés,82552.41,7085.57,1601.26,485.35,99.55,72.04,20.16,13.44,13.28,10.07,
2021-06-23,Complet de moins de 3 mois - sans rappel,34394.32,1365.33,229.3,68.21,16.09,11.51,5.26,5.18,1.16,0.3,42.05
2021-06-30,Complet - avec 1 rappel de moins de 3 mois,0.0,0.0,0.0,0.0,0.0,0.0,0.0,0.0,0.0,0.0,0.0
2021-07-02,Complet - avec 1 rappel de moins de 3 mois,0.0,0.0,0.0,0.0,0.0,0.0,0.0,0.0,0.0,0.0,0.0
2021-07-05,Complet entre 3 mois et 6 mois - sans rappel,12265.68,659.98,66.38,18.05,2.34,1.78,1.08,1.08,1.29,1.18,9.1
2021-07-06,Non-vaccinés,98765.95,7964.69,2389.44,962.01,68.89,51.69,23.0,19.5,9.39,7.47,
2021-07-06,Complet de 6 mois ou plus - sans rappel,1.15,0.0,0.02,0.0,0.0,0.0,0.0,0.0,0.0,0.0,0.0
2021-07-14,Complet de moins de 3 mois - sans rappel,17503.95,874.57,274.69,81.7,12.06,9.68,5.89,5.55,0.52,0.36,57.36
2021-07-17,Primo dose efficace,23841.04,1338.85,602.09,233.53,12.26,7.72,2.73,2.37,1.03,0.5,22.31
2021-07-17,Complet de moins de 3 mois - sans rappel,49349.01,2339.76,908.51,316.95,22.07,16.07,3.28,1.82,0.98,0.5,58.74
2021-07-21,Primo dose récente,17211.58,1626.5,1319.21,669.78,6.83,5.36,0.61,0.43,0.0,0.0,7.84
2021-07-21,Complet de 6 mois ou plus - sans rappel,20.79,3.13,2.53,1.0,0.06,0.03,0.01,0.0,0.05,0.05,0.01
2021-07-22,Complet - avec 1 rappel de moins de 3 mois,0.0,0.0,0.0,0.0,0.0,0.0,0.0,0.0,0.0,0.0,0.0
2021-08-02,Complet de moins de 3 mois - sans rappel,91181.19,8639.49,4672.02,1984.89,49.7,33.79,16.81,14.53,1.77,1.77,60.62
2021-08-04,Non-vaccinés,104539.48,14801.29,14265.23,6826.21,413.26,303.13,111.48,95.17,24.72,14.79,
2021-08-05,Primo dose récente,32635.18,2276.16,2035.72,1038.15,34.64,27.71,3.91,3.08,2.25,2.25,10.45
2021-08-05,Complet - avec 1 rappel entre 3 mois et 6 mois,0.0,0.0,0.0,0.0,0.0,0.0,0.0,0.0,0.0,0.0,0.0
2021-08-09,Complet - avec 1 rappel entre 3 mois et 6 mois,0.0,0.0,0.0,0.0,0.0,0.0,0.0,0.0,0.0,0.0,0.0
2021-08-11,Complet - avec 1 rappel entre 3 mois et 6 mois,0.0,0.0,0.0,0.0,0.0,0.0,0.0,0.0,0.0,0.0,0.0
2021-08-12,Non-vaccinés,122537.4,12333.45,13574.16,6047.1,485.15,327.3,129.04,92.83,50.72,31.68,
2021-08-13,Complet entre 3 mois et 6 mois - sans rappel,24913.31,2126.3,1250.47,455.92,72.89,54.7,13.15,10.0,12.94,9.57,18.59
2021-08-15,Non-vaccinés,16615.21,1725.59,1939.41,770.56,381.49,250.15,111.42,77.04,56.76,39.21,
2021-08-17,Non-vaccinés,102159.65,12660.88,13264.99,6144.6,496.56,339.19,130.15,100.2,64.46,33.43,
2021-08-18,Non-vaccinés,93606.32,11383.88,11658.25,5469.45,495.11,330.97,128.48,101.01,64.11,38.72,
2021-08-18,Primo dose efficace,40839.8,2499.93,1297.43,525.72,30.84,26.27,11.2,7.22,9.23,6.35,13.77
2021-08-18,Complet - avec 1 rappel de moins de 3 mois,0.05,0.0,0.0,0.0,0.0,0.0,0.0,0.0,0.0,0.0,0.0
2021-08-18,Complet - avec 1 rappel entre 3 mois et 6 mois,0.0,0.0,0.0,0.0,0.0,0.0,0.0,0.0,0.0,0.0,0.0
2021-08-19,Primo dose efficace,49411.25,2402.71,1250.84,496.68,38.48,31.07,9.8,6.03,5.43,3.74,13.86
2021-08-19,Complet de moins de 3 mois - sans rappel,56394.06,7238.93,3503.51,1529.11,88.4,67.63,22.53,19.5,8.49,6.18,58.79
2021-08-19,Complet - avec 1 rappel de moins de 3 mois,1.08,0.0,0.0,0.0,0.02,0.0,0.0,0.0,0.0,0.0,0.0
2021-08-20,Complet de moins de 3 mois - sans rappel,64404.35,6624.83,3557.3,1481.39,76.66,53.13,18.9,11.19,6.99,3.77,58.81
2021-08-22,Non-vaccinés,14175.66,1550.39,1662.32,628.04,385.76,266.7,106.59,86.78,55.58,28.35,
2021-08-26,Primo dose récente,14236.3,771.61,598.6,281.66,13.96,10.01,4.18,2.86,0.18,0.02,4.27
2021-09-08,Complet - avec 2 rappels de moins de 3 mois,0.0,0.0,0.0,0.0,0.0,0.0,0.0,0.0,0.0,0.0,0.0
2021-09-11,Primo dose efficace,12950.18,570.52,206.68,53.43,10.95,8.0,5.78,4.46,2.94,2.26,7.66
2021-09-13,Primo dose efficace,19414.33,1351.61,405.91,160.91,16.55,12.35,6.41,4.83,5.22,4.04,7.32
2021-09-19,Non-vaccinés,9957.87,1256.67,545.64,183.46,115.05,81.22,43.25,32.57,24.92,14.12,
2021-09-19,Complet de 6 mois ou plus - sans rappel,1537.94,138.45,33.12,10.91,8.51,7.87,0.7,0.48,5.67,5.23,4.3
2021-09-20,Complet de moins de 3 mois - sans rappel,61305.68,9924.84,1542.29,683.94,33.64,24.39,7.61,5.05,2.95,2.47,55.9
2021-09-21,Complet entre 3 mois et 6 mois - sans rappel,37480.99,3914.01,754.2,315.08,41.96,32.79,11.37,10.55,5.47,2.22,32.11
2021-09-22,Primo dose récente,3727.65,299.12,69.31,28.23,3.28,2.65,1.49,1.31,0.0,0.0,1.45
2021-09-22,Complet - avec 2 rappels de moins de 3 mois,0.03,0.0,0.0,0.0,0.0,0.0,0.0,0.0,0.0,0.0,0.0
2021-09-23,Complet de 6 mois ou plus - sans rappel,5285.8,596.94,142.02,50.45,11.41,9.94,3.64,3.51,5.36,4.05,4.27
2021-11-02,Complet - avec 1 rappel entre 3 mois et 6 mois,2.08,0.0,0.0,0.0,0.0,0.0,0.0,0.0,0.0,0.0,0.0
2021-11-03,Complet - avec 2 rappels de moins de 3 mois,8.65,1.25,0.0,0.0,0.0,0.0,0.0,0.0,0.0,0.0,0.0
2021-11-08,Non-vaccinés,39868.08,6217.9,4165.49,2161.79,143.49,114.5,42.88,37.41,10.89,8.01,
2021-11-14,Primo dose récente,166.49,10.79,8.22,1.92,1.68,1.34,1.29,1.27,0.0,0.0,0.44
2021-11-19,Complet de 6 mois ou plus - sans rappel,24136.37,3833.14,1946.87,943.54,73.47,58.93,10.08,7.09,15.47,14.12,12.19
2021-11-19,Complet - avec 1 rappel entre 3 mois et 6 mois,1.49,0.01,0.41,0.01,0.02,0.0,0.0,0.0,0.02,0.02,0.0
2021-11-19,Complet - avec 3 rappels de moins de 3 mois,0.0,0.0,0.0,0.0,0.0,0.0,0.0,0.0,0.0,0.0,0.0
2021-11-21,Complet - avec 3 rappels de moins de 3 mois,0.0,0.0,0.0,0.0,0.0,0.0,0.0,0.0,0.0,0.0,0.0
2021-11-22,Complet de 6 mois ou plus - sans rappel,33780.93,5153.48,2928.48,1501.71,123.2,108.35,23.45,19.14,10.43,8.86,12.31
2021-11-23,Non-vaccinés,76664.29,15272.5,8765.3,4136.88,231.48,174.74,82.78,70.71,25.91,19.74,
2021-11-28,Primo dose efficace,1163.55,100.03,60.01,21.28,9.48,7.75,1.79,0.44,2.84,2.72,2.5
2021-11-28,Complet - avec 1 rappel de 6 mois ou plus,0.0,0.0,0.0,0.0,0.0,0.0,0.0,0.0,0.0,0.0,0.0
2021-12-01,Non-vaccinés,91448.06,19667.24,13285.95,6080.86,386.06,313.06,131.47,107.81,47.91,38.91,
2021-12-01,Complet de 6 mois ou plus - sans rappel,37050.53,7186.72,3732.43,1827.33,129.28,106.17,32.96,29.61,32.94,27.25,12.72
2021-12-02,Complet de moins de 3 mois - sans rappel,23519.15,4973.07,1963.84,949.54,37.08,26.71,9.01,6.12,6.24,5.89,11.84
2021-12-04,Complet de moins de 3 mois - sans rappel,14293.06,1977.03,1061.7,453.94,29.68,23.73,10.44,8.55,3.24,1.91,10.88
2021-12-08,Complet - avec 1 rappel de 6 mois ou plus,0.0,0.0,0.0,0.0,0.0,0.0,0.0,0.0,0.0,0.0,0.0
2021-12-09,Complet de moins de 3 mois - sans rappel,21940.95,4361.37,1872.53,929.07,42.44,28.23,9.54,8.13,1.89,1.64,9.44
2021-12-12,Complet - avec 1 rappel de moins de 3 mois,8862.47,766.47,253.85,58.58,57.13,44.03,12.65,8.58,6.82,3.77,19.51
2021-12-14,Complet de moins de 3 mois - sans rappel,22361.3,4048.99,2054.81,1014.89,39.84,28.09,8.98,6.83,4.99,2.64,8.27
2021-12-14,Complet - avec 2 rappels entre 3 mois et 6 mois,1.2,0.0,0.0,0.0,0.0,0.0,0.0,0.0,0.0,0.0,0.0
2021-12-15,Complet - avec 1 rappel entre 3 mois et 6 mois,2512.07,198.23,72.71,14.41,6.88,4.57,0.66,0.24,1.25,1.17,0.8
2021-12-17,Complet - avec 2 rappels de moins de 3 mois,106.64,7.69,1.52,0.23,0.0,0.0,0.0,0.0,0.0,0.0,0.02
2021-12-18,Complet de 6 mois ou plus - sans rappel,20806.92,2946.58,2526.57,1064.53,113.06,90.66,21.7,18.95,40.69,33.9,11.5
2021-12-19,Primo dose récente,291.59,35.79,45.54,20.93,6.61,6.11,0.7,0.16,1.0,1.0,0.51
2021-12-19,Complet - avec 1 rappel de 6 mois ou plus,0.0,0.0,0.0,0.0,0.0,0.0,0.0,0.0,0.0,0.0,0.0
2021-12-19,Complet - avec 2 rappels entre 3 mois et 6 mois,0.0,0.0,0.0,0.0,0.0,0.0,0.0,0.0,0.0,0.0,0.0
2021-12-19,Complet - avec 3 rappels de moins de 3 mois,0.0,0.0,0.0,0.0,0.0,0.0,0.0,0.0,0.0,0.0,0.0
2021-12-20,Complet - avec 2 rappels entre 3 mois et 6 mois,1.71,0.03,0.22,0.0,0.0,0.0,0.0,0.0,0.0,0.0,0.0
2021-12-21,Complet - avec 2 rappels entre 3 mois et 6 mois,3.56,0.09,0.14,0.0,0.0,0.0,0.0,0.0,0.0,0.0,0.0
2021-12-22,Primo dose efficace,6739.95,1098.26,857.65,354.73,28.84,22.53,6.1,3.59,11.35,10.85,2.01
2021-12-23,Complet - avec 1 rappel entre 3 mois et 6 mois,7233.51,604.19,274.36,76.73,6.63,5.63,2.33,2.26,4.67,3.49,1.48
2021-12-26,Complet - avec 1 rappel entre 3 mois et 6 mois,1453.71,149.58,96.11,24.44,11.52,9.87,3.42,2.14,1.4,1.14,1.75
2021-12-27,Complet de 6 mois ou plus - sans rappel,50272.18,14083.05,16793.15,8429.52,164.33,138.3,32.33,26.88,27.76,19.7,9.54
2021-12-27,Complet - avec 1 rappel de 6 mois ou plus,0.0,0.0,0.0,0.0,0.0,0.0,0.0,0.0,0.0,0.0,0.0
2021-12-28,Complet - avec 1 rappel de moins de 3 mois,147675.48,30517.08,23875.49,10026.07,212.62,176.14,31.34,26.42,16.75,12.55,36.57
2021-12-28,Complet - avec 2 rappels entre 3 mois et 6 mois,11.03,1.02,1.39,0.01,0.0,0.0,0.0,0.0,0.0,0.0,0.0
2021-12-29,Non-vaccinés,89286.36,27508.73,34577.25,16409.92,716.38,572.03,174.27,144.72,95.17,76.55,
2021-12-29,Primo dose efficace,7785.43,1827.48,1876.55,915.4,40.74,32.07,5.98,5.18,3.74,3.09,1.8
2021-12-29,Complet entre 3 mois et 6 mois - sans rappel,194257.32,61944.36,72572.73,37929.93,264.43,206.5,36.71,27.9,31.53,23.49,42.64
2021-12-30,Non-vaccinés,99378.79,28798.26,36426.84,16952.75,665.16,528.98,179.33,149.97,85.55,65.24,
2022-01-01,Non-vaccinés,10985.17,2395.29,3137.38,1174.93,500.17,382.38,127.66,104.35,96.27,78.72,
2022-01-01,Complet - avec 2 rappels de moins de 3 mois,33.58,6.14,4.25,2.05,0.0,0.0,0.0,0.0,0.0,0.0,0.04
2022-01-02,Non-vaccinés,19271.2,4373.69,6121.55,2472.88,595.43,453.7,147.29,127.63,77.37,63.52,
2022-01-03,Complet - avec 1 rappel de 6 mois ou plus,0.0,0.0,0.0,0.0,0.0,0.0,0.0,0.0,0.0,0.0,0.0
2022-01-03,Complet - avec 2 rappels de moins de 3 mois,435.07,72.87,64.74,30.72,1.47,1.02,0.2,0.2,0.0,0.0,0.04
2022-01-03,Complet - avec 2 rappels entre 3 mois et 6 mois,19.44,1.12,1.51,0.03,0.0,0.0,0.0,0.0,0.0,0.0,0.0
2022-01-04,Primo dose efficace,9528.88,2524.64,2666.47,1303.8,45.37,37.17,4.77,4.04,8.17,6.52,1.83
2022-01-05,Primo dose récente,2478.96,637.0,737.77,373.57,9.32,8.22,2.26,1.17,1.24,1.14,0.54
2022-01-05,Primo dose efficace,9205.54,2316.67,2379.23,1120.29,68.8,60.58,11.87,11.26,11.85,10.33,1.83
2022-01-06,Complet - avec 1 rappel de 6 mois ou plus,0.0,0.0,0.0,0.0,0.0,0.0,0.0,0.0,0.0,0.0,0.0
2022-01-06,Complet - avec 2 rappels entre 3 mois et 6 mois,25.64,1.13,3.34,1.01,0.0,0.0,0.0,0.0,0.0,0.0,0.0
2022-01-07,Complet entre 3 mois et 6 mois - sans rappel,175250.92,51938.76,58096.01,27053.69,320.44,254.94,46.66,34.24,25.86,17.33,36.16
2022-01-08,Non-vaccinés,69129.57,12765.3,18492.64,6664.51,662.47,496.16,147.25,123.99,79.55,65.82,
2022-01-08,Complet entre 3 mois et 6 mois - sans rappel,88295.15,22250.35,28420.03,12083.66,270.96,201.12,43.85,35.59,21.03,16.73,35.6
2022-01-08,Complet - avec 2 rappels entre 3 mois et 6 mois,6.49,2.0,0.07,0.0,0.01,0.0,0.0,0.0,0.0,0.0,0.0
2022-01-11,Primo dose récente,3265.64,807.19,1009.23,457.9,21.52,16.46,2.94,2.56,0.11,0.0,0.78
2022-01-11,Complet - avec 2 rappels de moins de 3 mois,386.85,58.77,56.03,17.85,2.26,2.02,0.41,0.33,0.0,0.0,0.06
2022-01-11,Complet - avec 3 rappels de moins de 3 mois,0.01,0.01,0.01,0.01,0.0,0.0,0.0,0.0,0.0,0.0,0.0
2022-01-12,Complet de 6 mois ou plus - sans rappel,45685.23,12943.36,15824.52,7455.78,257.27,206.85,37.56,31.67,34.18,28.06,10.79
2022-01-13,Complet de 6 mois ou plus - sans rappel,41393.57,12175.84,14816.94,7004.92,228.17,189.55,30.27,25.28,37.79,30.1,10.41
2022-01-13,Complet - avec 2 rappels de moins de 3 mois,319.42,44.94,56.21,16.64,0.36,0.08,0.07,0.0,0.0,0.0,0.08
2022-01-14,Complet - avec 1 rappel de 6 mois ou plus,1.0,0.0,0.0,0.0,0.0,0.0,0.0,0.0,0.0,0.0,0.0
2022-01-14,Complet - avec 2 rappels entre 3 mois et 6 mois,26.22,1.06,2.53,1.02,1.01,0.0,0.0,0.0,0.0,0.0,0.0
2022-01-14,Complet - avec 3 rappels entre 3 et 6 mois ou plus,0.0,0.0,0.0,0.0,0.0,0.0,0.0,0.0,0.0,0.0,0.0
2022-01-15,Complet de moins de 3 mois - sans rappel,9735.76,2068.01,2750.26,1190.28,59.99,47.66,10.34,6.81,9.36,6.56,4.57
2022-01-15,Complet - avec 2 rappels de moins de 3 mois,241.8,23.33,31.02,12.56,2.33,2.02,0.21,0.2,0.0,0.0,0.1
2022-01-15,Complet - avec 3 rappels entre 3 et 6 mois ou plus,0.0,0.0,0.0,0.0,0.0,0.0,0.0,0.0,0.0,0.0,0.0
2022-01-16,Non-vaccinés,16614.72,4055.1,6575.2,2446.09,598.74,410.22,95.12,78.91,77.06,60.81,
2022-01-16,Complet - avec 3 rappels entre 3 et 6 mois ou plus,0.0,0.0,0.0,0.0,0.0,0.0,0.0,0.0,0.0,0.0,0.0
2022-01-17,Complet - avec 1 rappel de 6 mois ou plus,2.05,0.0,0.0,0.0,0.0,0.0,0.0,0.0,0.0,0.0,0.0
2022-01-17,Complet - avec 2 rappels de moins de 3 mois,658.4,96.82,123.85,45.07,3.48,3.15,0.19,0.17,0.03,0.0,0.1
2022-01-19,Complet - avec 1 rappel de 6 mois ou plus,2.01,0.0,0.0,0.0,0.0,0.0,0.0,0.0,0.0,0.0,0.0
2022-01-20,Complet - avec 3 rappels de moins de 3 mois,2.04,0.0,0.0,0.0,0.0,0.0,0.0,0.0,0.0,0.0,0.0
2022-01-23,Non-vaccinés,16860.88,4634.36,7138.85,2859.23,556.3,401.41,83.14,60.68,92.3,72.57,
2022-01-24,Complet de moins de 3 mois - sans rappel,21373.69,6244.38,7965.48,3890.22,116.48,91.39,9.63,8.43,11.09,8.98,4.39
2022-01-24,Complet - avec 3 rappels entre 3 et 6 mois ou plus,0.0,0.0,0.0,0.0,0.0,0.0,0.0,0.0,0.0,0.0,0.0
2022-01-26,Complet - avec 2 rappels de moins de 3 mois,687.17,121.57,145.25,54.87,2.06,1.44,1.22,1.0,0.0,0.0,0.18
2022-01-27,Complet - avec 1 rappel de 6 mois ou plus,0.0,0.0,0.0,0.0,0.0,0.0,0.0,0.0,0.0,0.0,0.0
2022-01-30,Complet - avec 1 rappel de moins de 3 mois,30650.76,6513.15,7768.38,3347.51,393.96,301.94,54.87,48.4,43.76,32.39,57.95
2022-01-31,Complet - avec 2 rappels de moins de 3 mois,966.45,152.24,186.54,74.37,6.85,4.61,0.06,0.01,0.0,0.0,0.22
2022-01-31,Complet - avec 3 rappels entre 3 et 6 mois ou plus,0.0,0.0,0.0,0.0,0.0,0.0,0.0,0.0,0.0,0.0,0.0
2022-02-03,Primo dose récente,1119.7,369.77,467.9,253.14,9.79,6.42,0.17,0.14,0.21,0.21,0.39
2022-02-03,Complet - avec 3 rappels entre 3 et 6 mois ou plus,0.0,0.0,0.0,0.0,0.0,0.0,0.0,0.0,0.0,0.0,0.0
2022-02-04,Complet - avec 1 rappel de moins de 3 mois,136384.65,35535.91,35036.28,16829.43,543.39,418.52,79.11,59.09,43.65,36.16,59.14
2022-02-04,Complet - avec 3 rappels de moins de 3 mois,2.37,0.04,0.1,0.04,0.0,0.0,0.0,0.0,0.0,0.0,0.0
2022-02-05,Primo dose récente,724.46,160.51,226.27,103.87,4.03,3.52,2.06,2.06,1.06,1.0,0.35
2022-02-05,Complet de moins de 3 mois - sans rappel,7740.09,1614.2,1959.36,873.48,64.32,56.02,4.79,3.86,11.11,9.27,4.23
2022-02-05,Complet - avec 2 rappels entre 3 mois et 6 mois,12.09,1.2,2.2,1.07,0.0,0.0,0.0,0.0,0.47,0.0,0.0
2022-02-05,Complet - avec 3 rappels entre 3 et 6 mois ou plus,0.0,0.0,0.0,0.0,0.0,0.0,0.0,0.0,0.0,0.0,0.0
2022-02-07,Complet de moins de 3 mois - sans rappel,14564.12,3739.36,4378.35,2221.62,82.77,61.34,15.07,11.81,14.5,13.6,4.23
2022-02-07,Complet - avec 2 rappels de moins de 3 mois,1051.75,164.3,199.14,81.63,2.4,1.33,0.02,0.0,1.0,1.0,0.28
2022-02-10,Complet entre 3 mois et 6 mois - sans rappel,27688.56,8696.53,8936.3,4821.16,158.07,123.48,27.5,24.95,19.16,14.24,15.57
2022-02-14,Non-vaccinés,44508.65,13001.28,14715.07,7546.91,501.68,388.9,64.34,49.72,75.31,59.56,
2022-02-15,Complet de 6 mois ou plus - sans rappel,16659.01,3656.18,3753.08,1824.86,121.16,106.09,22.53,21.06,26.46,19.62,11.03
2022-02-15,Complet - avec 1 rappel de 6 mois ou plus,0.02,0.02,0.02,0.02,0.06,0.06,0.04,0.04,0.0,0.0,0.0
2022-02-16,Primo dose récente,409.23,88.02,111.84,57.34,5.22,2.69,1.02,1.0,0.18,0.12,0.2
2022-02-16,Complet - avec 1 rappel de moins de 3 mois,94196.55,20077.44,18251.95,9080.89,360.07,275.26,54.94,45.57,48.77,43.84,60.31
2022-02-17,Non-vaccinés,27681.08,7400.52,7572.3,3833.94,378.3,281.8,60.79,46.12,84.31,57.85,
2022-02-17,Complet de 6 mois ou plus - sans rappel,15060.43,3114.95,3085.86,1477.12,112.72,90.07,20.56,15.88,32.47,24.96,11.37
2022-02-17,Complet - avec 1 rappel entre 3 mois et 6 mois,16956.9,2519.46,3388.43,1219.23,240.95,187.85,26.06,20.21,54.81,45.66,9.28
2022-02-19,Complet entre 3 mois et 6 mois - sans rappel,11948.12,1985.22,2348.57,1066.75,70.3,47.58,10.76,8.86,22.12,17.17,11.89
2022-02-23,Primo dose efficace,2289.88,368.75,395.76,164.09,20.19,14.78,2.94,2.55,4.7,2.56,1.45
2022-02-23,Complet entre 3 mois et 6 mois - sans rappel,12207.71,2688.7,2661.78,1343.44,83.31,62.72,10.04,7.9,12.79,9.77,10.52
2022-02-24,Complet - avec 3 rappels entre 3 et 6 mois ou plus,0.0,0.0,0.0,0.0,0.0,0.0,0.0,0.0,0.0,0.0,0.0
2022-02-25,Complet - avec 1 rappel entre 3 mois et 6 mois,18536.67,2665.91,2938.86,1116.38,170.18,133.23,24.61,23.25,36.94,30.28,12.12
2022-02-25,Complet - avec 3 rappels de moins de 3 mois,2.15,0.0,0.01,0.0,0.0,0.0,0.0,0.0,0.0,0.0,0.0
2022-02-26,Primo dose efficace,1368.54,156.93,160.14,55.71,8.68,6.62,0.53,0.36,1.17,0.61,1.4
2022-02-27,Complet de 6 mois ou plus - sans rappel,3989.24,461.28,476.16,155.75,37.74,30.18,13.7,12.55,17.69,14.79,13.13
2022-02-27,Complet - avec 1 rappel de 6 mois ou plus,0.01,0.01,0.01,0.01,0.0,0.0,0.05,0.05,0.05,0.0,0.0
2022-02-27,Complet - avec 2 rappels entre 3 mois et 6 mois,8.57,2.09,2.37,1.08,0.21,0.21,0.0,0.0,0.14,0.0,0.01
2022-02-27,Complet - avec 3 rappels entre 3 et 6 mois ou plus,0.0,0.0,0.0,0.0,0.0,0.0,0.0,0.0,0.0,0.0,0.0
2022-02-28,Complet - avec 1 rappel entre 3 mois et 6 mois,33967.99,3870.76,4699.3,1894.75,219.54,161.94,25.58,17.66,47.14,37.68,13.44
2022-02-28,Complet - avec 2 rappels de moins de 3 mois,1144.48,129.38,102.0,41.54,4.94,4.53,2.0,1.0,0.25,0.0,0.49
2022-03-01,Complet - avec 2 rappels entre 3 mois et 6 mois,31.57,2.34,6.62,1.14,1.12,1.12,0.0,0.0,0.2,0.2,0.01
2022-03-01,Complet - avec 3 rappels de moins de 3 mois,2.14,1.08,1.08,1.08,0.0,0.0,0.0,0.0,0.0,0.0,0.0
2022-03-04,Complet entre 3 mois et 6 mois - sans rappel,7694.87,1639.96,1477.29,753.28,54.78,44.9,7.98,6.29,8.51,7.66,7.76
2022-03-04,Complet - avec 3 rappels de moins de 3 mois,4.11,1.01,1.01,1.01,0.0,0.0,0.0,0.0,0.0,0.0,0.0
2022-03-05,Primo dose récente,107.66,15.32,10.53,5.2,1.04,1.0,0.0,0.0,0.02,0.0,0.07
2022-03-05,Complet - avec 1 rappel entre 3 mois et 6 mois,23118.64,2355.62,2546.72,1053.03,168.8,131.18,19.96,13.46,26.56,20.35,18.15
2022-03-08,Primo dose efficace,1855.36,295.17,280.55,132.51,12.64,10.34,2.5,1.3,2.71,2.51,1.29
2022-03-08,Complet - avec 1 rappel entre 3 mois et 6 mois,35564.7,5097.4,5563.48,2450.67,267.76,213.94,32.09,27.04,28.92,18.98,19.96
2022-05-21,Complet - avec 1 rappel entre 3 mois et 6 mois,41795.55,4700.97,4988.8,2461.59,115.17,92.75,24.34,20.06,20.82,18.82,60.8
2022-05-21,Complet - avec 3 rappels de moins de 3 mois,3.43,0.18,0.04,0.04,0.0,0.0,0.0,0.0,0.0,0.0,0.0
2022-05-22,Primo dose récente,18.32,1.0,0.16,0.0,0.0,0.0,0.0,0.0,0.0,0.0,0.03
2022-05-22,Complet - avec 2 rappels entre 3 mois et 6 mois,116.82,12.95,8.01,3.24,2.07,1.01,0.07,0.07,2.12,2.02,0.48
2022-05-23,Complet - avec 2 rappels de 6 mois ou plus,16.58,1.58,2.75,1.43,0.14,0.14,0.0,0.0,0.0,0.0,0.01
2022-05-24,Non-vaccinés,12919.14,2493.33,1684.7,879.3,64.94,49.96,3.29,0.48,6.14,3.91,
2022-05-25,Complet entre 3 mois et 6 mois - sans rappel,2457.5,449.86,344.81,186.47,10.38,7.28,1.47,1.19,1.43,1.2,3.85
2022-05-25,Complet - avec 1 rappel entre 3 mois et 6 mois,34124.6,7431.39,6588.54,3755.15,134.99,113.34,24.69,19.07,11.68,9.02,60.18
2022-05-25,Complet - avec 2 rappels entre 3 mois et 6 mois,364.08,41.41,39.47,15.81,1.76,1.27,1.02,1.02,1.05,1.0,0.5
2022-05-26,Complet de moins de 3 mois - sans rappel,149.52,14.01,10.33,2.55,0.49,0.25,0.0,0.0,0.04,0.0,0.48
2022-05-26,Complet - avec 1 rappel entre 3 mois et 6 mois,9111.74,1157.15,1052.07,463.12,60.62,45.96,10.0,9.92,13.38,11.19,59.86
2022-05-30,Complet - avec 2 rappels de moins de 3 mois,5628.36,442.0,403.16,158.42,20.35,13.97,1.26,1.14,1.58,1.2,3.1
2022-05-30,Complet - avec 2 rappels de 6 mois ou plus,25.71,2.55,3.3,2.1,0.02,0.0,0.0,0.0,0.0,0.0,0.01
2022-05-31,Complet - avec 1 rappel de 6 mois ou plus,15502.82,2066.58,2116.21,1035.7,101.4,74.22,9.17,7.5,10.02,4.45,11.57
2022-05-31,Complet - avec 3 rappels entre 3 et 6 mois ou plus,0.26,0.0,0.0,0.0,0.0,0.0,0.0,0.0,0.0,0.0,0.0
2022-06-01,Complet de moins de 3 mois - sans rappel,370.81,42.39,35.23,16.5,1.5,0.16,0.0,0.0,0.04,0.04,0.4
2022-06-01,Complet - avec 2 rappels de moins de 3 mois,3650.67,352.31,287.97,98.55,21.23,16.84,4.17,4.0,3.37,3.05,3.19
2022-06-01,Complet - avec 3 rappels entre 3 et 6 mois ou plus,0.23,0.0,0.0,0.0,0.0,0.0,0.0,0.0,0.0,0.0,0.0
2022-06-02,Complet - avec 3 rappels entre 3 et 6 mois ou plus,1.17,0.0,0.0,0.0,0.0,0.0,0.0,0.0,0.0,0.0,0.0
2022-06-03,Complet entre 3 mois et 6 mois - sans rappel,2016.81,454.19,351.37,189.28,13.92,12.19,1.82,1.03,1.52,1.0,3.57
2022-06-03,Complet - avec 3 rappels entre 3 et 6 mois ou plus,2.17,0.0,0.0,0.0,0.0,0.0,0.0,0.0,0.0,0.0,0.0
2022-06-09,Complet - avec 1 rappel entre 3 mois et 6 mois,30782.03,5689.25,8824.27,3326.71,120.98,91.54,12.79,10.56,10.98,8.78,49.74
2022-06-09,Complet - avec 3 rappels entre 3 et 6 mois ou plus,1.07,1.03,0.0,0.0,0.0,0.0,0.0,0.0,0.0,0.0,0.0
2022-06-10,Primo dose efficace,831.58,125.18,96.27,45.27,1.98,0.67,1.0,1.0,0.1,0.0,1.12
2022-06-10,Complet entre 3 mois et 6 mois - sans rappel,2231.31,442.91,414.39,217.51,10.53,9.04,1.16,0.0,0.18,0.0,3.31
2022-06-14,Non-vaccinés,17908.71,3832.58,3210.41,1754.45,103.16,84.17,12.58,10.38,6.99,5.7,
2022-06-17,Complet de moins de 3 mois - sans rappel,448.74,59.91,60.19,24.3,0.18,0.14,0.17,0.12,0.04,0.0,0.29
2022-06-17,Complet - avec 1 rappel de moins de 3 mois,1772.7,257.59,204.98,93.23,8.22,6.91,0.0,0.0,0.04,0.0,1.48
2022-06-17,Complet - avec 1 rappel entre 3 mois et 6 mois,30564.68,8808.46,9293.9,5552.36,109.62,82.08,15.7,11.71,9.41,7.6,40.16
2022-06-18,Complet - avec 1 rappel de moins de 3 mois,1517.37,137.18,124.91,48.24,6.19,5.59,1.39,1.34,0.02,0.02,1.47
2022-06-19,Complet - avec 1 rappel de 6 mois ou plus,8112.93,1221.52,1547.86,637.64,142.21,119.32,24.05,22.35,12.85,10.13,31.64
2022-06-20,Non-vaccinés,26821.84,6125.33,5840.52,3348.65,121.75,95.5,22.16,17.08,7.06,4.38,
2022-06-21,Complet entre 3 mois et 6 mois - sans rappel,2987.68,765.95,700.75,408.97,18.99,13.43,0.08,0.04,1.1,1.1,2.81
2022-06-21,Complet - avec 1 rappel entre 3 mois et 6 mois,37355.05,11135.54,11730.08,7237.16,146.57,121.32,20.49,17.82,1.61,1.4,36.03
2022-06-21,Complet - avec 1 rappel de 6 mois ou plus,46561.53,12044.54,13506.59,7970.34,287.67,225.86,25.22,20.01,17.29,14.38,33.17
2022-06-23,Complet - avec 2 rappels entre 3 mois et 6 mois,907.46,223.52,260.65,135.29,11.64,10.01,0.3,0.22,2.0,2.0,0.88
2022-06-24,Complet - avec 1 rappel de moins de 3 mois,2098.62,321.41,303.47,124.53,5.7,4.37,1.07,1.01,1.04,0.01,1.43
2022-06-25,Complet - avec 2 rappels entre 3 mois et 6 mois,1059.16,138.6,205.6,97.88,10.44,8.53,2.53,2.51,0.05,0.0,0.97
2022-06-26,Complet - avec 2 rappels de 6 mois ou plus,16.05,1.16,2.44,1.06,0.31,0.08,0.0,0.0,0.0,0.0,0.04
2022-06-28,Complet de 6 mois ou plus - sans rappel,27204.8,7369.71,6230.27,3724.2,104.58,84.29,15.14,10.55,5.65,4.95,20.72
2022-06-29,Non-vaccinés,31080.01,8765.63,7624.09,4395.42,165.7,120.85,15.86,12.42,11.19,6.91,
2022-08-24,Complet - avec 2 rappels de 6 mois ou plus,344.03,47.62,41.07,22.37,0.86,0.26,0.0,0.0,1.0,1.0,0.47
2022-08-24,Complet - avec 3 rappels de moins de 3 mois,55.0,5.78,2.39,2.27,0.0,0.0,0.0,0.0,0.25,0.0,0.05
2022-08-27,Complet entre 3 mois et 6 mois - sans rappel,200.21,23.09,21.3,10.69,0.39,0.2,0.0,0.0,0.0,0.0,0.4
2022-08-28,Complet - avec 2 rappels de 6 mois ou plus,100.55,9.92,8.34,1.14,2.81,2.48,0.2,0.0,0.0,0.0,0.5
2022-09-03,Complet - avec 2 rappels entre 3 mois et 6 mois,3205.95,234.09,191.35,70.57,23.69,15.97,3.5,3.23,4.13,2.75,3.53
2022-09-07,Complet - avec 2 rappels entre 3 mois et 6 mois,3720.39,395.48,355.96,136.25,32.42,26.73,0.5,0.39,2.66,1.49,3.61
2022-09-10,Complet - avec 1 rappel de moins de 3 mois,726.9,59.37,30.4,14.81,1.34,1.12,1.0,1.0,0.01,0.0,1.01
2022-09-10,Complet - avec 2 rappels de moins de 3 mois,5754.1,392.36,272.37,140.42,17.1,15.52,3.1,3.0,4.64,4.0,6.81
2022-09-11,Complet - avec 1 rappel de moins de 3 mois,222.77,16.61,9.45,0.27,1.05,1.0,1.0,1.0,0.1,0.0,1.0
2022-09-12,Complet entre 3 mois et 6 mois - sans rappel,315.46,63.86,45.73,27.27,0.01,0.0,0.11,0.01,0.0,0.0,0.28
2022-09-13,Complet entre 3 mois et 6 mois - sans rappel,285.97,64.98,29.51,18.53,2.15,1.0,0.07,0.06,0.02,0.02,0.28
2022-09-13,Complet - avec 2 rappels de moins de 3 mois,6841.38,718.14,516.43,262.32,25.83,21.52,4.53,3.53,1.01,1.01,6.78
2022-09-13,Complet - avec 3 rappels de moins de 3 mois,69.36,5.67,7.94,3.39,0.01,0.0,0.0,0.0,0.0,0.0,0.06
2022-09-14,Non-vaccinés,15010.35,4673.15,2858.86,1788.26,81.63,65.4,8.68,7.35,4.25,4.25,
2022-09-20,Primo dose récente,15.37,4.09,2.09,1.03,0.01,0.0,0.0,0.0,0.0,0.0,0.01
2022-09-22,Primo dose efficace,651.27,202.18,103.63,68.0,2.82,2.44,0.04,0.0,0.12,0.0,1.06
2022-09-24,Complet entre 3 mois et 6 mois - sans rappel,166.9,37.22,24.24,14.3,3.29,2.11,0.0,0.0,0.02,0.02,0.25
2022-09-24,Complet - avec 1 rappel de moins de 3 mois,702.56,98.67,52.42,27.99,0.5,0.42,0.11,0.11,0.02,0.02,0.87
2022-09-25,Complet de moins de 3 mois - sans rappel,43.82,7.45,2.6,2.01,0.03,0.0,0.0,0.0,0.0,0.0,0.15
2022-09-25,Complet - avec 1 rappel de moins de 3 mois,199.28,30.28,16.0,8.46,4.21,2.13,0.06,0.0,0.0,0.0,0.86
2022-09-25,Complet - avec 1 rappel entre 3 mois et 6 mois,331.08,44.91,36.07,13.26,7.17,2.88,0.32,0.15,0.35,0.0,1.48
2022-09-26,Complet de moins de 3 mois - sans rappel,191.28,40.57,26.1,13.37,0.05,0.0,0.0,0.0,0.0,0.0,0.15
2022-09-26,Complet entre 3 mois et 6 mois - sans rappel,300.74,73.62,54.43,32.23,5.07,5.07,0.05,0.05,0.04,0.0,0.25
2022-09-27,Complet entre 3 mois et 6 mois - sans rappel,253.36,69.2,48.96,26.56,2.31,2.22,0.06,0.06,0.0,0.0,0.24
2022-09-27,Complet - avec 1 rappel de moins de 3 mois,884.17,168.66,84.68,47.54,3.44,3.32,0.3,0.25,0.0,0.0,0.85
2022-09-29,Complet de 6 mois ou plus - sans rappel,13668.75,4955.94,2696.78,1766.57,56.6,40.91,7.56,6.85,2.83,1.7,22.42
2022-09-29,Complet - avec 1 rappel de moins de 3 mois,672.65,193.23,94.16,51.68,2.56,2.34,0.02,0.0,0.04,0.0,0.81
2022-09-30,Complet de moins de 3 mois - sans rappel,132.26,36.92,16.49,13.33,0.1,0.04,0.0,0.0,0.0,0.0,0.14
2022-09-30,Complet entre 3 mois et 6 mois - sans rappel,188.27,50.09,33.41,20.1,3.1,3.05,0.0,0.0,0.0,0.0,0.24
2022-09-30,Complet - avec 2 rappels de moins de 3 mois,6031.07,1322.23,1081.12,636.29,59.29,48.95,1.79,1.33,2.42,2.25,5.9
2022-10-01,Complet - avec 2 rappels entre 3 mois et 6 mois,5426.69,816.03,855.0,438.33,54.48,45.25,10.69,8.21,5.82,4.91,4.88
2022-10-01,Complet - avec 2 rappels de 6 mois ou plus,1280.81,206.2,195.62,94.39,21.15,15.11,1.19,1.03,2.24,2.0,1.22
2022-10-01,Complet - avec 3 rappels de moins de 3 mois,82.88,14.24,8.35,5.72,0.16,0.16,0.01,0.01,0.0,0.0,0.08
2022-10-03,Primo dose récente,24.95,4.13,4.58,2.1,0.19,0.17,1.0,1.0,0.0,0.0,0.01
2022-10-03,Complet de 6 mois ou plus - sans rappel,22197.08,7357.47,5010.15,3284.77,87.91,66.99,9.59,7.94,2.96,2.67,22.42
2022-10-03,Complet - avec 1 rappel entre 3 mois et 6 mois,2031.35,496.76,384.34,217.64,13.58,11.75,1.11,1.06,2.0,2.0,1.48
2022-10-04,Complet - avec 3 rappels entre 3 et 6 mois ou plus,36.03,4.61,5.39,3.4,0.15,0.09,0.0,0.0,0.0,0.0,0.02
2022-10-05,Complet - avec 1 rappel de moins de 3 mois,779.0,190.48,118.6,64.95,3.02,2.73,1.13,1.1,0.0,0.0,0.71
2022-10-07,Non-vaccinés,11812.02,4410.71,2518.73,1564.9,122.89,91.63,11.3,9.74,13.06,8.5,
2022-10-07,Complet - avec 1 rappel de 6 mois ou plus,54118.77,20239.11,16321.49,10828.64,379.43,300.7,35.74,24.91,21.4,16.0,61.92
2022-10-08,Non-vaccinés,10623.38,2553.43,1563.03,858.53,106.18,84.48,10.65,9.84,6.26,5.0,
2022-10-09,Complet - avec 1 rappel de moins de 3 mois,164.81,22.13,12.31,7.61,0.72,0.58,0.1,0.04,0.2,0.2,0.63
2022-10-10,Complet de moins de 3 mois - sans rappel,262.16,29.58,53.26,12.18,2.15,2.05,0.0,0.0,0.0,0.0,0.12
2022-10-10,Complet - avec 1 rappel de moins de 3 mois,1039.71,235.65,160.92,88.07,5.18,4.37,0.11,0.11,1.0,1.0,0.62
2022-10-13,Complet de 6 mois ou plus - sans rappel,14094.54,5292.38,3142.92,2032.35,85.53,63.79,11.83,8.91,6.25,5.45,22.41
2022-10-14,Complet de 6 mois ou plus - sans rappel,14129.85,4899.16,2900.7,1874.78,86.69,71.45,14.87,13.62,7.46,5.6,22.41
2022-10-15,Primo dose récente,13.69,0.02,1.07,0.01,0.03,0.03,0.0,0.0,0.0,0.0,0.01
2022-10-15,Complet - avec 2 rappels de moins de 3 mois,4474.87,672.21,634.63,322.32,36.75,30.86,2.33,2.15,0.7,0.7,4.05
2022-10-15,Complet - avec 3 rappels entre 3 et 6 mois ou plus,56.18,10.65,8.17,3.26,0.11,0.03,0.0,0.0,0.02,0.0,0.03
2022-10-16,Primo dose efficace,230.98,31.79,25.29,9.35,7.81,6.8,0.03,0.0,0.12,0.06,1.05
2022-10-16,Complet - avec 2 rappels de moins de 3 mois,1165.84,162.24,166.15,63.27,25.95,19.12,2.8,2.62,1.8,1.41,4.02
2022-10-18,Primo dose efficace,927.62,233.97,140.42,70.0,10.12,6.83,0.0,0.0,0.0,0.0,1.05
2022-10-18,Complet - avec 1 rappel de 6 mois ou plus,65560.9,21242.45,16791.07,10865.41,464.66,365.31,50.6,44.46,31.78,23.81,61.79
2022-10-18,Complet - avec 3 rappels de moins de 3 mois,110.01,17.85,16.21,5.23,0.4,0.38,0.02,0.02,0.0,0.0,0.09
2022-10-19,Non-vaccinés,17074.85,4830.3,2467.54,1426.01,154.3,119.99,7.02,5.95,5.75,5.67,
2022-10-19,Complet - avec 2 rappels entre 3 mois et 6 mois,9215.07,2249.67,2329.3,1282.75,114.66,85.2,14.4,11.35,5.02,3.63,6.56
2022-10-20,Complet - avec 3 rappels de moins de 3 mois,91.32,25.73,25.97,15.42,2.13,2.1,0.0,0.0,0.0,0.0,0.11
2022-10-23,Complet - avec 2 rappels de 6 mois ou plus,837.86,109.35,128.67,33.45,37.91,29.4,3.13,1.45,5.13,2.75,2.15
2022-10-26,Complet - avec 2 rappels entre 3 mois et 6 mois,7624.96,1614.81,1595.96,819.24,90.18,67.13,14.41,11.35,4.2,2.47,7.01
2022-10-28,Complet entre 3 mois et 6 mois - sans rappel,74.73,13.07,9.33,4.5,0.19,0.12,0.0,0.0,0.0,0.0,0.22
2022-10-28,Complet - avec 2 rappels de 6 mois ou plus,1262.24,205.37,240.44,80.96,40.28,30.6,2.69,1.07,5.96,4.33,2.34
2022-11-01,Complet - avec 2 rappels entre 3 mois et 6 mois,1633.16,208.79,203.15,63.51,46.45,32.51,7.23,5.91,6.07,5.25,7.2
2022-11-02,Complet - avec 1 rappel de 6 mois ou plus,52145.72,15280.93,12293.66,7929.89,309.2,239.18,34.17,30.01,26.62,19.42,61.17
2022-11-03,Complet - avec 1 rappel de moins de 3 mois,307.13,81.79,40.03,21.14,1.67,1.12,0.0,0.0,0.09,0.09,0.39
2022-11-03,Complet - avec 1 rappel entre 3 mois et 6 mois,875.31,224.62,150.12,83.69,5.48,3.74,0.59,0.57,2.33,2.28,1.39
2022-11-03,Complet - avec 1 rappel de 6 mois ou plus,30956.86,11040.34,7765.41,5068.86,259.36,198.31,14.8,12.49,26.33,19.59,61.13
2022-11-04,Primo dose efficace,466.27,117.54,58.82,29.58,2.11,0.35,0.0,0.0,0.11,0.06,1.05
2022-11-04,Complet - avec 2 rappels de moins de 3 mois,2899.2,525.46,313.48,155.85,17.75,15.21,0.28,0.17,0.63,0.34,3.25
2022-11-07,Complet de 6 mois ou plus - sans rappel,15709.13,3956.4,2531.04,1601.38,51.98,40.98,7.32,5.72,3.76,3.0,22.38
2022-11-11,Complet - avec 3 rappels de moins de 3 mois,103.57,12.9,6.49,1.41,1.06,0.15,0.0,0.0,0.08,0.0,0.37
2022-11-13,Complet - avec 2 rappels de 6 mois ou plus,1127.56,143.29,160.71,46.09,41.62,33.09,4.2,2.26,7.57,6.61,2.89
2022-11-15,Complet - avec 2 rappels de moins de 3 mois,2527.4,233.94,182.91,61.24,17.59,13.67,1.68,1.48,3.42,3.17,3.27
2022-11-17,Complet - avec 2 rappels entre 3 mois et 6 mois,5989.45,1457.58,1331.34,762.3,77.91,61.71,12.2,10.85,7.9,6.54,7.13
2022-11-21,Non-vaccinés,15774.45,5368.47,2809.51,1808.26,120.25,85.49,11.49,9.92,5.63,3.26,
2022-11-23,Complet de 6 mois ou plus - sans rappel,13920.43,4846.11,3127.17,2154.71,80.61,65.27,5.75,4.42,5.72,5.13,22.37
2022-11-26,Complet entre 3 mois et 6 mois - sans rappel,128.78,28.32,25.32,5.83,1.16,0.13,1.07,1.0,0.04,0.0,0.18
2022-11-26,Complet - avec 2 rappels de moins de 3 mois,3296.88,408.59,259.12,138.88,20.28,15.54,1.15,1.01,1.15,1.0,3.47
2022-11-27,Complet de moins de 3 mois - sans rappel,19.89,4.51,4.34,0.08,1.07,1.06,0.0,0.0,0.0,0.0,0.08
2022-11-27,Complet - avec 1 rappel de 6 mois ou plus,9996.67,1971.26,1864.45,877.09,254.71,200.87,36.55,32.53,24.65,21.57,60.36
2022-11-27,Complet - avec 3 rappels entre 3 et 6 mois ou plus,32.94,3.35,7.8,1.1,2.75,0.14,0.0,0.0,0.0,0.0,0.07
2022-11-28,Complet entre 3 mois et 6 mois - sans rappel,234.71,54.09,36.2,19.37,1.37,1.16,0.01,0.01,0.08,0.0,0.18
2022-11-29,Complet entre 3 mois et 6 mois - sans rappel,190.17,58.93,36.67,20.81,1.16,0.09,0.0,0.0,0.04,0.0,0.17
2022-11-30,Primo dose récente,8.47,1.22,1.14,1.03,0.0,0.0,0.0,0.0,0.0,0.0,0.01
2022-12-01,Complet de 6 mois ou plus - sans rappel,6750.95,2115.96,1462.72,841.99,97.09,74.36,13.89,11.8,6.13,5.39,22.36
2022-12-03,Complet - avec 2 rappels de moins de 3 mois,2351.34,245.65,204.07,79.51,20.06,14.33,3.84,2.54,0.4,0.07,3.58
2022-12-06,Primo dose efficace,891.6,279.34,154.23,81.81,11.28,8.58,1.0,1.0,0.29,0.08,1.04
2022-12-08,Complet de 6 mois ou plus - sans rappel,14122.73,6715.12,3721.7,2579.73,108.14,81.73,8.69,7.5,8.47,4.56,22.34
2023-02-05,Primo dose efficace,,,,,0.13,,1.01,,0.0,,1.03
2023-02-05,Complet - avec 1 rappel entre 3 mois et 6 mois,,,,,0.2,,0.0,,0.0,,0.39
2023-02-05,Complet - avec 3 rappels de moins de 3 mois,,,,,4.81,,1.56,,2.14,,3.0
2023-02-06,Complet - avec 2 rappels entre 3 mois et 6 mois,,,,,12.15,,1.22,,0.4,,3.44
2023-02-06,Complet - avec 2 rappels de 6 mois ou plus,,,,,33.93,,2.3,,6.58,,6.83
2023-02-07,Complet - avec 1 rappel de moins de 3 mois,,,,,0.14,,0.02,,0.0,,0.37
2023-02-07,Complet - avec 1 rappel de 6 mois ou plus,,,,,102.71,,19.57,,13.84,,56.98
2023-02-07,Complet - avec 2 rappels entre 3 mois et 6 mois,,,,,10.65,,0.37,,0.1,,3.45
2023-02-09,Complet - avec 1 rappel de 6 mois ou plus,,,,,77.56,,4.99,,10.49,,56.95
2023-02-10,Primo dose efficace,,,,,0.84,,0.0,,0.0,,1.03
2023-02-10,Complet - avec 1 rappel de 6 mois ou plus,,,,,99.78,,9.39,,5.4,,56.93
2023-02-10,Complet - avec 2 rappels de moins de 3 mois,,,,,8.66,,0.1,,0.2,,4.89
2023-02-11,Complet - avec 2 rappels entre 3 mois et 6 mois,,,,,4.13,,0.2,,1.58,,3.47
2023-02-12,Non-vaccinés,,,,,18.01,,4.04,,4.96,,
2023-02-13,Primo dose efficace,,,,,5.27,,1.03,,0.0,,1.03
2023-02-13,Complet de moins de 3 mois - sans rappel,,,,,0.0,,0.01,,0.0,,0.07
2023-02-13,Complet - avec 1 rappel entre 3 mois et 6 mois,,,,,0.28,,1.01,,0.0,,0.38
2023-02-13,Complet - avec 2 rappels de moins de 3 mois,,,,,9.95,,1.32,,0.0,,4.9
2023-02-14,Primo dose récente,,,,,0.0,,0.0,,0.0,,0.01
2023-02-15,Complet - avec 1 rappel entre 3 mois et 6 mois,,,,,0.18,,0.0,,0.37,,0.39
2023-02-17,Complet entre 3 mois et 6 mois - sans rappel,36.67,10.33,1.31,1.07,0.04,0.0,0.0,0.0,0.0,0.0,0.08
2023-02-17,Complet de 6 mois ou plus - sans rappel,4988.34,815.88,228.5,105.3,21.2,13.8,1.87,1.35,0.82,0.6,22.22
2023-02-17,Complet - avec 1 rappel entre 3 mois et 6 mois,182.52,24.26,6.82,1.1,1.33,1.14,0.02,0.0,0.02,0.02,0.38
2023-02-18,Complet de 6 mois ou plus - sans rappel,5896.5,464.03,166.87,57.25,17.89,11.02,3.84,1.0,1.47,1.13,22.22
2023-02-18,Complet - avec 1 rappel de 6 mois ou plus,19589.1,1495.03,614.06,230.43,62.82,49.34,10.2,7.0,6.57,4.32,56.86
2023-02-19,Complet entre 3 mois et 6 mois - sans rappel,20.65,2.95,0.14,0.07,0.0,0.0,0.0,0.0,0.0,0.0,0.08
2023-02-20,Non-vaccinés,8128.26,1210.39,266.39,90.44,40.68,26.52,6.29,5.56,3.0,3.0,
2023-02-20,Complet de moins de 3 mois - sans rappel,59.06,5.1,1.48,0.06,0.29,0.0,1.0,1.0,0.0,0.0,0.07
2023-02-22,Complet de moins de 3 mois - sans rappel,46.25,4.93,2.24,1.02,1.0,1.0,0.0,0.0,0.0,0.0,0.07
2023-02-22,Complet - avec 2 rappels de 6 mois ou plus,4574.99,418.9,244.05,75.43,36.81,27.12,2.75,1.14,4.61,4.11,7.06
2023-02-23,Complet de 6 mois ou plus - sans rappel,4155.36,731.87,237.91,97.08,16.4,10.35,5.32,4.27,2.83,1.53,22.22
2023-02-23,Complet - avec 1 rappel de moins de 3 mois,145.26,23.93,8.15,2.31,1.05,1.0,0.02,0.02,1.17,1.17,0.33
2023-02-23,Complet - avec 1 rappel de 6 mois ou plus,11862.08,2310.98,930.78,467.7,76.88,50.03,8.09,3.56,13.14,10.91,56.85
2023-02-24,Primo dose récente,1.91,0.0,0.12,0.0,0.0,0.0,0.0,0.0,0.0,0.0,0.01
2023-02-25,Primo dose récente,4.76,0.0,0.12,0.0,0.0,0.0,0.0,0.0,0.0,0.0,0.0
2023-02-25,Complet de moins de 3 mois - sans rappel,39.05,3.92,2.26,0.02,1.0,1.0,0.0,0.0,0.0,0.0,0.06
2023-02-25,Complet - avec 1 rappel de moins de 3 mois,192.13,14.76,4.77,1.08,0.4,0.0,0.42,0.42,0.0,0.0,0.33
2023-02-25,Complet - avec 1 rappel entre 3 mois et 6 mois,199.45,13.16,7.03,3.26,1.08,1.08,0.08,0.08,0.0,0.0,0.38
2023-02-25,Complet - avec 1 rappel de 6 mois ou plus,19841.57,1257.84,662.58,241.4,58.79,45.07,6.31,5.81,5.33,2.45,56.84
2023-02-25,Complet - avec 2 rappels de 6 mois ou plus,4716.92,310.2,162.46,47.27,27.62,22.35,7.51,5.01,2.64,1.4,7.13
2023-02-25,Complet - avec 3 rappels de moins de 3 mois,1960.95,94.11,57.12,13.98,5.13,3.64,1.54,1.54,0.37,0.25,2.97
2023-02-26,Complet - avec 2 rappels de 6 mois ou plus,1512.63,179.29,79.38,21.24,22.53,18.91,1.28,1.28,3.41,1.36,7.14
2023-02-27,Complet - avec 1 rappel de 6 mois ou plus,30144.43,2762.32,1405.82,660.43,101.13,70.5,8.22,8.22,5.55,4.27,56.84
2023-02-28,Complet entre 3 mois et 6 mois - sans rappel,32.25,6.97,0.26,0.1,0.15,0.03,0.01,0.01,0.0,0.0,0.08
2023-03-01,Complet - avec 1 rappel de 6 mois ou plus,19232.66,1877.85,1028.43,419.33,73.65,53.34,14.17,12.84,5.13,4.6,56.84
2023-03-01,Complet - avec 2 rappels entre 3 mois et 6 mois,2198.33,205.49,117.12,43.56,11.14,8.14,1.16,0.0,0.31,0.17,3.82
2023-03-04,Complet entre 3 mois et 6 mois - sans rappel,28.12,3.7,2.14,1.05,0.0,0.0,0.0,0.0,0.0,0.0,0.08
2023-03-06,Primo dose récente,5.79,1.02,1.07,0.0,0.0,0.0,0.0,0.0,0.0,0.0,0.0
2023-03-06,Complet - avec 1 rappel entre 3 mois et 6 mois,289.09,23.36,12.18,6.05,1.63,0.09,0.01,0.01,0.0,0.0,0.38
2023-03-06,Complet - avec 2 rappels de moins de 3 mois,3231.94,194.32,115.15,43.47,14.17,11.03,1.5,0.36,1.12,1.0,3.88
2023-03-07,Primo dose efficace,315.35,43.73,19.18,9.13,3.49,0.43,1.08,1.08,1.0,0.0,1.03
2023-03-08,Complet entre 3 mois et 6 mois - sans rappel,48.27,5.99,2.66,0.41,0.03,0.03,0.0,0.0,0.02,0.0,0.08
2023-03-08,Complet - avec 1 rappel entre 3 mois et 6 mois,192.36,24.38,13.41,3.32,2.75,2.46,0.01,0.01,0.0,0.0,0.38
2023-03-08,Complet - avec 3 rappels de moins de 3 mois,1627.36,143.09,87.39,27.64,12.46,6.75,0.07,0.07,0.06,0.0,2.74
2023-03-10,Complet - avec 3 rappels entre 3 et 6 mois ou plus,851.16,115.98,87.91,34.52,16.33,10.29,0.63,0.25,1.16,1.14,1.32
2023-03-11,Non-vaccinés,4535.65,639.64,229.38,87.79,24.3,20.7,4.14,3.1,2.14,1.0,
2023-03-11,Complet - avec 3 rappels de moins de 3 mois,1586.28,82.44,60.69,15.76,11.1,6.71,0.1,0.0,1.14,1.0,2.55
2023-03-12,Complet - avec 1 rappel de moins de 3 mois,45.78,4.97,1.32,0.0,2.0,2.0,0.02,0.02,0.0,0.0,0.26
2023-03-14,Complet entre 3 mois et 6 mois - sans rappel,38.38,5.98,2.26,0.02,1.23,1.2,0.0,0.0,0.0,0.0,0.08
2023-03-15,Complet - avec 1 rappel entre 3 mois et 6 mois,206.11,31.34,28.91,16.07,3.45,2.45,0.03,0.03,0.0,0.0,0.4
2023-03-16,Complet de 6 mois ou plus - sans rappel,3420.43,882.17,416.38,239.95,34.11,23.4,3.84,2.53,4.0,4.0,22.22
2023-03-17,Non-vaccinés,3956.36,1099.09,350.6,162.3,38.28,28.67,5.4,4.05,3.23,2.89,
2023-03-17,Primo dose efficace,258.25,51.2,20.44,8.62,4.38,1.27,0.12,0.0,0.0,0.0,1.03
2023-03-17,Complet - avec 2 rappels de 6 mois ou plus,3575.24,493.11,418.15,169.14,55.32,43.33,4.09,2.65,3.34,1.89,7.57
2023-03-17,Complet - avec 3 rappels entre 3 et 6 mois ou plus,987.33,143.29,119.33,58.24,19.44,15.64,1.0,1.0,4.24,3.24,1.78
2023-03-18,Non-vaccinés,4334.85,679.73,257.68,114.52,32.64,21.96,4.95,3.11,1.52,1.34,
2023-03-18,Complet - avec 1 rappel de moins de 3 mois,106.72,9.97,7.7,2.09,1.3,1.3,0.0,0.0,0.0,0.0,0.22
2023-03-18,Complet - avec 1 rappel de 6 mois ou plus,15424.81,1491.57,1062.69,494.28,72.01,45.02,12.46,8.4,8.92,5.0,56.85
2023-03-20,Complet entre 3 mois et 6 mois - sans rappel,55.27,6.87,5.67,2.36,0.0,0.0,0.0,0.0,0.02,0.0,0.08
2023-03-22,Complet - avec 2 rappels de 6 mois ou plus,4015.24,537.01,466.04,188.41,69.64,41.46,6.93,5.05,2.46,1.0,7.68
2023-03-24,Complet entre 3 mois et 6 mois - sans rappel,32.44,8.69,5.75,2.33,0.0,0.0,0.0,0.0,0.0,0.0,0.08
2023-03-24,Complet - avec 1 rappel entre 3 mois et 6 mois,205.22,36.35,28.38,11.21,0.21,0.17,0.0,0.0,0.0,0.0,0.43
2023-03-25,Complet - avec 1 rappel de 6 mois ou plus,14017.98,1617.44,1215.81,609.71,81.23,49.3,5.85,3.67,10.77,9.02,56.87
2023-03-25,Complet - avec 2 rappels de 6 mois ou plus,3809.18,343.71,299.36,118.16,42.82,33.0,3.99,2.53,2.5,2.25,7.78
2023-03-26,Complet de 6 mois ou plus - sans rappel,1122.32,152.23,109.61,26.7,25.2,17.31,1.7,1.53,3.2,3.0,22.23
2023-03-26,Complet - avec 1 rappel entre 3 mois et 6 mois,54.6,9.67,6.96,1.39,2.5,2.05,0.01,0.0,0.0,0.0,0.43
2023-03-26,Complet - avec 3 rappels de moins de 3 mois,239.79,28.73,19.34,3.88,6.32,2.55,0.36,0.06,0.49,0.12,1.84
2023-03-27,Complet - avec 2 rappels de moins de 3 mois,1104.62,113.29,99.83,43.34,4.77,3.28,0.0,0.0,0.0,0.0,1.72
2023-03-28,Complet - avec 2 rappels de moins de 3 mois,767.81,97.26,45.29,22.16,2.35,2.26,1.04,0.04,0.0,0.0,1.69
2023-03-29,Primo dose efficace,256.55,46.61,32.0,12.98,2.74,1.29,0.02,0.02,0.0,0.0,1.03
2023-03-29,Complet - avec 2 rappels de 6 mois ou plus,3951.48,627.66,518.35,252.88,70.79,49.82,8.48,7.17,5.27,2.25,7.85
2023-03-30,Non-vaccinés,3426.04,1078.05,361.67,197.27,34.66,25.77,4.08,2.48,0.66,0.0,
2023-03-31,Complet entre 3 mois et 6 mois - sans rappel,31.04,7.77,3.82,2.25,0.0,0.0,0.0,0.0,0.0,0.0,0.08
2023-03-31,Complet - avec 2 rappels de moins de 3 mois,553.32,89.95,50.54,22.85,1.94,1.58,0.12,0.0,1.0,1.0,1.53
2023-04-01,Complet de moins de 3 mois - sans rappel,11.84,0.17,0.09,0.01,0.0,0.0,0.0,0.0,0.0,0.0,0.05
2023-04-01,Complet - avec 3 rappels de moins de 3 mois,788.09,72.9,61.29,21.81,5.97,4.62,1.2,1.2,0.07,0.0,1.74
2023-04-02,Primo dose efficace,74.95,18.01,8.79,3.16,2.65,2.54,0.01,0.01,0.0,0.0,1.03
2023-04-04,Complet - avec 1 rappel de 6 mois ou plus,15317.24,3187.88,2088.89,1179.34,122.76,83.63,21.17,14.16,10.18,8.78,56.89
2023-04-04,Complet - avec 3 rappels entre 3 et 6 mois ou plus,1422.85,225.79,191.82,85.78,23.57,16.35,1.08,0.52,3.24,3.24,2.35
2023-04-06,Primo dose récente,0.0,0.0,0.0,0.0,0.0,0.0,0.0,0.0,0.0,0.0,0.0
2023-04-06,Complet de 6 mois ou plus - sans rappel,2852.7,855.84,415.91,249.69,37.21,27.74,3.88,1.14,1.32,1.18,22.23
2023-04-07,Complet de moins de 3 mois - sans rappel,12.01,0.08,0.11,0.0,0.0,0.0,0.0,0.0,0.02,0.01,0.04
2023-04-07,Complet - avec 2 rappels entre 3 mois et 6 mois,1338.57,382.88,236.56,126.71,25.6,16.7,2.5,2.43,1.2,1.0,5.76
2023-04-08,Complet - avec 1 rappel entre 3 mois et 6 mois,153.01,27.42,12.51,7.51,3.21,3.0,0.0,0.0,0.0,0.0,0.43
2023-04-08,Complet - avec 2 rappels de 6 mois ou plus,3028.38,428.5,355.88,159.09,51.52,38.79,5.1,4.85,8.26,6.6,8.12
2023-04-08,Complet - avec 3 rappels entre 3 et 6 mois ou plus,1007.49,168.0,141.51,69.64,18.67,12.64,1.0,1.0,2.38,2.38,2.61
2023-04-09,Complet - avec 1 rappel de moins de 3 mois,13.54,1.48,3.17,1.0,0.0,0.0,0.0,0.0,0.0,0.0,0.14
2023-04-10,Non-vaccinés,1574.16,339.65,160.05,49.44,34.66,22.68,6.05,4.32,4.45,4.05,
2023-04-10,Complet - avec 2 rappels entre 3 mois et 6 mois,710.51,102.14,75.71,23.9,19.87,12.57,1.67,0.24,2.0,2.0,5.81
2023-04-11,Primo dose récente,3.52,0.2,0.0,0.0,0.0,0.0,0.0,0.0,0.0,0.0,0.0
2023-04-11,Complet de moins de 3 mois - sans rappel,18.93,1.46,1.22,0.17,0.2,0.2,0.0,0.0,1.0,1.0,0.04
2023-04-12,Primo dose efficace,223.88,44.59,25.29,13.07,4.62,4.37,0.0,0.0,0.0,0.0,1.03
2023-04-12,Complet - avec 1 rappel de moins de 3 mois,70.4,15.41,8.86,3.37,2.05,2.0,0.01,0.01,0.0,0.0,0.13
2023-04-14,Primo dose efficace,202.24,46.23,21.99,14.93,1.93,1.66,1.02,1.02,1.01,0.0,1.03
2023-04-14,Complet - avec 1 rappel entre 3 mois et 6 mois,198.85,37.53,33.9,10.36,1.21,1.21,0.13,0.13,0.03,0.0,0.42
2023-04-15,Complet - avec 1 rappel entre 3 mois et 6 mois,131.13,21.03,12.07,2.8,1.01,1.0,0.29,0.04,0.0,0.0,0.42
2023-04-15,Complet - avec 3 rappels entre 3 et 6 mois ou plus,1066.91,149.32,127.32,60.74,14.54,8.42,1.78,1.58,3.38,2.0,2.93
2023-04-17,Complet - avec 1 rappel entre 3 mois et 6 mois,246.36,38.36,27.38,7.53,1.17,1.09,0.01,0.01,0.37,0.14,0.42
2023-04-18,Complet de 6 mois ou plus - sans rappel,3795.93,782.26,433.82,234.51,22.47,16.02,5.9,5.09,2.48,2.02,22.24
2023-04-24,Complet - avec 1 rappel entre 3 mois et 6 mois,208.72,40.12,28.6,11.85,4.91,3.65,1.0,1.0,0.41,0.2,0.41
2023-04-25,Complet entre 3 mois et 6 mois - sans rappel,22.38,4.94,3.64,1.35,0.0,0.0,0.0,0.0,0.0,0.0,0.07
2023-04-25,Complet - avec 3 rappels entre 3 et 6 mois ou plus,1504.49,309.8,239.63,105.05,24.9,19.56,2.86,2.52,1.83,1.24,3.24
2023-04-26,Complet - avec 1 rappel entre 3 mois et 6 mois,161.43,35.24,23.48,8.96,1.35,0.23,0.15,0.02,0.08,0.0,0.4
2023-04-28,Primo dose efficace,144.38,40.93,23.66,9.08,4.08,3.76,0.13,0.13,1.46,1.25,1.03
2023-04-30,Non-vaccinés,940.5,237.32,91.33,29.75,20.01,12.01,0.5,0.25,3.59,3.39,
2023-05-02,Primo dose récente,1.34,0.0,0.0,0.0,0.0,0.0,0.0,0.0,0.0,0.0,0.0
2023-05-04,Primo dose récente,1.13,0.0,0.0,0.0,0.0,0.0,0.0,0.0,0.0,0.0,0.0
2023-05-05,Complet - avec 3 rappels de moins de 3 mois,145.83,40.41,14.33,6.36,0.23,0.07,1.03,1.03,0.5,0.25,0.63
2023-05-06,Non-vaccinés,2093.59,306.34,154.07,56.13,17.51,12.1,1.42,1.32,5.84,3.22,
2023-05-06,Complet - avec 1 rappel de moins de 3 mois,20.99,2.57,1.11,0.04,0.18,0.18,0.0,0.0,0.0,0.0,0.08
2023-05-07,Complet de moins de 3 mois - sans rappel,4.11,0.02,0.02,0.0,0.0,0.0,0.0,0.0,0.0,0.0,0.03
2023-05-07,Complet de 6 mois ou plus - sans rappel,622.92,106.25,46.88,16.53,14.26,10.31,1.4,1.11,0.62,0.45,22.26
2023-05-07,Complet - avec 1 rappel entre 3 mois et 6 mois,33.6,8.39,2.45,2.35,0.05,0.0,0.11,0.01,0.12,0.0,0.38
2023-05-09,Complet de moins de 3 mois - sans rappel,7.48,2.04,0.17,0.17,0.0,0.0,0.08,0.08,0.0,0.0,0.03
2023-05-09,Complet - avec 3 rappels de moins de 3 mois,295.13,34.61,19.57,8.21,0.12,0.02,1.4,1.2,0.5,0.5,0.57
2023-05-10,Primo dose récente,0.0,0.0,0.0,0.0,0.0,0.0,0.0,0.0,0.0,0.0,0.0
2023-05-11,Complet de 6 mois ou plus - sans rappel,1933.09,500.2,210.1,116.06,18.75,13.76,0.47,0.0,5.95,5.46,22.26
2023-05-12,Complet entre 3 mois et 6 mois - sans rappel,15.59,3.41,1.24,1.2,0.0,0.0,0.0,0.0,0.0,0.0,0.07
2023-05-12,Complet - avec 1 rappel de moins de 3 mois,15.43,2.35,3.51,1.06,0.0,0.0,0.0,0.0,0.0,0.0,0.07
2023-05-12,Complet - avec 2 rappels de 6 mois ou plus,2540.2,518.42,265.41,130.59,31.83,19.0,1.35,1.0,3.36,1.95,9.75
2023-05-14,Primo dose récente,0.0,0.0,0.0,0.0,0.0,0.0,0.0,0.0,0.0,0.0,0.0
2023-05-15,Complet entre 3 mois et 6 mois - sans rappel,24.63,3.86,4.81,2.36,0.13,0.0,0.12,0.0,0.0,0.0,0.07
2023-05-16,Non-vaccinés,1984.9,526.87,204.17,109.2,25.9,17.33,1.48,0.0,1.82,1.5,
2023-05-18,Complet - avec 1 rappel entre 3 mois et 6 mois,39.23,9.75,3.36,1.07,0.25,0.25,0.0,0.0,0.0,0.0,0.36
2023-05-18,Complet - avec 2 rappels de moins de 3 mois,17.39,5.59,0.11,0.09,0.0,0.0,0.0,0.0,0.0,0.0,0.21
2023-05-19,Complet - avec 1 rappel entre 3 mois et 6 mois,83.42,24.57,9.56,5.69,0.29,0.2,0.0,0.0,0.27,0.0,0.36
2023-05-20,Primo dose récente,0.08,0.0,0.0,0.0,0.0,0.0,0.0,0.0,0.0,0.0,0.0
2023-05-20,Complet - avec 2 rappels de moins de 3 mois,48.52,5.72,1.78,0.5,0.0,0.0,0.17,0.17,0.0,0.0,0.19
2023-05-21,Primo dose récente,0.0,0.0,0.0,0.0,0.0,0.0,0.0,0.0,0.0,0.0,0.0
2023-05-21,Complet - avec 1 rappel entre 3 mois et 6 mois,28.93,4.11,2.44,0.25,1.34,1.28,0.0,0.0,0.0,0.0,0.35
2023-05-21,Complet - avec 2 rappels de moins de 3 mois,12.59,2.73,0.24,0.18,0.0,0.0,0.0,0.0,0.0,0.0,0.19
2023-05-21,Complet - avec 2 rappels entre 3 mois et 6 mois,279.42,56.83,17.05,6.02,5.1,3.65,0.13,0.13,0.0,0.0,4.64
2023-05-23,Primo dose efficace,162.25,23.66,15.29,5.48,0.31,0.31,0.01,0.01,0.0,0.0,1.03
2023-05-25,Complet - avec 3 rappels de moins de 3 mois,71.19,21.97,9.35,5.71,0.44,0.19,0.0,0.0,0.0,0.0,0.4
2023-05-25,Complet - avec 3 rappels entre 3 et 6 mois ou plus,770.48,205.55,114.39,53.39,9.9,5.78,1.68,1.43,0.25,0.0,3.84
2023-05-30,Primo dose récente,0.1,0.0,0.0,0.0,0.0,0.0,0.01,0.01,0.0,0.0,0.0
2023-05-30,Complet - avec 1 rappel de moins de 3 mois,13.88,2.28,0.16,0.12,0.0,0.0,0.04,0.0,0.0,0.0,0.05
2023-05-31,Complet de moins de 3 mois - sans rappel,2.24,0.0,0.0,0.0,0.2,0.0,0.0,0.0,0.0,0.0,0.02
2023-06-09,Complet - avec 1 rappel de moins de 3 mois,8.05,2.28,0.02,0.02,1.0,0.0,0.0,0.0,0.0,0.0,0.05
2023-06-09,Complet - avec 3 rappels entre 3 et 6 mois ou plus,832.34,168.7,72.95,27.13,7.95,5.15,0.09,0.09,1.09,0.0,3.96
2023-06-10,Primo dose efficace,106.84,13.18,4.41,1.01,1.25,1.25,0.0,0.0,0.12,0.06,1.03
2023-06-11,Complet - avec 2 rappels entre 3 mois et 6 mois,163.1,24.41,6.05,2.11,0.31,0.0,0.0,0.0,0.0,0.0,3.16
2021-06-03,Primo dose efficace,38968.2,2357.67,315.37,87.98,17.34,12.51,8.48,6.9,6.38,3.84,41.49
2021-06-03,Complet de 6 mois ou plus - sans rappel,0.0,0.0,0.0,0.0,0.0,0.0,0.0,0.0,0.01,0.0,0.0
2021-06-04,Non-vaccinés,161449.86,13803.81,5535.32,1717.37,261.89,191.11,58.59,48.41,21.6,17.7,
2021-06-05,Primo dose efficace,26191.83,1097.95,179.52,43.51,22.11,18.23,7.82,5.94,7.51,5.39,41.66
2021-06-05,Complet entre 3 mois et 6 mois - sans rappel,4521.58,200.2,41.9,12.72,5.27,4.38,3.48,3.42,0.47,0.17,6.68
2021-06-06,Complet - avec 1 rappel de moins de 3 mois,0.0,0.0,0.0,0.0,0.0,0.0,0.0,0.0,0.0,0.0,0.0
2021-06-14,Primo dose récente,15120.93,860.62,214.24,93.71,11.62,8.6,2.93,2.38,0.25,0.2,15.0
2021-06-17,Primo dose efficace,44600.99,1719.14,177.12,42.1,13.77,6.97,3.78,3.31,5.43,4.66,40.67
2021-06-18,Primo dose efficace,50929.8,1765.5,197.94,48.1,10.59,5.34,0.96,0.56,4.18,2.54,40.66
2021-06-19,Non-vaccinés,60295.55,3101.76,1054.51,259.28,85.73,63.88,25.41,20.07,8.95,7.88,
2021-06-22,Complet de 6 mois ou plus - sans rappel,0.02,0.0,0.02,0.0,0.0,0.0,0.0,0.0,0.0,0.0,0.0
2021-06-24,Primo dose efficace,42275.8,1900.78,152.32,51.22,9.02,7.0,2.82,0.96,3.06,1.94,39.24
2021-06-25,Complet de 6 mois ou plus - sans rappel,0.0,0.0,0.0,0.0,0.0,0.0,0.0,0.0,0.03,0.0,0.0
2021-06-26,Primo dose récente,6645.46,239.77,40.17,10.66,0.31,0.09,1.15,0.15,0.0,0.0,9.15
2021-06-29,Non-vaccinés,88995.48,7425.42,1615.11,551.41,78.5,56.23,15.09,11.07,7.13,4.59,
2021-06-29,Complet entre 3 mois et 6 mois - sans rappel,8154.01,398.9,43.02,8.94,9.45,4.43,1.04,1.0,0.58,0.05,8.08
2021-06-29,Complet de 6 mois ou plus - sans rappel,0.0,0.0,0.0,0.0,0.0,0.0,0.0,0.0,0.0,0.0,0.0
2021-07-01,Complet de moins de 3 mois - sans rappel,41371.35,2109.13,350.63,102.22,6.69,4.57,4.9,3.37,2.71,1.35,48.22
2021-07-02,Non-vaccinés,120183.84,6304.16,1933.93,604.47,70.49,44.87,16.69,11.84,9.63,8.0,
2021-07-05,Primo dose récente,10897.98,521.07,178.28,78.12,0.98,0.43,0.16,0.07,0.0,0.0,6.61
2021-07-05,Complet de moins de 3 mois - sans rappel,68225.41,3024.13,651.6,222.62,10.87,8.27,4.29,2.29,1.62,0.0,50.99
2021-07-06,Complet - avec 1 rappel de moins de 3 mois,0.0,0.0,0.0,0.0,0.0,0.0,0.0,0.0,0.0,0.0,0.0
2021-07-07,Non-vaccinés,103741.41,7875.75,2691.84,1026.54,68.73,49.76,20.39,13.36,11.72,6.96,
2021-07-07,Complet de moins de 3 mois - sans rappel,52996.83,2946.17,574.52,207.83,12.45,9.47,3.89,1.88,1.85,0.7,52.99
2021-07-10,Primo dose récente,6883.06,213.37,115.55,45.82,5.21,3.73,1.21,1.03,0.2,0.2,6.17
2021-07-11,Non-vaccinés,19814.36,1299.65,587.18,194.2,58.49,44.35,16.88,13.74,6.73,4.66,
2021-07-11,Complet de 6 mois ou plus - sans rappel,1.0,0.0,0.0,0.0,0.0,0.0,0.0,0.0,0.0,0.0,0.0
2021-07-14,Complet entre 3 mois et 6 mois - sans rappel,3276.48,269.34,38.26,12.26,9.03,8.39,3.0,3.0,1.38,1.18,11.13
2021-07-14,Complet de 6 mois ou plus - sans rappel,3.12,0.0,1.08,0.0,0.0,0.0,0.0,0.0,0.0,0.0,0.0
2021-07-15,Non-vaccinés,133267.94,13209.56,7478.5,3500.36,96.63,68.11,29.47,23.41,7.59,7.59,
2021-07-16,Primo dose efficace,43821.94,2901.19,975.74,371.38,7.39,4.93,2.15,1.65,3.15,2.14,23.42
2021-07-16,Complet de moins de 3 mois - sans rappel,74681.31,4657.36,1546.4,551.3,32.1,28.01,5.43,4.09,1.09,1.0,58.26
2021-07-16,Complet de 6 mois ou plus - sans rappel,9.32,0.01,1.22,0.0,0.0,0.0,0.0,0.0,0.0,0.0,0.01
2021-07-17,Primo dose récente,7857.27,406.58,333.11,151.16,2.64,1.98,2.28,2.09,0.07,0.0,6.85
2021-07-18,Complet de 6 mois ou plus - sans rappel,1.11,0.01,0.08,0.0,0.0,0.0,0.0,0.0,0.0,0.0,0.01
2021-07-20,Complet de moins de 3 mois - sans rappel,67214.45,6386.16,2308.67,933.48,27.24,20.67,4.82,3.33,0.22,0.0,59.63
2021-07-25,Primo dose récente,3522.01,267.7,265.25,108.7,7.61,4.99,2.67,2.67,0.0,0.0,9.27
2021-07-28,Complet - avec 1 rappel de moins de 3 mois,0.0,0.0,0.0,0.0,0.0,0.0,0.0,0.0,0.0,0.0,0.0
2021-07-29,Complet de 6 mois ou plus - sans rappel,81.72,4.19,2.51,0.14,0.15,0.12,0.01,0.0,0.0,0.0,0.04
2021-07-30,Complet - avec 1 rappel entre 3 mois et 6 mois,0.0,0.0,0.0,0.0,0.0,0.0,0.0,0.0,0.0,0.0,0.0
2021-07-31,Complet - avec 1 rappel entre 3 mois et 6 mois,0.0,0.0,0.0,0.0,0.0,0.0,0.0,0.0,0.0,0.0,0.0
2021-08-01,Complet entre 3 mois et 6 mois - sans rappel,4670.67,420.05,144.68,56.87,24.7,14.99,4.75,3.57,11.75,10.08,15.8
2021-08-02,Primo dose récente,32630.48,2890.54,2826.12,1455.39,28.4,22.42,9.39,6.87,2.0,1.0,10.64
2021-08-04,Complet entre 3 mois et 6 mois - sans rappel,23024.6,2171.75,1052.56,368.41,53.59,40.14,10.22,6.71,12.86,7.28,16.44
2021-08-06,Non-vaccinés,142062.43,13313.28,13983.29,6184.62,387.72,275.06,143.94,112.84,34.7,24.73,
2021-08-06,Primo dose efficace,46437.0,2190.77,1290.53,460.57,34.05,25.14,5.41,3.84,5.49,4.8,12.35
2021-08-07,Complet - avec 1 rappel de moins de 3 mois,1.0,0.0,0.0,0.0,0.0,0.0,0.0,0.0,0.0,0.0,0.0
2021-08-08,Complet de 6 mois ou plus - sans rappel,215.15,28.7,17.49,12.49,3.21,3.06,0.03,0.0,0.25,0.0,0.57
2021-08-09,Primo dose efficace,49741.51,2779.34,1777.18,735.2,30.62,25.57,8.27,6.46,2.49,1.38,12.51
2021-08-11,Complet entre 3 mois et 6 mois - sans rappel,23616.54,2284.09,1268.74,466.59,80.64,65.34,10.88,8.68,14.55,13.12,18.43
2021-08-11,Complet - avec 1 rappel de moins de 3 mois,0.02,0.02,0.0,0.0,0.0,0.0,0.0,0.0,0.0,0.0,0.0
2021-08-12,Complet - avec 1 rappel entre 3 mois et 6 mois,0.0,0.0,0.0,0.0,0.0,0.0,0.0,0.0,0.0,0.0,0.0
2021-08-13,Primo dose efficace,63927.33,2275.01,1513.48,519.55,30.29,23.69,6.25,5.32,3.81,3.14,13.38
2021-08-14,Non-vaccinés,75538.18,5578.11,6869.09,2780.03,419.81,288.73,131.04,100.18,65.65,36.88,
2021-08-17,Complet de 6 mois ou plus - sans rappel,4265.32,341.38,192.28,69.09,9.44,5.35,2.32,1.81,1.97,0.5,1.54
2021-08-20,Primo dose efficace,59335.08,2227.32,1362.81,450.07,26.25,21.91,10.72,9.07,11.51,7.24,13.87
2021-08-21,Non-vaccinés,61315.16,5076.59,5859.99,2415.89,386.48,253.89,112.28,78.68,66.59,42.17,
2021-08-23,Complet entre 3 mois et 6 mois - sans rappel,32911.93,3063.21,1640.67,716.5,86.0,66.79,17.0,10.4,14.84,11.28,19.79
2021-08-24,Complet - avec 1 rappel de moins de 3 mois,0.03,0.0,0.0,0.0,0.01,0.0,0.0,0.0,0.0,0.0,0.0
2021-08-25,Complet de moins de 3 mois - sans rappel,54876.17,7705.03,3384.46,1500.37,79.48,66.06,21.29,15.94,3.62,3.22,59.48
2021-08-26,Complet de moins de 3 mois - sans rappel,52787.78,7372.76,3127.44,1332.49,72.45,52.68,18.48,15.79,13.1,11.1,59.57
2021-09-03,Complet de 6 mois ou plus - sans rappel,7121.48,559.66,222.69,75.55,17.5,14.76,2.56,1.36,5.91,4.18,3.68
2021-09-06,Primo dose récente,9324.4,526.08,389.48,174.66,11.41,8.03,4.6,4.34,0.0,0.0,2.88
2021-09-07,Primo dose efficace,18845.81,1361.95,528.04,201.87,24.9,17.01,3.14,2.48,4.79,3.36,9.04
2021-09-09,Non-vaccinés,67511.8,7901.64,4714.83,1909.66,244.39,174.5,66.66,50.06,48.9,36.93,
2021-09-12,Complet - avec 1 rappel de moins de 3 mois,79.22,3.22,1.02,0.0,0.0,0.0,0.0,0.0,0.0,0.0,0.23
2021-09-13,Complet - avec 1 rappel de moins de 3 mois,562.14,18.68,5.0,1.35,0.26,0.05,0.05,0.0,0.15,0.01,0.24
2022-07-16,Complet - avec 1 rappel de 6 mois ou plus,49880.9,13428.42,15957.95,8944.42,406.69,322.58,42.42,35.56,37.82,30.88,51.35
2022-07-17,Complet - avec 1 rappel de 6 mois ou plus,13474.64,2959.41,3737.82,1691.79,347.47,267.87,41.67,35.71,43.58,33.93,51.99
2022-07-19,Complet entre 3 mois et 6 mois - sans rappel,2065.48,563.68,593.79,331.6,16.58,12.96,0.45,0.32,1.18,1.14,1.72
2022-07-20,Complet - avec 1 rappel de 6 mois ou plus,61854.7,20061.13,21109.95,12687.29,546.91,438.58,73.49,57.82,51.08,37.3,53.1
2022-07-23,Non-vaccinés,18535.46,2985.74,2892.01,1369.06,134.24,99.4,11.82,10.1,17.75,11.27,
2022-07-26,Complet - avec 1 rappel de 6 mois ou plus,57431.42,16481.62,16383.08,9736.4,473.09,387.45,42.83,35.08,46.95,35.71,55.49
2022-08-01,Complet de moins de 3 mois - sans rappel,519.39,68.35,69.11,31.24,3.22,2.2,0.08,0.0,0.05,0.0,0.22
2022-08-01,Complet - avec 1 rappel de moins de 3 mois,2329.27,320.98,264.42,137.73,11.63,7.4,2.33,2.0,1.05,1.05,1.36
2022-08-01,Complet - avec 2 rappels de moins de 3 mois,8461.61,1417.2,1505.73,744.42,50.01,39.41,4.79,3.29,3.83,2.04,6.59
2022-08-02,Primo dose récente,37.94,1.36,6.01,0.17,0.03,0.0,0.0,0.0,0.0,0.0,0.02
2022-08-02,Complet - avec 2 rappels de 6 mois ou plus,277.43,47.43,56.06,28.77,0.3,0.1,0.04,0.03,0.04,0.0,0.27
2022-08-03,Primo dose récente,42.5,2.33,3.46,1.08,0.33,0.0,0.0,0.0,0.0,0.0,0.02
2022-08-08,Complet - avec 2 rappels de moins de 3 mois,7382.29,1128.57,1132.9,568.57,40.32,32.34,8.46,8.02,4.0,3.46,6.94
2022-08-08,Complet - avec 3 rappels entre 3 et 6 mois ou plus,9.94,1.25,2.22,1.07,0.01,0.0,1.06,1.0,0.0,0.0,0.0
2022-08-11,Complet - avec 3 rappels de moins de 3 mois,45.74,12.02,7.01,3.58,0.0,0.0,0.03,0.02,0.0,0.0,0.04
2022-08-14,Complet - avec 1 rappel entre 3 mois et 6 mois,769.42,89.32,84.59,27.9,10.97,8.32,1.65,1.57,0.78,0.28,4.07
2022-08-15,Complet de moins de 3 mois - sans rappel,114.33,9.86,8.12,1.27,0.01,0.0,0.0,0.0,0.02,0.0,0.21
2022-08-16,Non-vaccinés,14667.55,2618.5,2344.45,1323.17,98.86,80.29,6.97,5.69,10.6,7.08,
2022-08-17,Primo dose efficace,753.23,105.13,78.48,42.02,4.86,3.41,0.13,0.13,0.22,0.0,1.07
2022-08-19,Primo dose récente,13.15,2.22,1.55,1.1,0.0,0.0,0.0,0.0,0.0,0.0,0.01
2022-10-09,Complet - avec 1 rappel entre 3 mois et 6 mois,343.04,49.67,48.61,14.45,5.03,4.58,0.8,0.39,0.0,0.0,1.49
2022-10-14,Complet - avec 1 rappel de 6 mois ou plus,53241.22,19729.12,15623.21,10145.29,459.34,365.53,52.22,45.52,33.52,27.47,61.87
2022-12-06,Complet - avec 2 rappels de 6 mois ou plus,6357.45,1349.98,1456.28,654.49,122.27,96.72,10.38,8.67,9.73,6.84,3.38
2022-12-07,Complet entre 3 mois et 6 mois - sans rappel,175.24,51.11,36.06,23.87,1.39,1.31,0.0,0.0,0.0,0.0,0.17
2022-12-10,Complet de 6 mois ou plus - sans rappel,12329.21,3469.92,2140.54,1295.14,78.68,60.87,7.95,4.58,6.63,5.99,22.34
2022-12-11,Complet entre 3 mois et 6 mois - sans rappel,33.18,10.49,2.97,1.18,0.43,0.35,0.0,0.0,0.0,0.0,0.16
2022-12-14,Complet - avec 1 rappel de moins de 3 mois,553.64,130.55,64.22,30.15,2.99,2.3,0.0,0.0,0.0,0.0,0.36
2022-12-18,Non-vaccinés,4062.26,1208.17,415.26,140.77,94.48,68.12,7.82,6.32,15.44,11.62,
2022-12-21,Complet - avec 2 rappels de moins de 3 mois,4606.31,1567.99,771.88,420.31,51.56,40.49,3.78,3.62,2.54,2.1,4.65
2022-12-22,Primo dose efficace,583.94,187.92,84.2,39.42,10.16,7.43,0.07,0.01,0.04,0.0,1.03
2022-12-23,Complet - avec 3 rappels de moins de 3 mois,1798.31,547.96,397.07,172.2,37.2,31.61,4.0,3.98,3.51,3.09,1.71
2022-12-25,Primo dose récente,3.71,1.01,0.09,0.01,0.25,0.0,0.0,0.0,0.0,0.0,0.01
2022-12-26,Complet - avec 1 rappel entre 3 mois et 6 mois,668.87,194.62,119.53,52.99,9.94,5.98,0.6,0.57,0.14,0.06,0.86
2022-12-27,Complet de moins de 3 mois - sans rappel,95.32,12.67,10.74,1.33,0.0,0.0,0.2,0.2,0.0,0.0,0.08
2022-12-27,Complet - avec 1 rappel entre 3 mois et 6 mois,584.47,181.1,96.92,57.55,5.32,4.63,1.52,1.29,1.0,1.0,0.85
2023-01-03,Primo dose récente,8.37,1.11,0.48,0.0,0.0,0.0,0.0,0.0,0.0,0.0,0.01
2023-01-03,Complet - avec 3 rappels de moins de 3 mois,1998.89,381.34,162.03,57.44,21.98,17.29,2.9,2.42,5.37,4.11,2.13
2023-01-04,Complet - avec 1 rappel de moins de 3 mois,307.39,54.28,21.77,9.93,2.38,1.13,0.05,0.03,1.17,1.0,0.4
2023-01-05,Primo dose récente,8.76,2.14,0.14,0.0,0.0,0.0,0.0,0.0,0.0,0.0,0.01
2023-01-05,Complet de moins de 3 mois - sans rappel,51.59,11.17,2.55,1.13,1.05,1.0,0.11,0.0,1.0,1.0,0.08
2023-01-05,Complet de 6 mois ou plus - sans rappel,5653.07,1665.72,421.38,211.97,42.13,27.74,7.54,6.66,5.9,4.99,22.26
2023-01-06,Complet - avec 1 rappel de moins de 3 mois,307.99,54.08,15.65,4.97,1.84,1.32,0.03,0.03,0.0,0.0,0.4
2023-01-07,Non-vaccinés,5723.65,1004.48,286.83,100.92,47.13,36.46,4.3,3.52,10.36,7.02,
2023-01-07,Complet - avec 1 rappel de moins de 3 mois,312.08,21.51,8.79,2.44,1.42,1.27,0.1,0.01,0.04,0.02,0.4
2023-01-11,Complet - avec 1 rappel entre 3 mois et 6 mois,363.33,57.91,12.82,2.65,4.08,3.66,0.18,0.17,0.2,0.0,0.59
2023-01-14,Primo dose efficace,324.42,29.27,10.73,2.67,2.45,2.17,0.0,0.0,0.09,0.06,1.03
2023-01-15,Non-vaccinés,2536.68,536.25,112.05,25.8,33.8,24.86,2.93,2.54,4.67,3.39,
2023-01-15,Complet - avec 3 rappels de moins de 3 mois,703.88,99.36,27.88,4.45,8.72,5.83,0.22,0.16,1.32,1.25,2.49
2023-01-17,Complet - avec 1 rappel entre 3 mois et 6 mois,400.96,53.16,14.92,5.52,0.37,0.2,0.0,0.0,0.2,0.2,0.54
2023-01-22,Complet - avec 1 rappel entre 3 mois et 6 mois,83.49,9.53,4.67,0.21,0.3,0.06,0.0,0.0,1.2,0.2,0.48
2023-01-23,Complet - avec 1 rappel entre 3 mois et 6 mois,449.82,51.96,15.76,9.94,1.4,1.23,0.0,0.0,0.0,0.0,0.48
2023-01-25,Complet - avec 2 rappels de moins de 3 mois,3496.06,314.35,105.23,42.2,16.02,11.28,1.49,1.35,0.42,0.22,5.32
2023-02-08,Complet entre 3 mois et 6 mois - sans rappel,,,,,1.0,,0.0,,0.0,,0.08
2023-02-08,Complet de 6 mois ou plus - sans rappel,,,,,22.11,,3.96,,1.43,,22.22
2023-02-08,Complet - avec 1 rappel de moins de 3 mois,,,,,0.06,,0.01,,0.0,,0.37
2023-02-09,Complet - avec 3 rappels entre 3 et 6 mois ou plus,,,,,2.98,,0.0,,0.0,,0.53
2023-02-10,Complet - avec 3 rappels de moins de 3 mois,,,,,4.51,,0.13,,2.0,,3.01
2023-02-13,Complet de 6 mois ou plus - sans rappel,,,,,27.58,,4.28,,1.02,,22.22
2023-02-14,Primo dose efficace,,,,,0.34,,0.01,,0.0,,1.03
2023-02-14,Complet de moins de 3 mois - sans rappel,,,,,0.03,,0.0,,0.0,,0.07
2023-02-14,Complet - avec 2 rappels entre 3 mois et 6 mois,,,,,8.8,,1.03,,0.3,,3.51
2023-02-15,Complet de moins de 3 mois - sans rappel,,,,,1.0,,0.0,,0.0,,0.07
2023-02-15,Complet - avec 2 rappels de moins de 3 mois,,,,,6.56,,0.17,,0.0,,4.8
2023-02-16,Primo dose efficace,,,,,4.56,,0.0,,0.0,,1.03
2023-02-16,Complet - avec 3 rappels de moins de 3 mois,,,,,9.21,,1.48,,0.15,,3.04
2023-02-19,Primo dose récente,1.15,0.06,0.05,0.0,0.0,0.0,0.0,0.0,0.0,0.0,0.01
2023-02-19,Complet - avec 1 rappel entre 3 mois et 6 mois,57.03,8.79,5.82,1.51,0.0,0.0,0.33,0.17,0.0,0.0,0.38
2023-02-20,Complet - avec 1 rappel entre 3 mois et 6 mois,319.27,33.25,23.45,6.83,0.18,0.07,0.06,0.0,0.0,0.0,0.38
2023-02-21,Complet - avec 1 rappel de 6 mois ou plus,22686.72,2672.78,1054.74,457.17,87.85,65.13,16.75,14.58,14.37,9.7,56.86
2023-02-21,Complet - avec 3 rappels de moins de 3 mois,2275.5,211.05,98.66,31.12,14.47,12.34,0.19,0.19,0.99,0.22,3.02
2023-02-21,Complet - avec 3 rappels entre 3 et 6 mois ou plus,658.07,65.46,30.74,15.83,5.39,4.65,0.1,0.1,1.02,1.0,0.74
2023-02-23,Complet de moins de 3 mois - sans rappel,37.41,8.37,0.5,0.06,0.23,0.0,0.01,0.01,0.0,0.0,0.07
2023-02-24,Complet - avec 2 rappels de moins de 3 mois,1964.42,211.7,64.11,21.07,12.08,11.39,0.09,0.03,1.0,0.0,4.4
2023-02-25,Complet - avec 3 rappels entre 3 et 6 mois ou plus,624.62,44.52,23.92,5.04,2.37,2.33,0.01,0.01,0.45,0.25,0.86
2023-02-26,Complet - avec 2 rappels entre 3 mois et 6 mois,623.07,73.79,25.51,10.4,10.04,9.25,1.25,1.25,0.0,0.0,3.76
2023-02-27,Complet - avec 3 rappels de moins de 3 mois,3038.93,196.52,120.54,45.18,8.91,6.55,0.39,0.25,0.0,0.0,2.97
2023-02-28,Complet - avec 1 rappel de moins de 3 mois,226.04,27.36,11.65,5.76,1.13,1.13,1.0,0.0,0.0,0.0,0.32
2023-03-02,Complet - avec 1 rappel de moins de 3 mois,108.1,18.01,12.69,6.47,1.25,1.14,1.0,1.0,1.0,1.0,0.31
2023-03-03,Complet de moins de 3 mois - sans rappel,28.63,3.66,1.1,0.05,0.04,0.0,0.0,0.0,0.0,0.0,0.06
2023-03-03,Complet - avec 3 rappels entre 3 et 6 mois ou plus,718.73,96.33,51.12,23.4,2.77,1.53,0.4,0.0,0.18,0.0,1.0
2023-03-11,Primo dose efficace,255.45,24.85,16.42,4.66,3.47,3.27,0.0,0.0,0.0,0.0,1.03
2023-03-13,Complet entre 3 mois et 6 mois - sans rappel,63.0,6.29,7.72,3.07,0.2,0.2,0.0,0.0,0.0,0.0,0.08
2023-03-15,Complet - avec 1 rappel de moins de 3 mois,125.77,16.94,8.14,5.35,0.36,0.28,0.12,0.01,0.0,0.0,0.25
2023-03-18,Complet - avec 1 rappel entre 3 mois et 6 mois,180.61,13.42,11.35,3.61,1.15,1.08,0.0,0.0,0.0,0.0,0.42
2023-03-19,Non-vaccinés,1697.35,459.18,144.11,44.04,34.5,24.75,4.92,3.35,3.05,3.0,
2023-03-19,Complet - avec 3 rappels entre 3 et 6 mois ou plus,365.51,53.88,41.05,10.43,8.35,6.01,1.33,1.0,0.0,0.0,1.91
2023-03-21,Complet de 6 mois ou plus - sans rappel,5058.35,1016.46,571.68,310.11,30.72,20.76,1.54,1.32,2.36,2.18,22.23
2023-03-22,Complet - avec 1 rappel entre 3 mois et 6 mois,230.03,35.0,26.04,10.94,0.53,0.35,0.0,0.0,0.0,0.0,0.43
2023-03-22,Complet - avec 2 rappels de moins de 3 mois,777.39,100.42,56.42,26.01,4.8,3.71,0.12,0.08,1.07,1.0,1.96
2023-03-23,Complet de moins de 3 mois - sans rappel,17.2,6.93,2.48,1.03,0.09,0.04,0.01,0.01,0.0,0.0,0.05
2023-03-23,Complet de 6 mois ou plus - sans rappel,3243.89,896.06,479.19,272.08,30.26,23.29,2.67,1.28,0.7,0.0,22.23
2023-03-25,Complet - avec 2 rappels entre 3 mois et 6 mois,2447.98,236.89,179.52,85.14,13.07,12.21,1.2,1.07,0.0,0.0,5.6
2023-03-26,Complet entre 3 mois et 6 mois - sans rappel,9.91,0.2,0.08,0.0,0.12,0.0,0.0,0.0,0.0,0.0,0.08
2023-03-27,Primo dose efficace,343.29,47.88,34.24,14.74,5.65,5.41,0.0,0.0,0.0,0.0,1.03
2023-03-27,Complet - avec 3 rappels de moins de 3 mois,1500.31,155.12,122.26,49.88,9.07,8.83,2.0,2.0,0.21,0.0,1.84
2023-03-28,Non-vaccinés,4885.6,1133.9,428.07,204.28,40.5,26.92,4.6,2.68,7.0,5.49,
2023-03-28,Complet - avec 3 rappels entre 3 et 6 mois ou plus,1512.3,201.28,208.56,81.36,23.27,15.86,2.76,2.32,1.52,1.35,2.21
2023-03-30,Complet de moins de 3 mois - sans rappel,12.87,0.27,1.23,0.01,0.01,0.0,0.07,0.0,0.08,0.0,0.05
2023-03-30,Complet - avec 2 rappels entre 3 mois et 6 mois,1522.77,342.29,238.94,111.82,23.5,17.4,2.93,2.24,3.16,3.0,5.63
2023-03-30,Complet - avec 3 rappels entre 3 et 6 mois ou plus,860.08,190.34,172.48,68.74,27.64,21.04,4.54,2.68,1.32,1.0,2.27
2023-03-31,Non-vaccinés,3502.78,993.52,375.33,170.5,39.76,28.47,5.56,4.73,3.79,3.2,
2023-03-31,Primo dose récente,2.07,0.0,0.0,0.0,0.0,0.0,0.0,0.0,0.0,0.0,0.0
2023-03-31,Complet de moins de 3 mois - sans rappel,8.64,2.18,1.14,1.0,1.08,1.08,0.0,0.0,0.0,0.0,0.05
2023-04-01,Complet entre 3 mois et 6 mois - sans rappel,27.24,3.76,0.26,0.0,0.0,0.0,0.0,0.0,0.0,0.0,0.08
2023-04-02,Non-vaccinés,1456.4,318.26,115.07,42.55,30.31,21.21,4.65,4.65,6.15,4.26,
2023-04-02,Complet entre 3 mois et 6 mois - sans rappel,7.48,0.7,1.13,0.03,0.0,0.0,0.0,0.0,0.0,0.0,0.07
2023-04-02,Complet - avec 3 rappels de moins de 3 mois,212.88,39.64,28.79,6.43,4.34,3.77,2.0,1.0,1.12,1.0,1.74
2023-04-04,Primo dose efficace,281.21,52.62,30.78,11.39,1.08,1.0,0.05,0.04,0.02,0.02,1.03
2023-04-05,Complet de moins de 3 mois - sans rappel,18.81,1.16,3.08,0.0,0.0,0.0,0.0,0.0,0.01,0.01,0.05
2023-04-05,Complet de 6 mois ou plus - sans rappel,4224.87,945.11,498.89,303.04,27.94,19.75,5.32,4.0,2.02,2.02,22.23
2023-04-06,Complet - avec 1 rappel entre 3 mois et 6 mois,143.47,38.2,13.0,8.0,0.38,0.14,0.37,0.0,1.01,1.01,0.42
2023-04-08,Complet - avec 2 rappels entre 3 mois et 6 mois,1841.62,204.79,172.02,78.86,20.18,10.35,4.0,4.0,1.0,1.0,5.8
2023-04-09,Complet - avec 3 rappels de moins de 3 mois,130.88,24.26,11.27,6.24,3.57,1.77,0.01,0.01,0.12,0.0,1.47
2023-04-10,Primo dose récente,0.05,0.0,0.0,0.0,0.0,0.0,0.0,0.0,0.0,0.0,0.0
2023-04-10,Primo dose efficace,88.94,16.07,16.21,4.75,1.56,1.36,0.0,0.0,0.06,0.06,1.03
2023-04-10,Complet de moins de 3 mois - sans rappel,7.0,1.11,1.04,1.0,0.02,0.0,0.0,0.0,0.01,0.01,0.04
2023-04-10,Complet - avec 2 rappels de 6 mois ou plus,1365.42,200.53,196.08,51.8,54.58,40.1,5.77,3.68,0.2,0.0,8.13
2023-04-11,Primo dose efficace,308.7,60.84,41.83,25.24,3.17,1.64,0.1,0.0,0.2,0.0,1.03
2023-04-11,Complet - avec 1 rappel de moins de 3 mois,76.33,12.72,11.26,5.54,1.21,1.2,0.0,0.0,0.0,0.0,0.14
2023-04-11,Complet - avec 1 rappel de 6 mois ou plus,20431.41,4045.76,3053.06,1778.92,173.7,123.96,20.18,14.54,11.69,9.49,56.9
2023-04-11,Complet - avec 3 rappels de moins de 3 mois,984.7,146.97,116.04,59.2,8.24,8.14,0.01,0.0,0.47,0.35,1.42
2023-04-13,Non-vaccinés,3281.0,940.76,416.92,223.13,43.2,28.24,3.75,1.82,2.36,1.0,
2023-04-13,Complet - avec 1 rappel de moins de 3 mois,51.46,11.2,5.7,2.23,0.11,0.08,0.06,0.0,0.0,0.0,0.13
2023-04-13,Complet - avec 1 rappel de 6 mois ou plus,9045.59,3055.87,1870.33,1172.07,125.01,81.99,18.61,16.5,7.68,5.0,56.91
2023-04-13,Complet - avec 3 rappels entre 3 et 6 mois ou plus,1051.31,302.36,230.5,118.03,23.47,21.27,1.36,1.04,1.41,1.0,2.8
2023-04-14,Complet - avec 2 rappels de 6 mois ou plus,3180.95,753.83,558.13,269.89,64.64,48.19,6.72,3.66,11.94,9.99,8.35
2023-04-16,Complet - avec 1 rappel entre 3 mois et 6 mois,41.49,5.47,6.2,1.21,1.36,1.36,1.25,1.0,0.0,0.0,0.42
2023-04-16,Complet - avec 2 rappels de 6 mois ou plus,1097.45,194.23,155.56,41.39,44.13,29.33,3.1,2.1,6.67,3.25,8.46
2023-04-17,Complet entre 3 mois et 6 mois - sans rappel,54.09,5.76,1.94,1.11,0.0,0.0,0.0,0.0,0.0,0.0,0.07
2023-04-17,Complet - avec 1 rappel de moins de 3 mois,67.75,10.58,11.97,4.39,1.51,0.08,0.0,0.0,0.0,0.0,0.12
2023-04-17,Complet - avec 1 rappel de 6 mois ou plus,16594.84,3442.66,2390.09,1368.02,154.37,115.63,21.07,18.28,13.88,9.85,56.92
2023-04-17,Complet - avec 2 rappels de 6 mois ou plus,5103.73,858.59,767.17,351.01,97.12,68.84,7.24,5.24,19.39,12.98,8.46
2023-04-17,Complet - avec 3 rappels de moins de 3 mois,708.14,110.72,67.51,35.55,8.01,6.73,0.26,0.01,0.41,0.0,1.17
2023-04-19,Complet de moins de 3 mois - sans rappel,6.74,0.4,0.27,0.19,0.0,0.0,0.0,0.0,0.0,0.0,0.04
2023-04-21,Primo dose récente,0.09,0.0,0.0,0.0,0.0,0.0,0.0,0.0,0.0,0.0,0.0
2023-04-22,Non-vaccinés,2860.87,465.18,242.58,87.26,26.71,17.54,4.36,2.0,2.79,1.27,
2023-04-22,Complet entre 3 mois et 6 mois - sans rappel,13.12,1.29,2.23,0.05,0.0,0.0,0.0,0.0,0.0,0.0,0.07
2023-04-22,Complet - avec 3 rappels entre 3 et 6 mois ou plus,1103.69,159.87,155.88,62.14,17.58,12.63,2.06,2.0,4.44,2.08,3.2
2023-04-23,Non-vaccinés,1181.84,265.16,109.58,31.31,35.76,26.33,1.16,1.04,9.04,6.2,
2023-04-23,Primo dose récente,0.03,0.0,0.0,0.0,0.0,0.0,0.0,0.0,0.0,0.0,0.0
2023-04-23,Complet - avec 3 rappels entre 3 et 6 mois ou plus,466.05,94.71,63.19,24.51,15.42,7.87,1.33,1.17,3.08,3.0,3.21
2023-04-24,Non-vaccinés,4331.05,788.4,432.59,200.81,37.19,24.54,6.96,6.18,4.85,2.71,
2023-04-24,Complet de moins de 3 mois - sans rappel,8.3,0.48,0.01,0.0,0.16,0.16,0.0,0.0,0.01,0.0,0.03
2023-04-25,Complet - avec 1 rappel entre 3 mois et 6 mois,172.79,34.95,23.93,11.44,4.69,3.01,0.01,0.0,0.25,0.0,0.41
2023-04-25,Complet - avec 3 rappels de moins de 3 mois,387.4,85.54,46.17,25.96,5.96,5.76,0.53,0.07,0.08,0.0,0.91
2023-04-26,Complet - avec 2 rappels de 6 mois ou plus,3055.95,646.53,471.1,207.56,57.88,44.49,6.47,5.84,11.03,6.69,9.0
2023-04-27,Complet - avec 2 rappels entre 3 mois et 6 mois,1128.19,322.05,172.07,73.06,16.59,9.12,1.21,1.0,1.11,0.0,5.46
2023-04-27,Complet - avec 2 rappels de 6 mois ou plus,2402.23,680.97,441.88,217.99,54.59,37.02,8.38,5.4,4.61,4.5,9.06
2023-04-27,Complet - avec 3 rappels entre 3 et 6 mois ou plus,1003.46,241.26,175.31,85.19,21.96,13.6,2.42,1.0,1.11,0.0,3.32
2023-04-28,Complet - avec 1 rappel de moins de 3 mois,21.52,6.51,3.31,2.09,0.06,0.0,0.0,0.0,0.02,0.0,0.09
2023-04-29,Non-vaccinés,2336.33,381.77,193.32,68.77,22.69,14.54,5.0,5.0,3.89,2.89,
2023-04-30,Primo dose efficace,56.58,11.44,9.09,3.53,1.51,1.16,0.0,0.0,0.0,0.0,1.03
2023-04-30,Complet - avec 1 rappel de moins de 3 mois,11.0,3.33,1.17,1.09,0.0,0.0,0.0,0.0,0.0,0.0,0.09
2023-05-01,Complet - avec 2 rappels de 6 mois ou plus,1125.5,206.18,164.42,44.14,52.32,35.25,4.62,3.47,3.32,2.5,9.23
2023-05-03,Complet de moins de 3 mois - sans rappel,6.37,0.34,0.17,0.04,0.0,0.0,0.0,0.0,0.0,0.0,0.03
2023-05-03,Complet - avec 1 rappel de moins de 3 mois,33.42,5.03,4.41,2.2,0.06,0.0,0.12,0.0,0.0,0.0,0.08
2023-05-03,Complet - avec 3 rappels de moins de 3 mois,243.51,56.59,29.8,16.48,2.29,2.03,1.01,1.0,0.0,0.0,0.68
2023-05-08,Primo dose récente,0.0,0.0,0.0,0.0,0.0,0.0,0.0,0.0,0.0,0.0,0.0
2023-05-08,Complet - avec 3 rappels de moins de 3 mois,54.47,6.45,2.71,0.19,1.06,1.06,0.49,0.24,1.0,1.0,0.59
2023-05-12,Non-vaccinés,1903.38,452.53,166.33,83.45,23.07,18.07,2.7,2.35,4.21,3.7,
2023-05-12,Complet - avec 2 rappels de moins de 3 mois,70.47,13.93,4.87,3.25,0.1,0.0,0.0,0.0,0.0,0.0,0.25
2023-05-12,Complet - avec 2 rappels entre 3 mois et 6 mois,1032.23,212.1,97.01,47.62,11.97,7.25,0.0,0.0,1.45,1.45,4.96
2023-05-13,Non-vaccinés,2062.44,283.55,124.35,54.45,15.1,10.54,2.82,1.45,2.29,2.2,
2023-05-13,Primo dose efficace,117.1,15.18,3.77,2.35,1.51,1.1,0.0,0.0,0.06,0.06,1.03
2023-05-13,Complet - avec 3 rappels entre 3 et 6 mois ou plus,995.23,106.93,79.24,31.0,5.6,5.11,3.37,3.25,0.14,0.0,3.72
2023-05-14,Complet - avec 1 rappel de moins de 3 mois,1.3,0.02,0.0,0.0,0.06,0.0,0.0,0.0,0.0,0.0,0.07
2023-05-15,Complet de moins de 3 mois - sans rappel,8.55,3.43,0.23,0.0,0.0,0.0,0.0,0.0,0.0,0.0,0.03
2023-05-16,Complet - avec 1 rappel entre 3 mois et 6 mois,86.66,21.72,10.28,5.36,2.14,2.13,0.02,0.0,0.08,0.0,0.37
2023-05-17,Non-vaccinés,1753.95,461.27,159.32,78.49,23.31,14.32,5.79,3.42,2.55,2.15,
2023-05-17,Complet de moins de 3 mois - sans rappel,3.79,0.46,0.05,0.01,0.0,0.0,0.0,0.0,0.0,0.0,0.02
2023-05-17,Complet de 6 mois ou plus - sans rappel,1738.66,486.94,212.68,117.78,10.05,7.66,1.0,1.0,1.42,1.3,22.26
2023-05-18,Non-vaccinés,752.71,188.5,61.75,23.77,16.08,11.72,1.0,1.0,8.36,6.36,
2023-05-18,Primo dose efficace,43.17,10.88,0.97,0.39,0.35,0.29,0.0,0.0,0.0,0.0,1.03
2023-05-18,Complet - avec 2 rappels de 6 mois ou plus,798.06,140.06,68.61,25.43,26.58,20.61,1.69,1.69,4.0,2.0,9.93
2023-05-19,Primo dose efficace,120.81,40.94,17.07,9.15,3.16,1.78,1.0,1.0,0.06,0.0,1.03
2023-05-19,Complet - avec 1 rappel de 6 mois ou plus,6316.99,1575.83,817.76,520.79,40.46,26.57,10.08,6.08,5.19,2.54,57.04
2023-05-19,Complet - avec 2 rappels de moins de 3 mois,69.43,11.65,5.51,3.16,0.1,0.0,0.28,0.28,0.08,0.0,0.2
2023-05-20,Complet entre 3 mois et 6 mois - sans rappel,15.81,3.22,1.01,1.01,0.0,0.0,0.0,0.0,0.0,0.0,0.07
2023-05-20,Complet - avec 1 rappel entre 3 mois et 6 mois,63.35,11.24,4.62,1.12,0.13,0.08,0.01,0.01,1.0,1.0,0.35
2023-05-22,Complet - avec 1 rappel de moins de 3 mois,21.17,5.37,1.25,1.2,0.03,0.03,0.0,0.0,0.0,0.0,0.06
2023-05-24,Complet - avec 1 rappel de 6 mois ou plus,7215.04,1696.1,744.52,435.53,51.7,39.72,10.72,10.72,3.86,2.37,57.05
2023-05-25,Complet - avec 1 rappel de moins de 3 mois,6.26,1.36,0.05,0.0,0.0,0.0,0.08,0.08,0.0,0.0,0.06
2023-05-26,Non-vaccinés,1491.83,478.25,154.51,77.31,14.22,11.29,1.96,1.6,3.97,2.97,
2023-05-26,Complet - avec 2 rappels de 6 mois ou plus,1759.71,474.62,207.33,110.34,30.31,20.1,2.43,1.67,6.48,4.48,10.32
2023-05-27,Complet de moins de 3 mois - sans rappel,3.45,1.17,0.0,0.0,0.02,0.0,0.0,0.0,0.0,0.0,0.02
2023-05-27,Complet - avec 1 rappel de moins de 3 mois,9.74,0.14,1.04,0.0,0.0,0.0,0.0,0.0,0.0,0.0,0.06
2023-05-27,Complet - avec 2 rappels entre 3 mois et 6 mois,699.67,98.89,38.92,19.75,4.94,3.69,0.0,0.0,1.0,0.0,4.36
2023-05-28,Complet - avec 1 rappel entre 3 mois et 6 mois,24.5,4.61,1.68,0.11,0.0,0.0,0.0,0.0,0.0,0.0,0.33
2023-05-29,Complet - avec 2 rappels de 6 mois ou plus,1049.75,166.19,84.36,19.7,20.76,15.88,3.05,2.55,2.3,1.15,10.41
2023-05-30,Complet - avec 1 rappel de 6 mois ou plus,10336.51,2031.4,974.15,579.08,45.76,34.79,11.42,8.37,5.72,5.0,57.07
2023-05-31,Non-vaccinés,2209.91,485.38,182.92,92.5,22.02,13.91,0.51,0.4,1.11,1.0,
2023-05-31,Complet - avec 1 rappel entre 3 mois et 6 mois,70.51,13.76,6.2,4.29,1.0,1.0,0.0,0.0,0.0,0.0,0.33
2023-05-31,Complet - avec 2 rappels entre 3 mois et 6 mois,845.47,195.97,74.21,38.92,4.87,3.28,0.0,0.0,0.0,0.0,4.21
2023-05-31,Complet - avec 3 rappels de moins de 3 mois,88.26,21.83,6.17,4.62,1.01,1.0,0.0,0.0,0.0,0.0,0.36
2023-06-01,Complet - avec 2 rappels de 6 mois ou plus,1811.68,464.63,199.11,102.75,26.92,17.57,5.49,4.57,3.5,3.0,10.61
2023-06-03,Complet - avec 1 rappel de 6 mois ou plus,5445.27,745.47,317.29,158.95,22.59,15.18,3.5,2.5,2.72,2.72,57.1
2023-06-04,Complet entre 3 mois et 6 mois - sans rappel,2.46,0.03,0.03,0.0,0.0,0.0,0.0,0.0,0.0,0.0,0.06
2023-06-04,Complet - avec 1 rappel de moins de 3 mois,1.26,0.03,0.03,0.0,0.0,0.0,0.0,0.0,0.0,0.0,0.05
2023-06-04,Complet - avec 1 rappel entre 3 mois et 6 mois,21.95,7.5,2.16,1.0,0.0,0.0,1.0,1.0,0.0,0.0,0.31
2023-06-04,Complet - avec 2 rappels de moins de 3 mois,13.56,1.27,0.0,0.0,0.16,0.16,0.0,0.0,0.0,0.0,0.13
2023-06-05,Non-vaccinés,2766.0,552.77,172.51,86.04,15.02,10.39,1.12,1.12,3.27,1.81,
2023-06-05,Complet - avec 1 rappel de moins de 3 mois,16.06,2.29,2.02,1.02,0.0,0.0,0.0,0.0,0.02,0.01,0.05
2023-06-05,Complet - avec 1 rappel entre 3 mois et 6 mois,86.29,10.84,5.69,1.0,0.06,0.01,0.0,0.0,0.03,0.01,0.31
2023-06-06,Complet de moins de 3 mois - sans rappel,2.12,0.21,0.17,0.17,0.02,0.0,0.0,0.0,0.01,0.0,0.02
2023-06-06,Complet - avec 1 rappel entre 3 mois et 6 mois,65.64,11.38,5.81,2.11,0.0,0.0,0.0,0.0,1.01,1.0,0.3
2023-06-06,Complet - avec 3 rappels entre 3 et 6 mois ou plus,1078.66,185.52,103.76,33.51,8.14,4.92,1.3,1.1,1.91,0.25,3.93
2023-06-07,Complet - avec 2 rappels de moins de 3 mois,36.09,7.76,3.27,3.2,0.0,0.0,0.0,0.0,0.0,0.0,0.12
2023-06-08,Complet - avec 1 rappel de moins de 3 mois,10.95,2.12,0.0,0.0,0.0,0.0,0.04,0.04,0.0,0.0,0.05
2023-06-08,Complet - avec 2 rappels de moins de 3 mois,23.33,5.95,0.55,0.51,0.0,0.0,0.0,0.0,0.0,0.0,0.12
2023-06-09,Complet de 6 mois ou plus - sans rappel,1406.78,365.76,112.34,64.41,9.34,4.91,1.27,0.09,1.04,0.0,22.29
2023-06-09,Complet - avec 3 rappels de moins de 3 mois,75.14,19.72,5.47,3.28,0.5,0.0,0.0,0.0,0.01,0.0,0.33
2023-06-10,Primo dose récente,0.53,0.0,0.0,0.0,0.0,0.0,0.0,0.0,0.0,0.0,0.0
2023-06-10,Complet - avec 1 rappel entre 3 mois et 6 mois,49.23,3.77,0.28,0.1,0.05,0.0,0.0,0.0,0.0,0.0,0.27
2023-06-10,Complet - avec 2 rappels de moins de 3 mois,29.0,3.76,0.4,0.4,0.0,0.0,0.0,0.0,0.02,0.01,0.12
2023-06-11,Complet - avec 1 rappel de moins de 3 mois,2.28,0.16,0.0,0.0,0.0,0.0,0.0,0.0,0.01,0.01,0.04
2023-06-11,Complet - avec 3 rappels de moins de 3 mois,16.1,4.34,0.01,0.01,0.26,0.0,0.0,0.0,0.0,0.0,0.32
2021-06-01,Complet de moins de 3 mois - sans rappel,32807.12,1757.75,620.61,204.4,37.36,30.87,11.66,6.85,2.58,0.4,34.12
2021-06-01,Complet entre 3 mois et 6 mois - sans rappel,7741.45,347.18,70.83,13.96,2.9,2.36,0.16,0.1,2.23,1.54,6.11
2021-06-04,Complet de moins de 3 mois - sans rappel,39746.57,1537.35,526.79,150.16,27.69,21.99,7.13,3.76,3.24,3.06,34.33
2021-06-04,Complet de 6 mois ou plus - sans rappel,0.02,0.02,0.02,0.02,0.0,0.0,0.0,0.0,0.0,0.0,0.0
2021-06-07,Complet entre 3 mois et 6 mois - sans rappel,9961.35,403.82,86.07,14.1,4.34,3.91,2.95,1.34,2.2,1.72,6.67
2021-06-09,Non-vaccinés,107121.49,11240.81,3414.42,1185.72,190.76,142.41,39.23,27.56,23.29,17.02,
2021-06-09,Complet de moins de 3 mois - sans rappel,30960.83,1410.65,349.57,97.72,28.06,17.83,4.34,2.14,4.22,3.4,35.28
2021-06-11,Primo dose récente,17901.39,752.78,220.61,73.98,9.01,4.83,3.69,2.81,0.0,0.0,15.63
2021-06-14,Non-vaccinés,112674.65,9895.77,3237.01,1064.08,147.74,106.46,38.33,28.47,16.6,14.68,
2021-06-14,Primo dose efficace,47407.57,2304.81,265.87,61.48,17.53,14.38,2.86,2.68,3.4,3.32,41.0
2021-06-17,Primo dose récente,15451.38,639.65,133.9,52.28,7.91,7.03,0.54,0.24,0.42,0.22,13.5
2021-06-18,Complet - avec 1 rappel de moins de 3 mois,0.0,0.0,0.0,0.0,0.0,0.0,0.0,0.0,0.0,0.0,0.0
2021-06-19,Primo dose efficace,28211.92,837.6,123.31,23.6,10.44,9.37,3.03,2.91,5.56,3.76,40.39
2021-06-22,Primo dose récente,9166.74,602.68,88.44,35.08,3.13,2.64,3.0,1.0,0.0,0.0,11.33
2021-06-23,Non-vaccinés,81312.91,6452.72,1536.89,444.72,76.09,50.17,15.7,11.86,15.79,13.09,
2021-06-25,Primo dose efficace,47772.24,1970.5,180.24,35.42,12.11,8.75,2.07,1.07,1.43,1.36,38.91
2021-06-26,Complet - avec 1 rappel de moins de 3 mois,0.0,0.0,0.0,0.0,0.0,0.0,0.0,0.0,0.0,0.0,0.0
2021-06-27,Primo dose récente,1601.73,81.27,18.68,6.45,2.91,1.58,0.07,0.0,0.0,0.0,8.74
2021-06-28,Complet de moins de 3 mois - sans rappel,56037.18,2151.04,360.8,104.83,15.8,9.2,2.24,1.15,1.53,1.41,45.46
2021-06-28,Complet entre 3 mois et 6 mois - sans rappel,10504.0,397.71,54.24,4.01,4.08,2.77,0.06,0.06,1.56,1.19,7.95
2021-06-30,Non-vaccinés,93697.75,6771.93,1756.86,604.23,74.11,54.74,17.36,11.3,7.0,6.0,
2021-07-01,Primo dose récente,10831.17,467.77,114.55,43.99,0.64,0.38,0.11,0.03,0.4,0.2,7.54
2021-07-01,Primo dose efficace,44824.67,2240.8,242.18,79.96,7.61,5.61,0.18,0.06,2.0,2.0,35.8
2021-07-02,Complet entre 3 mois et 6 mois - sans rappel,8976.3,404.4,35.94,4.3,6.65,6.08,1.0,1.0,1.0,1.0,8.67
2021-07-03,Complet de 6 mois ou plus - sans rappel,0.0,0.0,0.0,0.0,0.0,0.0,0.0,0.0,0.0,0.0,0.0
2021-07-04,Non-vaccinés,19964.46,1141.6,470.88,156.67,41.48,31.61,10.65,6.92,2.0,2.0,
2021-07-06,Complet de moins de 3 mois - sans rappel,54288.66,2983.45,512.66,166.61,14.6,10.49,1.51,1.25,1.09,0.0,52.08
2021-07-07,Primo dose récente,9685.5,532.1,182.76,75.93,3.82,3.27,0.23,0.09,0.4,0.2,6.39
2021-07-07,Complet entre 3 mois et 6 mois - sans rappel,8782.31,570.73,67.45,20.42,4.95,3.12,0.39,0.34,0.78,0.17,9.37
2021-07-08,Primo dose efficace,46415.28,2739.03,444.09,153.21,11.19,9.39,0.51,0.29,1.69,1.0,30.26
2021-07-09,Complet de 6 mois ou plus - sans rappel,1.32,0.0,0.15,0.0,0.0,0.0,0.0,0.0,0.0,0.0,0.0
2021-07-13,Primo dose efficace,40003.03,2954.35,719.19,280.06,12.54,9.38,2.91,2.3,0.12,0.12,26.23
2021-07-13,Complet entre 3 mois et 6 mois - sans rappel,12539.18,840.08,125.55,37.97,10.6,8.83,0.22,0.17,0.19,0.19,10.81
2021-07-15,Complet de moins de 3 mois - sans rappel,72594.97,5137.82,1497.39,591.78,17.09,14.12,4.97,3.46,0.1,0.1,57.97
2021-07-18,Complet - avec 1 rappel de moins de 3 mois,1.0,0.0,0.0,0.0,0.0,0.0,0.0,0.0,0.0,0.0,0.0
2021-07-20,Primo dose efficace,33637.6,3285.38,1448.67,616.99,10.0,7.61,0.75,0.23,1.56,1.5,20.28
2021-07-22,Primo dose récente,24205.85,1544.44,1459.48,652.19,12.51,7.84,4.0,2.44,0.04,0.04,8.24
2021-07-25,Complet de 6 mois ou plus - sans rappel,3.26,0.06,0.09,0.0,0.25,0.0,0.05,0.0,0.05,0.0,0.02
2021-07-26,Primo dose récente,26120.5,2559.56,2387.41,1229.27,11.99,9.38,2.54,2.37,0.0,0.0,9.37
2021-07-26,Complet entre 3 mois et 6 mois - sans rappel,25055.48,1898.94,780.28,296.54,34.0,24.08,2.08,1.27,2.57,2.57,14.2
2021-07-29,Complet - avec 1 rappel de moins de 3 mois,0.0,0.0,0.0,0.0,0.0,0.0,0.0,0.0,0.0,0.0,0.0
2021-07-30,Primo dose efficace,46105.27,2137.41,1288.22,450.55,18.04,9.4,7.49,6.02,1.39,1.13,13.4
2021-07-30,Complet - avec 1 rappel de moins de 3 mois,0.0,0.0,0.0,0.0,0.0,0.0,0.0,0.0,0.0,0.0,0.0
2021-07-31,Complet - avec 1 rappel de moins de 3 mois,0.0,0.0,0.0,0.0,0.0,0.0,0.0,0.0,0.0,0.0,0.0
2021-08-02,Non-vaccinés,138785.21,19137.3,19648.07,9477.82,402.19,313.32,115.03,90.06,23.87,18.28,
2021-08-02,Complet - avec 1 rappel entre 3 mois et 6 mois,0.0,0.0,0.0,0.0,0.0,0.0,0.0,0.0,0.0,0.0,0.0
2021-08-03,Primo dose récente,26429.39,2683.24,2286.43,1197.47,34.33,26.4,10.29,7.22,1.47,1.47,10.66
2021-08-03,Complet - avec 1 rappel de moins de 3 mois,0.0,0.0,0.0,0.0,0.0,0.0,0.0,0.0,0.0,0.0,0.0
2021-08-03,Complet - avec 1 rappel entre 3 mois et 6 mois,0.0,0.0,0.0,0.0,0.0,0.0,0.0,0.0,0.0,0.0,0.0
2021-08-06,Complet - avec 1 rappel de moins de 3 mois,0.04,0.0,0.0,0.0,0.0,0.0,0.0,0.0,0.0,0.0,0.0
2021-08-07,Complet de 6 mois ou plus - sans rappel,450.71,67.63,43.46,24.78,2.59,2.37,0.02,0.0,1.12,1.0,0.55
2021-08-09,Non-vaccinés,146962.28,17326.43,19392.02,9161.02,437.2,321.02,132.93,105.61,42.44,30.33,
2021-08-09,Complet de 6 mois ou plus - sans rappel,1667.91,194.71,120.3,65.6,3.09,2.64,0.07,0.05,0.41,0.14,0.58
2021-08-10,Complet de moins de 3 mois - sans rappel,65324.55,7829.6,4112.04,1808.66,83.53,59.68,23.59,19.44,2.55,1.2,59.31
2021-08-11,Complet de moins de 3 mois - sans rappel,61744.58,7166.5,3846.54,1635.07,87.44,60.73,18.02,15.15,7.48,5.93,58.94
2021-08-12,Complet entre 3 mois et 6 mois - sans rappel,22765.47,2331.74,1248.03,460.04,73.34,53.13,19.21,16.2,12.9,10.44,18.74
2021-08-14,Complet entre 3 mois et 6 mois - sans rappel,14311.67,1128.41,627.3,236.38,63.27,48.28,9.88,8.11,10.03,5.15,18.76
2021-08-14,Complet - avec 1 rappel de moins de 3 mois,0.0,0.0,0.0,0.0,0.0,0.0,0.0,0.0,0.0,0.0,0.0
2021-08-14,Complet - avec 1 rappel entre 3 mois et 6 mois,0.0,0.0,0.0,0.0,0.0,0.0,0.0,0.0,0.0,0.0,0.0
2021-08-17,Primo dose récente,23742.81,1552.45,1324.49,668.18,38.22,29.09,8.21,5.59,1.39,1.25,6.89
2021-08-19,Complet de 6 mois ou plus - sans rappel,4978.6,345.78,232.88,74.09,16.53,12.35,0.92,0.43,2.94,2.38,1.93
2021-08-20,Primo dose récente,27586.3,1111.97,1020.63,450.93,20.92,13.12,5.38,3.87,0.02,0.02,5.72
2021-08-21,Primo dose efficace,29334.12,1186.27,701.89,269.36,31.51,27.58,10.56,10.13,11.13,7.8,13.87
2021-08-23,Complet de moins de 3 mois - sans rappel,73647.83,9439.39,5088.76,2341.12,93.46,67.56,25.24,19.6,7.94,6.29,58.93
2021-08-23,Complet - avec 1 rappel de moins de 3 mois,1.19,0.0,0.08,0.0,0.01,0.0,0.0,0.0,0.0,0.0,0.0
2021-08-25,Complet - avec 1 rappel de moins de 3 mois,0.24,0.21,0.21,0.21,0.02,0.0,0.0,0.0,0.0,0.0,0.0
2021-08-27,Non-vaccinés,100479.79,8641.94,8932.06,3568.15,404.12,276.2,122.28,89.44,71.82,41.22,
2021-08-27,Complet de moins de 3 mois - sans rappel,62700.1,6865.65,3166.51,1272.15,76.99,57.41,20.75,16.71,9.1,7.72,59.59
2021-08-28,Primo dose récente,8653.38,320.24,282.79,107.76,9.84,5.96,4.25,3.35,0.41,0.24,3.8
2021-08-31,Complet entre 3 mois et 6 mois - sans rappel,29887.44,2953.24,1104.57,465.55,67.32,52.47,14.08,10.7,14.5,10.58,21.63
2021-09-03,Complet - avec 1 rappel entre 3 mois et 6 mois,0.0,0.0,0.0,0.0,0.0,0.0,0.0,0.0,0.0,0.0,0.0
2021-09-05,Non-vaccinés,11574.63,1235.21,1081.02,366.07,222.82,157.63,78.38,62.44,48.17,33.93,
2021-09-06,Complet de moins de 3 mois - sans rappel,71570.21,8534.84,3067.83,1412.25,61.21,49.49,21.55,17.09,5.83,5.47,59.92
2021-09-07,Complet de 6 mois ou plus - sans rappel,9126.91,618.18,337.47,87.04,20.39,18.05,3.25,3.23,5.96,4.82,3.94
2021-09-08,Primo dose efficace,17068.66,1281.74,470.23,185.51,26.24,21.11,2.05,0.52,5.21,4.2,8.62
2021-09-10,Complet de 6 mois ou plus - sans rappel,7133.58,518.9,207.8,71.19,14.02,12.17,1.3,0.86,3.88,3.3,4.18
2021-09-10,Complet - avec 1 rappel de moins de 3 mois,247.41,11.87,3.23,0.06,0.01,0.0,0.0,0.0,0.0,0.0,0.14
2021-09-11,Complet de moins de 3 mois - sans rappel,41674.22,3263.47,944.16,331.48,40.33,31.23,5.39,4.17,4.27,4.0,59.19
2021-09-11,Complet de 6 mois ou plus - sans rappel,4449.6,299.07,88.93,31.28,11.75,8.12,2.72,1.57,3.44,2.95,4.23
2021-09-12,Primo dose efficace,3156.03,202.75,79.73,21.96,14.74,10.75,0.73,0.47,3.41,2.17,7.37
2021-09-13,Complet - avec 2 rappels de moins de 3 mois,0.0,0.0,0.0,0.0,0.0,0.0,0.0,0.0,0.0,0.0,0.0
2021-09-15,Complet - avec 1 rappel de moins de 3 mois,499.68,21.87,1.69,1.18,1.22,0.17,1.0,0.0,0.02,0.0,0.38
2021-09-16,Non-vaccinés,66198.31,8384.31,3494.86,1360.34,165.0,112.04,52.38,39.91,33.05,25.24,
2021-09-16,Complet entre 3 mois et 6 mois - sans rappel,25787.13,3133.06,709.8,289.24,41.34,27.27,11.1,7.47,10.76,8.6,29.09
2021-09-16,Complet - avec 1 rappel entre 3 mois et 6 mois,0.0,0.0,0.0,0.0,0.0,0.0,0.0,0.0,0.0,0.0,0.0
2021-09-17,Complet entre 3 mois et 6 mois - sans rappel,35757.2,3032.17,757.22,274.51,43.35,30.94,12.17,9.02,14.01,10.68,29.78
2021-09-18,Primo dose récente,3853.89,130.58,66.03,22.86,2.64,2.09,0.6,0.26,0.0,0.0,1.68
2021-09-18,Complet de moins de 3 mois - sans rappel,38386.44,3440.13,744.19,288.15,22.02,17.25,6.28,5.6,4.71,3.73,56.36
2021-09-19,Primo dose efficace,2619.06,184.94,44.28,11.32,14.1,11.13,4.75,3.23,4.66,4.29,6.26
2021-09-21,Non-vaccinés,60686.86,8950.52,2963.94,1165.21,153.31,115.73,41.63,31.46,29.41,21.3,
2021-09-21,Primo dose efficace,11909.96,1154.55,203.87,89.05,10.67,7.77,2.48,1.63,2.89,2.51,6.1
2021-09-21,Complet de moins de 3 mois - sans rappel,48656.35,9190.51,1052.41,469.35,26.69,16.1,3.58,3.1,3.93,1.66,55.26
2021-09-22,Non-vaccinés,51736.7,7551.11,2727.79,1057.05,134.67,95.4,46.29,35.5,29.37,22.6,
2021-09-23,Complet - avec 1 rappel entre 3 mois et 6 mois,0.0,0.0,0.0,0.0,0.0,0.0,0.0,0.0,0.0,0.0,0.0
2021-09-24,Complet de 6 mois ou plus - sans rappel,6315.75,553.22,136.59,50.14,14.99,13.98,2.3,1.75,6.46,4.47,4.27
2021-09-24,Complet - avec 1 rappel de moins de 3 mois,1548.12,81.6,8.1,0.04,0.16,0.0,0.05,0.0,0.07,0.0,1.08
2021-09-26,Non-vaccinés,9119.99,1143.7,428.28,145.71,95.53,75.79,28.9,19.06,33.11,24.46,
2021-09-26,Complet entre 3 mois et 6 mois - sans rappel,8863.1,691.87,165.65,66.39,22.12,17.96,4.77,3.33,8.53,6.97,36.2
2021-09-28,Complet de 6 mois ou plus - sans rappel,7153.47,600.04,157.09,44.63,11.28,8.43,1.04,0.46,5.41,3.89,4.31
2021-09-28,Complet - avec 1 rappel de moins de 3 mois,2410.46,135.07,14.66,2.1,1.07,1.0,0.21,0.21,0.0,0.0,1.33
2021-09-28,Complet - avec 1 rappel de 6 mois ou plus,0.06,0.0,0.06,0.0,0.0,0.0,0.0,0.0,0.0,0.0,0.0
2021-09-28,Complet - avec 2 rappels de moins de 3 mois,2.11,0.03,0.0,0.0,0.0,0.0,0.0,0.0,0.0,0.0,0.0
2021-09-30,Non-vaccinés,54838.74,6588.33,2022.3,771.7,98.39,64.99,27.43,18.44,27.08,22.4,
2021-09-30,Complet entre 3 mois et 6 mois - sans rappel,32619.42,4502.32,807.63,350.45,30.9,20.89,9.75,7.04,7.05,4.84,39.03
2021-09-30,Complet de 6 mois ou plus - sans rappel,5042.28,554.43,124.84,53.96,16.01,14.34,1.57,1.37,4.14,3.23,4.41
2021-09-30,Complet - avec 1 rappel entre 3 mois et 6 mois,0.05,0.0,0.0,0.0,0.0,0.0,0.0,0.0,0.0,0.0,0.0
2021-10-01,Primo dose efficace,12136.72,756.9,146.2,54.35,6.7,5.61,0.63,0.39,3.59,2.83,4.93
2021-10-01,Complet de moins de 3 mois - sans rappel,41990.36,5887.96,640.75,273.9,24.35,19.68,1.62,0.46,2.02,1.11,48.17
2021-10-05,Non-vaccinés,50813.32,6187.07,1860.83,763.0,97.45,59.35,31.21,25.1,17.76,11.97,
2021-10-05,Complet entre 3 mois et 6 mois - sans rappel,45918.43,5226.63,927.57,412.1,47.6,40.48,8.27,6.67,6.09,5.42,42.33
2021-10-07,Complet - avec 1 rappel entre 3 mois et 6 mois,0.1,0.0,0.0,0.0,0.0,0.0,0.0,0.0,0.0,0.0,0.0
2021-10-08,Complet de 6 mois ou plus - sans rappel,6852.61,635.4,141.8,60.84,12.72,11.58,1.01,0.52,4.0,3.0,5.09
2021-10-10,Non-vaccinés,8131.12,870.27,281.4,104.94,53.54,36.5,19.1,13.97,13.14,10.24,
2021-10-10,Primo dose efficace,1698.41,93.19,23.22,7.36,3.03,2.62,0.41,0.1,0.6,0.45,4.06
2021-10-10,Complet - avec 1 rappel de moins de 3 mois,941.34,62.75,4.54,2.0,1.0,1.0,0.12,0.0,1.07,0.0,2.44
2021-10-11,Primo dose efficace,9275.69,633.42,142.21,45.88,10.13,7.97,1.46,1.34,2.78,2.56,4.05
2021-10-14,Primo dose récente,3192.45,144.09,28.64,10.37,0.43,0.33,0.1,0.1,0.0,0.0,0.78
2021-10-14,Complet de 6 mois ou plus - sans rappel,6355.78,791.8,197.77,85.33,20.63,17.28,1.92,1.29,6.19,4.03,5.91
2021-10-15,Non-vaccinés,39789.97,4709.72,1609.51,661.77,86.47,60.9,22.98,14.31,15.35,10.02,
2021-10-16,Primo dose récente,1183.55,50.95,23.46,5.64,1.37,1.35,1.06,1.01,0.0,0.0,0.74
2021-10-20,Complet - avec 2 rappels de moins de 3 mois,3.71,0.0,0.09,0.0,0.0,0.0,0.0,0.0,0.0,0.0,0.0
2021-10-21,Complet - avec 2 rappels de moins de 3 mois,0.28,0.0,0.0,0.0,0.0,0.0,0.0,0.0,0.0,0.0,0.0
2021-10-22,Non-vaccinés,44979.13,6007.66,2122.59,930.87,101.62,77.78,34.52,27.44,13.8,11.11,
2021-10-22,Complet de moins de 3 mois - sans rappel,28669.85,3472.12,585.71,271.48,20.63,14.51,3.15,2.82,1.74,1.57,32.94
2021-10-22,Complet - avec 1 rappel de moins de 3 mois,4651.58,392.03,48.67,17.12,4.47,3.95,2.37,2.26,0.2,0.0,3.76
2021-10-23,Complet - avec 1 rappel de moins de 3 mois,3810.89,218.12,25.38,5.81,4.97,3.81,1.36,1.25,0.1,0.0,3.96
2021-10-23,Complet - avec 3 rappels de moins de 3 mois,0.0,0.0,0.0,0.0,0.0,0.0,0.0,0.0,0.0,0.0,0.0
2021-10-25,Primo dose efficace,6551.93,430.44,131.66,47.22,7.65,6.91,1.49,1.16,0.31,0.01,3.36
2021-10-26,Primo dose récente,1254.22,105.09,43.54,22.51,0.46,0.19,1.69,1.46,0.02,0.02,0.63
2021-10-26,Complet de moins de 3 mois - sans rappel,25145.27,3458.79,563.12,288.91,19.37,15.01,5.53,4.69,1.38,1.18,30.66
2021-10-26,Complet - avec 1 rappel de moins de 3 mois,6202.06,447.43,46.38,16.99,7.0,5.46,0.08,0.03,0.3,0.0,4.18
2021-10-26,Complet - avec 1 rappel entre 3 mois et 6 mois,0.01,0.0,0.0,0.0,0.0,0.0,0.0,0.0,0.0,0.0,0.0
2021-10-27,Complet - avec 1 rappel entre 3 mois et 6 mois,0.03,0.0,0.0,0.0,0.0,0.0,0.0,0.0,0.0,0.0,0.0
2021-10-28,Complet entre 3 mois et 6 mois - sans rappel,45389.82,6946.15,1805.56,914.52,58.1,44.36,16.83,15.35,4.27,3.27,53.93
2021-10-28,Complet - avec 3 rappels de moins de 3 mois,0.0,0.0,0.0,0.0,0.0,0.0,0.0,0.0,0.0,0.0,0.0
2021-10-29,Complet - avec 1 rappel entre 3 mois et 6 mois,0.03,0.0,0.0,0.0,0.0,0.0,0.0,0.0,0.0,0.0,0.0
2021-10-30,Non-vaccinés,24010.38,2862.78,1491.16,633.96,87.72,54.79,33.87,24.69,14.28,10.18,
2021-10-30,Complet - avec 1 rappel de 6 mois ou plus,0.0,0.0,0.0,0.0,0.0,0.0,0.0,0.0,0.0,0.0,0.0
2021-10-31,Non-vaccinés,7616.91,937.97,391.95,144.72,62.32,48.72,25.96,16.33,5.3,3.0,
2021-11-01,Complet - avec 1 rappel de 6 mois ou plus,0.0,0.0,0.0,0.0,0.0,0.0,0.0,0.0,0.0,0.0,0.0
2021-11-03,Primo dose récente,891.3,92.82,44.95,26.1,0.23,0.09,0.21,0.08,1.0,1.0,0.51
2021-11-04,Primo dose récente,800.85,78.42,29.17,10.48,1.33,1.04,0.14,0.05,0.0,0.0,0.5
2021-11-05,Complet de 6 mois ou plus - sans rappel,14865.98,1836.09,694.58,306.44,65.14,53.81,7.41,5.98,7.29,6.29,9.97
2021-11-06,Complet - avec 1 rappel de moins de 3 mois,7157.78,360.58,60.64,21.54,1.65,0.97,1.28,1.1,0.51,0.34,6.03
2021-11-07,Complet de 6 mois ou plus - sans rappel,3775.75,304.93,125.5,54.84,39.81,33.55,10.58,10.19,4.84,3.5,10.35
2021-11-09,Complet de moins de 3 mois - sans rappel,19400.25,3778.18,942.56,474.44,29.47,24.94,3.41,2.78,1.34,1.25,24.07
2021-11-10,Complet - avec 1 rappel de moins de 3 mois,8588.2,824.4,117.29,33.82,11.48,7.43,2.57,2.3,1.56,1.24,6.34
2021-11-10,Complet - avec 1 rappel entre 3 mois et 6 mois,0.44,0.09,0.14,0.07,0.02,0.0,0.0,0.0,0.15,0.0,0.0
2021-11-11,Complet - avec 3 rappels de moins de 3 mois,0.0,0.0,0.0,0.0,0.0,0.0,0.0,0.0,0.0,0.0,0.0
2021-11-12,Complet de 6 mois ou plus - sans rappel,20776.72,2870.24,1453.51,738.01,64.36,47.9,19.41,18.28,9.2,8.19,11.49
2021-11-12,Complet - avec 1 rappel de 6 mois ou plus,0.0,0.0,0.0,0.0,0.0,0.0,0.0,0.0,0.0,0.0,0.0
2021-11-12,Complet - avec 2 rappels de moins de 3 mois,11.65,0.14,0.0,0.0,0.0,0.0,0.0,0.0,0.0,0.0,0.0
2021-11-14,Complet de moins de 3 mois - sans rappel,4776.72,426.86,182.75,82.37,21.2,15.65,4.64,3.59,0.75,0.59,21.56
2021-11-16,Complet entre 3 mois et 6 mois - sans rappel,74758.63,15014.26,5742.54,3109.73,119.41,99.18,25.91,21.29,11.5,10.22,56.54
2021-11-17,Complet - avec 2 rappels de moins de 3 mois,18.94,1.1,0.05,0.0,0.0,0.0,0.0,0.0,0.0,0.0,0.0
2021-11-17,Complet - avec 3 rappels de moins de 3 mois,0.0,0.0,0.0,0.0,0.0,0.0,0.0,0.0,0.0,0.0,0.0
2021-11-19,Primo dose récente,1064.55,135.98,88.27,47.69,0.2,0.09,1.27,1.27,0.03,0.0,0.46
2021-11-19,Primo dose efficace,5536.86,698.75,234.38,117.35,21.3,18.36,1.13,1.08,0.78,0.34,2.76
2021-11-19,Complet - avec 1 rappel de 6 mois ou plus,0.0,0.0,0.0,0.0,0.0,0.0,0.0,0.0,0.0,0.0,0.0
2021-11-22,Complet de moins de 3 mois - sans rappel,27486.76,4927.49,2058.81,1080.81,33.67,27.94,8.89,6.48,3.7,3.27,17.63
2021-11-22,Complet - avec 1 rappel de moins de 3 mois,22596.7,1786.21,443.85,116.35,19.02,15.02,6.27,3.82,5.5,5.22,8.81
2021-11-22,Complet - avec 3 rappels de moins de 3 mois,0.0,0.0,0.0,0.0,0.0,0.0,0.0,0.0,0.0,0.0,0.0
2021-11-23,Complet de 6 mois ou plus - sans rappel,29770.54,5282.59,2436.97,1189.44,119.8,98.06,25.11,22.17,25.84,19.74,12.09
2021-11-23,Complet - avec 2 rappels de moins de 3 mois,16.6,0.18,1.1,0.0,1.02,1.0,0.0,0.0,0.0,0.0,0.01
2021-11-24,Complet - avec 1 rappel entre 3 mois et 6 mois,1.06,0.04,0.02,0.02,0.0,0.0,0.03,0.0,0.0,0.0,0.0
2021-11-25,Complet de moins de 3 mois - sans rappel,24050.38,5260.97,1642.02,842.0,44.88,35.74,8.38,7.83,0.55,0.53,15.57
2021-11-25,Complet - avec 1 rappel de moins de 3 mois,17963.98,2413.07,443.94,157.5,39.55,31.38,1.78,1.52,3.84,2.73,9.97
2021-11-26,Complet de moins de 3 mois - sans rappel,25000.47,4784.2,1739.5,847.73,36.38,28.82,5.72,4.28,4.48,3.2,14.92
2021-11-26,Complet entre 3 mois et 6 mois - sans rappel,115307.21,24703.74,11124.69,5746.22,157.32,126.91,30.07,24.62,22.06,20.62,59.35
2021-11-26,Complet de 6 mois ou plus - sans rappel,31759.02,5928.25,2870.46,1429.96,127.82,106.28,21.16,16.98,19.95,17.38,12.26
2021-11-28,Complet - avec 1 rappel de moins de 3 mois,4502.87,409.59,72.45,14.17,21.88,18.39,5.9,5.81,3.3,2.45,11.08
2021-12-01,Complet - avec 1 rappel de 6 mois ou plus,0.0,0.0,0.0,0.0,0.0,0.0,0.0,0.0,0.0,0.0,0.0
2021-12-01,Complet - avec 2 rappels entre 3 mois et 6 mois,0.0,0.0,0.0,0.0,0.0,0.0,0.0,0.0,0.0,0.0,0.0
2021-12-01,Complet - avec 3 rappels de moins de 3 mois,0.0,0.0,0.0,0.0,0.0,0.0,0.0,0.0,0.0,0.0,0.0
2021-12-03,Non-vaccinés,98207.33,20162.28,14613.03,6663.49,403.51,320.52,91.71,77.93,44.74,34.53,
2021-12-04,Complet - avec 2 rappels entre 3 mois et 6 mois,0.0,0.0,0.0,0.0,0.0,0.0,0.0,0.0,0.0,0.0,0.0
2021-12-06,Primo dose récente,1726.3,350.37,325.84,197.73,5.04,3.56,0.37,0.0,0.0,0.0,0.5
2021-12-06,Complet entre 3 mois et 6 mois - sans rappel,165496.85,38323.75,22818.15,12490.93,219.15,179.96,54.45,42.95,26.2,21.47,59.33
2021-12-07,Complet - avec 1 rappel entre 3 mois et 6 mois,826.03,95.01,34.02,11.63,2.36,1.66,0.58,0.31,0.65,0.0,0.29
2021-12-07,Complet - avec 2 rappels entre 3 mois et 6 mois,0.0,0.0,0.0,0.0,0.0,0.0,0.0,0.0,0.0,0.0,0.0
2021-12-08,Complet - avec 3 rappels de moins de 3 mois,0.0,0.0,0.0,0.0,0.0,0.0,0.0,0.0,0.0,0.0,0.0
2021-12-09,Complet - avec 1 rappel de moins de 3 mois,39020.17,4986.5,1376.57,448.71,77.29,60.64,11.43,9.09,8.97,6.44,16.6
2021-12-09,Complet - avec 1 rappel entre 3 mois et 6 mois,892.86,104.61,25.58,6.88,2.88,1.29,0.21,0.01,1.24,0.16,0.42
2021-12-09,Complet - avec 1 rappel de 6 mois ou plus,0.0,0.0,0.0,0.0,0.0,0.0,0.0,0.0,0.0,0.0,0.0
2021-12-10,Complet - avec 1 rappel de moins de 3 mois,43780.61,4974.58,1555.53,477.96,72.15,54.02,22.3,14.99,11.02,7.01,17.64
2021-12-10,Complet - avec 2 rappels entre 3 mois et 6 mois,0.0,0.0,0.0,0.0,0.0,0.0,0.0,0.0,0.0,0.0,0.0
2021-12-12,Complet - avec 2 rappels de moins de 3 mois,9.47,2.06,0.06,0.0,0.03,0.03,0.0,0.0,0.0,0.0,0.02
2021-12-12,Complet - avec 3 rappels de moins de 3 mois,0.0,0.0,0.0,0.0,0.0,0.0,0.0,0.0,0.0,0.0,0.0
2021-12-14,Primo dose efficace,7198.81,1160.56,639.45,280.34,23.85,16.98,3.6,3.45,4.11,3.48,2.23
2021-12-15,Complet - avec 1 rappel de 6 mois ou plus,0.0,0.0,0.0,0.0,0.0,0.0,0.0,0.0,0.0,0.0,0.0
2021-12-16,Complet de moins de 3 mois - sans rappel,20499.72,3233.38,1831.25,805.5,48.89,40.24,8.61,7.63,5.87,4.61,7.8
2021-12-16,Complet - avec 1 rappel de moins de 3 mois,59478.24,7275.6,2389.34,744.95,75.79,57.59,13.79,8.95,10.9,7.2,23.05
2021-12-16,Complet - avec 3 rappels de moins de 3 mois,0.0,0.0,0.0,0.0,0.0,0.0,0.0,0.0,0.0,0.0,0.0
2021-12-17,Non-vaccinés,84874.72,18298.25,16039.55,7238.46,493.04,375.24,177.49,143.28,62.31,49.98,
2021-12-18,Complet - avec 1 rappel de 6 mois ou plus,0.0,0.0,0.0,0.0,0.0,0.0,0.0,0.0,0.0,0.0,0.0
2021-12-21,Non-vaccinés,74529.14,19731.35,18122.66,8601.67,561.47,442.46,175.6,142.4,66.14,50.06,
2021-12-21,Complet entre 3 mois et 6 mois - sans rappel,152669.8,35240.18,30850.51,15098.14,205.58,160.06,41.08,36.46,21.35,17.73,49.82
2021-12-23,Primo dose efficace,7334.03,1157.9,904.03,390.46,38.95,31.15,4.81,3.58,5.34,4.85,1.97
2021-12-23,Complet - avec 3 rappels de moins de 3 mois,1.0,0.0,0.0,0.0,0.0,0.0,0.0,0.0,0.0,0.0,0.0
2021-12-24,Non-vaccinés,58838.83,13201.17,15504.94,6740.9,518.19,386.43,175.39,145.73,84.96,68.85,
2021-12-24,Complet - avec 1 rappel de moins de 3 mois,97092.57,11290.88,7454.63,2492.88,123.25,98.98,21.63,18.87,17.21,11.71,32.47
2021-12-25,Primo dose récente,301.72,47.36,43.2,18.7,6.74,6.29,2.25,0.56,0.01,0.0,0.57
2021-12-25,Complet de 6 mois ou plus - sans rappel,4976.44,856.42,950.66,380.7,115.11,95.52,22.21,16.56,38.44,34.07,9.63
2021-12-25,Complet - avec 2 rappels de moins de 3 mois,23.07,3.08,1.17,1.04,0.04,0.04,0.0,0.0,0.0,0.0,0.03
2021-12-25,Complet - avec 3 rappels de moins de 3 mois,0.0,0.0,0.0,0.0,0.0,0.0,0.0,0.0,0.0,0.0,0.0
2021-12-26,Primo dose récente,410.61,70.04,89.6,36.38,4.29,4.16,1.3,1.25,2.04,2.0,0.53
2021-12-26,Complet de 6 mois ou plus - sans rappel,7873.04,1550.49,1838.48,812.03,119.27,98.15,25.75,22.78,36.96,31.26,9.53
2021-12-26,Complet - avec 1 rappel de moins de 3 mois,23115.75,3007.35,2262.8,758.85,117.76,101.32,16.8,12.9,23.42,20.68,35.05
2021-12-26,Complet - avec 3 rappels de moins de 3 mois,0.0,0.0,0.0,0.0,0.0,0.0,0.0,0.0,0.0,0.0,0.0
2021-12-27,Complet de moins de 3 mois - sans rappel,23551.44,5584.66,6273.88,3054.32,57.24,47.71,11.66,10.93,7.37,6.32,6.17
2021-12-28,Complet - avec 2 rappels de moins de 3 mois,239.0,42.17,29.83,13.51,1.0,1.0,0.0,0.0,0.0,0.0,0.04
2021-12-29,Primo dose récente,2203.57,575.04,811.37,381.88,5.75,3.68,3.69,3.45,0.12,0.0,0.56
2021-12-29,Complet - avec 1 rappel entre 3 mois et 6 mois,12878.61,1618.85,1493.12,503.34,46.21,40.94,2.24,1.02,8.28,6.42,1.95
2021-12-29,Complet - avec 2 rappels entre 3 mois et 6 mois,17.02,0.02,1.55,0.02,0.0,0.0,0.0,0.0,0.0,0.0,0.0
2021-12-30,Primo dose efficace,8262.93,1862.39,1987.71,897.3,38.05,26.94,4.91,3.34,8.34,7.66,1.78
2021-12-31,Complet - avec 1 rappel de moins de 3 mois,153931.38,27046.81,24438.07,9968.63,231.37,196.59,39.84,33.15,20.51,15.16,39.82
2021-12-31,Complet - avec 1 rappel entre 3 mois et 6 mois,12074.36,1354.93,1185.26,406.07,44.56,40.45,2.87,1.83,3.48,3.06,2.16
2021-12-31,Complet - avec 2 rappels entre 3 mois et 6 mois,11.92,1.01,1.47,1.01,0.0,0.0,0.0,0.0,0.16,0.16,0.0
2022-01-02,Primo dose efficace,1755.48,286.56,362.49,142.4,31.38,27.42,4.61,4.18,5.6,5.26,1.83
2022-01-03,Non-vaccinés,128497.83,38985.23,53666.36,25061.81,871.95,674.59,184.02,158.2,89.84,79.35,
2022-01-04,Complet de 6 mois ou plus - sans rappel,57586.2,18881.49,21996.74,11275.27,235.71,184.83,29.55,24.09,44.89,38.92,9.93
2022-01-05,Complet de moins de 3 mois - sans rappel,25663.57,6881.52,7146.75,3359.6,86.8,68.03,8.54,7.64,5.21,4.18,5.27
2022-01-06,Primo dose efficace,9042.45,2123.55,2161.53,966.62,64.42,56.8,4.4,4.01,9.78,9.16,1.84
2022-01-06,Complet - avec 3 rappels de moins de 3 mois,0.02,0.0,0.02,0.0,0.0,0.0,0.0,0.0,0.0,0.0,0.0
2022-01-07,Complet - avec 1 rappel de moins de 3 mois,170473.23,32831.6,28747.12,10864.4,317.48,237.72,51.89,39.4,31.34,26.03,43.54
2022-01-08,Primo dose récente,1419.93,240.68,345.98,136.09,10.03,8.18,2.45,1.34,0.34,0.18,0.67
2022-01-08,Complet - avec 1 rappel de 6 mois ou plus,0.0,0.0,0.0,0.0,0.0,0.0,0.0,0.0,0.0,0.0,0.0
2022-01-08,Complet - avec 3 rappels de moins de 3 mois,0.02,0.0,0.02,0.0,0.0,0.0,0.0,0.0,0.0,0.0,0.0
2022-01-09,Complet de moins de 3 mois - sans rappel,3284.2,602.76,804.86,266.82,64.56,51.82,9.39,8.18,2.59,1.74,4.8
2022-01-09,Complet - avec 2 rappels de moins de 3 mois,53.88,6.19,10.4,3.07,0.29,0.08,0.2,0.0,0.03,0.0,0.06
2022-01-12,Primo dose récente,3106.27,774.15,1000.08,471.47,14.94,10.8,0.56,0.13,0.11,0.0,0.79
2022-01-12,Complet entre 3 mois et 6 mois - sans rappel,134902.66,42214.54,49002.45,24147.05,359.68,279.74,48.24,39.98,26.5,20.27,32.86
2022-01-12,Complet - avec 2 rappels entre 3 mois et 6 mois,39.52,1.05,7.63,1.02,0.09,0.0,0.0,0.0,0.0,0.0,0.0
2022-01-13,Complet - avec 1 rappel de moins de 3 mois,140324.11,29170.47,26617.43,11008.23,390.81,307.98,44.43,33.71,26.75,21.75,46.7
2022-01-14,Non-vaccinés,100411.41,28369.48,38582.66,16517.55,712.37,497.35,137.05,103.07,95.87,79.95,
2022-01-14,Complet de 6 mois ou plus - sans rappel,41580.32,12089.07,15468.98,7009.78,231.32,175.6,30.08,26.29,36.29,30.66,10.33
2022-01-15,Primo dose récente,1905.02,420.27,630.16,266.05,12.71,8.77,3.19,2.66,0.34,0.0,0.86
2022-01-16,Complet - avec 1 rappel de 6 mois ou plus,0.0,0.0,0.0,0.0,0.0,0.0,0.0,0.0,0.0,0.0,0.0
2022-01-17,Complet - avec 2 rappels entre 3 mois et 6 mois,36.54,2.29,4.69,1.22,0.58,0.03,0.0,0.0,0.0,0.0,0.0
2022-01-18,Complet - avec 2 rappels entre 3 mois et 6 mois,43.57,0.28,9.56,0.24,0.24,0.07,0.0,0.0,0.0,0.0,0.0
2022-01-19,Non-vaccinés,106592.12,33902.96,44498.63,20436.02,830.07,624.69,134.08,95.45,99.87,84.05,
2022-01-20,Complet - avec 1 rappel de 6 mois ou plus,1.01,0.0,0.0,0.0,0.0,0.0,0.0,0.0,0.0,0.0,0.0
2022-01-21,Complet - avec 3 rappels entre 3 et 6 mois ou plus,0.0,0.0,0.0,0.0,0.0,0.0,0.0,0.0,0.0,0.0,0.0
2022-01-22,Non-vaccinés,59177.51,17214.09,24431.84,10650.12,611.71,444.94,95.27,73.58,91.45,72.52,
2022-01-22,Complet entre 3 mois et 6 mois - sans rappel,55228.11,18067.96,24031.13,11821.77,277.62,204.16,40.48,32.07,24.19,17.89,23.96
2022-01-22,Complet - avec 1 rappel entre 3 mois et 6 mois,8924.69,1097.79,1409.88,498.0,128.63,102.87,9.03,7.83,22.7,18.48,4.61
2022-01-23,Primo dose récente,605.45,154.13,236.81,96.47,14.75,12.47,4.14,3.5,1.43,1.25,0.73
2022-01-23,Complet de 6 mois ou plus - sans rappel,7298.11,1899.52,2960.42,1233.4,159.72,129.33,18.62,14.15,41.76,34.17,9.82
2022-01-23,Complet - avec 3 rappels de moins de 3 mois,0.0,0.0,0.0,0.0,0.0,0.0,0.0,0.0,0.0,0.0,0.0
2022-01-24,Primo dose efficace,9287.61,2776.55,3563.08,1719.14,75.4,58.36,10.95,8.68,8.46,7.57,1.74
2022-01-24,Complet entre 3 mois et 6 mois - sans rappel,116283.75,45801.82,58569.23,32049.97,359.89,276.55,39.24,29.12,30.7,20.71,23.16
2022-01-25,Complet - avec 1 rappel de 6 mois ou plus,2.01,0.0,1.0,0.0,0.0,0.0,0.0,0.0,0.0,0.0,0.0
2022-01-25,Complet - avec 3 rappels de moins de 3 mois,3.16,1.0,0.0,0.0,0.0,0.0,0.0,0.0,0.0,0.0,0.0
2022-01-26,Complet de 6 mois ou plus - sans rappel,36632.98,12831.15,15206.61,7998.49,257.63,202.58,32.88,28.96,34.28,26.92,9.84
2022-01-26,Complet - avec 2 rappels entre 3 mois et 6 mois,45.43,4.33,5.73,2.13,1.0,1.0,0.0,0.0,0.04,0.04,0.0
2022-01-28,Complet - avec 3 rappels entre 3 et 6 mois ou plus,0.0,0.0,0.0,0.0,0.0,0.0,0.0,0.0,0.0,0.0,0.0
2022-01-29,Complet - avec 1 rappel de moins de 3 mois,102631.08,21727.56,24547.24,10849.7,380.86,290.82,47.63,39.94,49.25,40.7,57.61
2022-01-30,Complet - avec 2 rappels de moins de 3 mois,158.95,22.8,34.69,5.46,5.35,5.15,0.07,0.0,0.0,0.0,0.22
2022-01-30,Complet - avec 2 rappels entre 3 mois et 6 mois,8.32,0.05,4.15,0.04,0.02,0.0,0.0,0.0,0.0,0.0,0.0
2022-01-31,Complet - avec 1 rappel entre 3 mois et 6 mois,31564.76,3857.5,6831.69,2082.69,281.72,215.77,23.62,18.72,38.34,29.97,5.72
2022-02-01,Primo dose efficace,6676.32,1877.43,2308.9,1084.62,68.48,46.87,6.75,6.1,15.87,12.05,1.83
2022-02-01,Complet - avec 1 rappel de moins de 3 mois,164288.52,43069.2,43172.45,20953.91,640.82,511.52,76.55,59.69,58.34,43.34,58.47
2022-02-02,Non-vaccinés,71730.27,24191.07,28889.86,14189.43,710.58,523.26,97.86,73.84,114.2,93.7,
2022-02-02,Primo dose récente,1584.5,519.13,648.96,350.43,8.94,6.55,0.27,0.22,1.2,1.2,0.43
2022-02-03,Complet de 6 mois ou plus - sans rappel,25102.97,8473.57,9008.2,4733.59,184.37,145.26,32.68,26.41,35.91,29.55,10.01
2022-02-06,Complet - avec 1 rappel de 6 mois ou plus,0.0,0.0,0.0,0.0,0.06,0.06,0.06,0.03,0.11,0.1,0.0
2022-02-06,Complet - avec 3 rappels de moins de 3 mois,2.03,0.0,0.0,0.0,0.0,0.0,0.0,0.0,0.0,0.0,0.0
2022-02-08,Complet de 6 mois ou plus - sans rappel,21573.09,6164.99,6567.14,3307.19,168.69,124.42,26.07,20.68,41.2,33.93,10.27
2022-02-08,Complet - avec 1 rappel de 6 mois ou plus,1.07,0.02,0.03,0.02,0.0,0.0,0.0,0.0,0.08,0.08,0.0
2022-02-10,Primo dose efficace,3645.43,797.14,971.94,444.46,62.15,43.73,5.45,4.82,4.13,2.22,1.7
2022-02-10,Complet - avec 3 rappels de moins de 3 mois,4.28,0.01,2.26,0.0,0.0,0.0,0.0,0.0,0.0,0.0,0.0
2022-02-11,Primo dose récente,548.46,112.65,154.05,68.94,2.21,1.47,0.12,0.08,1.07,1.07,0.26
2022-02-11,Complet de moins de 3 mois - sans rappel,9238.25,2005.23,2166.43,1017.23,59.54,41.82,13.13,12.48,13.4,12.81,4.2
2022-02-11,Complet - avec 1 rappel de moins de 3 mois,105699.34,23431.19,23273.62,10787.64,437.08,341.59,61.51,47.63,59.9,53.96,60.07
2022-02-11,Complet - avec 1 rappel de 6 mois ou plus,0.12,0.09,0.1,0.09,0.0,0.0,0.13,0.12,0.0,0.0,0.0
2022-02-11,Complet - avec 2 rappels de moins de 3 mois,716.18,109.44,107.72,46.99,2.09,2.04,1.01,1.0,0.12,0.12,0.33
2022-02-12,Complet entre 3 mois et 6 mois - sans rappel,17250.25,3878.24,4682.61,2192.32,98.73,72.41,18.66,15.24,17.47,14.33,14.61
2022-02-13,Complet de 6 mois ou plus - sans rappel,4476.23,708.68,900.11,346.29,92.4,70.52,15.75,12.33,39.29,32.02,10.82
2022-02-14,Complet - avec 1 rappel de 6 mois ou plus,1.08,0.06,1.08,0.06,0.06,0.06,0.07,0.02,0.03,0.03,0.0
2022-02-16,Complet de 6 mois ou plus - sans rappel,16890.46,3626.02,3587.48,1753.32,111.49,90.06,14.72,9.68,23.65,19.74,11.21
2022-02-17,Complet - avec 1 rappel de moins de 3 mois,81553.95,17939.05,16252.86,8105.02,368.67,285.73,50.41,36.98,50.38,41.47,60.26
2022-02-18,Complet entre 3 mois et 6 mois - sans rappel,16483.49,3895.39,3978.11,1939.73,110.64,85.36,11.74,8.16,19.5,15.93,12.41
2022-02-18,Complet - avec 2 rappels de moins de 3 mois,845.6,114.83,101.85,37.44,3.71,2.44,1.21,1.07,0.36,0.36,0.4
2022-02-19,Primo dose récente,242.44,40.08,43.37,24.04,3.6,2.79,2.02,2.0,0.18,0.08,0.16
2022-02-19,Primo dose efficace,1764.88,255.86,278.63,119.88,15.06,10.42,0.74,0.01,5.27,2.93,1.51
2022-02-19,Complet - avec 3 rappels entre 3 et 6 mois ou plus,0.0,0.0,0.0,0.0,0.0,0.0,0.0,0.0,0.0,0.0,0.0
2022-02-20,Complet - avec 3 rappels de moins de 3 mois,0.0,0.0,0.0,0.0,0.0,0.0,0.0,0.0,0.0,0.0,0.0
2022-02-21,Non-vaccinés,34014.63,8576.61,9379.42,4697.71,311.95,234.42,52.96,45.93,56.93,45.58,
2022-02-22,Complet - avec 2 rappels de moins de 3 mois,923.99,125.35,95.27,27.23,2.44,2.08,0.03,0.01,0.0,0.0,0.43
2022-02-23,Complet de 6 mois ou plus - sans rappel,14612.65,2779.48,2375.68,1159.76,68.97,51.03,12.33,9.35,21.7,17.93,12.26
2022-02-24,Complet de moins de 3 mois - sans rappel,5462.81,1121.93,960.88,481.02,34.17,25.81,4.45,3.04,4.79,3.01,3.99
2022-02-24,Complet de 6 mois ou plus - sans rappel,13167.9,2571.01,2083.23,1023.07,75.09,65.46,9.0,6.15,22.41,18.01,12.47
2022-02-24,Complet - avec 2 rappels entre 3 mois et 6 mois,21.41,3.21,7.82,1.14,1.04,1.04,0.0,0.0,0.0,0.0,0.01
2022-02-25,Complet entre 3 mois et 6 mois - sans rappel,9947.37,2111.18,1980.57,976.03,64.14,48.68,9.0,8.54,10.71,8.75,9.75
2022-02-25,Complet de 6 mois ou plus - sans rappel,12993.38,2389.22,1997.2,956.62,79.12,61.79,9.71,9.25,26.97,21.2,12.71
2022-02-25,Complet - avec 3 rappels entre 3 et 6 mois ou plus,0.0,0.0,0.0,0.0,0.0,0.0,0.0,0.0,0.0,0.0,0.0
2022-02-26,Non-vaccinés,17099.88,3316.46,3293.34,1587.48,174.45,138.85,27.68,19.0,46.42,36.56,
2022-02-26,Complet - avec 1 rappel entre 3 mois et 6 mois,16355.72,1509.75,1719.22,634.69,131.84,107.67,14.36,13.24,43.31,31.4,12.89
2022-02-28,Non-vaccinés,30628.71,7769.18,7594.56,4024.08,239.06,181.11,39.67,30.47,59.54,43.02,
2022-03-02,Primo dose récente,163.88,32.07,20.47,13.52,0.59,0.45,0.0,0.0,1.0,0.0,0.09
2022-03-02,Complet - avec 1 rappel de moins de 3 mois,70323.92,14612.9,11613.16,6258.76,225.35,176.73,27.11,22.52,26.95,22.32,57.1
2022-03-02,Complet - avec 2 rappels de 6 mois ou plus,0.0,0.0,0.0,0.0,0.0,0.0,0.0,0.0,0.0,0.0,0.0
2022-03-03,Primo dose efficace,1707.77,270.64,247.22,106.12,14.8,10.0,3.22,1.74,6.09,4.76,1.34
2022-03-03,Complet - avec 2 rappels de 6 mois ou plus,0.0,0.0,0.0,0.0,0.0,0.0,0.0,0.0,0.0,0.0,0.0
2022-03-04,Primo dose récente,143.08,23.51,23.28,12.38,3.15,3.07,0.0,0.0,0.0,0.0,0.08
2022-03-04,Primo dose efficace,1630.66,248.33,249.51,98.33,12.32,11.42,1.05,1.0,1.99,1.82,1.33
2022-03-05,Primo dose efficace,1277.31,135.66,144.21,57.88,11.0,8.44,0.14,0.0,2.83,1.43,1.31
2022-03-05,Complet de moins de 3 mois - sans rappel,3806.8,541.85,514.65,242.6,19.78,17.11,1.09,0.76,2.02,1.89,3.73
2022-03-05,Complet - avec 2 rappels de 6 mois ou plus,0.0,0.0,0.0,0.0,0.0,0.0,0.0,0.0,0.0,0.0,0.0
2022-03-05,Complet - avec 3 rappels de moins de 3 mois,3.04,1.0,1.0,1.0,0.0,0.0,0.0,0.0,0.0,0.0,0.0
2022-03-06,Complet - avec 3 rappels de moins de 3 mois,1.0,0.0,0.0,0.0,0.0,0.0,0.0,0.0,0.0,0.0,0.0
2022-03-09,Complet - avec 1 rappel de 6 mois ou plus,557.36,66.23,94.62,31.15,10.37,7.91,0.36,0.16,0.76,0.72,0.32
2022-03-11,Complet - avec 1 rappel entre 3 mois et 6 mois,34899.09,6906.21,6828.61,3456.69,298.69,236.38,31.49,25.83,29.79,24.29,23.69
2022-03-11,Complet - avec 3 rappels entre 3 et 6 mois ou plus,1.0,0.0,0.0,0.0,0.0,0.0,0.0,0.0,0.0,0.0,0.0
2022-03-12,Complet - avec 1 rappel de moins de 3 mois,48491.51,8355.21,7737.5,4037.64,132.83,94.63,20.7,19.38,17.92,15.49,47.28
2022-03-13,Non-vaccinés,6595.39,1553.63,1139.35,484.87,152.43,119.6,28.29,24.18,29.91,23.81,
2022-03-13,Complet - avec 2 rappels entre 3 mois et 6 mois,15.88,5.25,2.37,1.08,0.0,0.0,0.25,0.25,0.2,0.0,0.02
2022-03-13,Complet - avec 3 rappels entre 3 et 6 mois ou plus,0.0,0.0,0.0,0.0,0.0,0.0,0.0,0.0,0.0,0.0,0.0
2022-03-15,Complet entre 3 mois et 6 mois - sans rappel,8201.13,2226.19,1863.39,1049.21,56.03,41.34,5.4,5.21,4.11,3.86,6.14
2022-03-16,Complet de moins de 3 mois - sans rappel,5230.07,1595.94,1237.48,739.82,20.63,15.2,3.17,3.1,2.76,1.26,3.31
2022-03-18,Complet - avec 2 rappels de 6 mois ou plus,0.05,0.0,0.04,0.0,0.0,0.0,0.0,0.0,0.0,0.0,0.0
2022-03-19,Complet - avec 1 rappel entre 3 mois et 6 mois,46697.19,9012.5,10676.5,5736.53,240.47,192.44,29.62,22.16,26.66,24.07,33.36
2022-03-19,Complet - avec 1 rappel de 6 mois ou plus,1614.2,201.95,270.63,110.6,18.22,16.78,1.22,1.03,2.13,2.1,0.99
2022-03-20,Primo dose efficace,461.96,66.08,57.64,18.42,8.06,6.98,0.27,0.27,4.63,3.53,1.22
2022-03-20,Complet de 6 mois ou plus - sans rappel,4671.59,991.22,903.26,443.23,44.86,34.5,5.11,4.79,12.71,10.91,16.34
2022-03-20,Complet - avec 1 rappel entre 3 mois et 6 mois,13781.96,2714.86,3063.09,1525.52,242.39,197.49,30.23,26.54,38.67,32.99,34.31
2022-03-21,Primo dose efficace,2458.6,599.28,598.81,332.44,17.05,14.3,1.6,1.46,3.86,3.68,1.22
2022-03-21,Complet - avec 1 rappel de moins de 3 mois,82281.15,29551.31,29447.69,18760.98,198.39,161.85,18.21,13.44,12.38,8.17,37.41
2022-03-22,Complet - avec 1 rappel entre 3 mois et 6 mois,82747.49,24979.58,27754.1,16359.99,469.21,374.55,41.78,35.1,27.7,22.22,35.81
2022-03-22,Complet - avec 3 rappels de moins de 3 mois,2.11,1.03,0.02,0.02,0.0,0.0,0.0,0.0,0.0,0.0,0.0
2022-03-22,Complet - avec 3 rappels entre 3 et 6 mois ou plus,0.0,0.0,0.0,0.0,0.0,0.0,0.0,0.0,0.0,0.0,0.0
2022-03-23,Complet de moins de 3 mois - sans rappel,6214.17,2340.07,2065.25,1289.06,34.09,25.89,5.51,4.31,2.36,2.07,2.96
2022-03-24,Complet - avec 2 rappels de moins de 3 mois,1158.23,273.4,263.78,142.25,4.57,3.85,0.0,0.0,0.0,0.0,0.67
2022-03-25,Complet - avec 2 rappels de moins de 3 mois,1335.3,309.56,285.73,148.32,4.02,3.31,1.21,1.21,0.0,0.0,0.7
2022-03-26,Complet - avec 3 rappels de moins de 3 mois,5.03,0.01,1.02,0.01,0.0,0.0,0.0,0.0,0.0,0.0,0.0
2022-03-27,Non-vaccinés,7933.67,2343.58,2073.31,962.18,179.98,141.29,22.2,15.82,14.28,11.66,
2022-03-27,Complet - avec 1 rappel de moins de 3 mois,11850.55,2845.96,3120.31,1582.32,111.55,85.92,17.86,15.73,6.4,5.77,32.5
2022-03-27,Complet - avec 3 rappels entre 3 et 6 mois ou plus,0.0,0.0,0.0,0.0,0.0,0.0,0.0,0.0,0.0,0.0,0.0
2022-03-28,Primo dose efficace,2820.38,773.51,795.2,424.94,20.62,18.72,3.19,2.94,1.95,1.49,1.2
2022-03-28,Complet - avec 1 rappel entre 3 mois et 6 mois,131079.98,44640.04,51903.0,31440.88,629.37,501.72,65.23,52.14,36.3,27.45,39.21
2022-03-28,Complet - avec 3 rappels entre 3 et 6 mois ou plus,0.01,0.0,0.0,0.0,0.0,0.0,0.0,0.0,0.0,0.0,0.0
2022-03-29,Primo dose récente,86.92,23.4,24.67,15.76,1.01,1.0,0.0,0.0,0.0,0.0,0.03
2022-03-29,Complet - avec 1 rappel de moins de 3 mois,63751.71,25070.48,22922.44,14405.24,185.34,153.78,21.73,19.11,5.14,3.44,31.45
2022-03-30,Primo dose récente,96.92,23.06,26.55,12.73,1.31,1.31,0.07,0.0,0.0,0.0,0.03
2022-03-30,Complet - avec 1 rappel entre 3 mois et 6 mois,99855.43,35535.13,38092.76,23062.06,584.98,454.5,67.29,51.99,50.65,41.22,41.13
2022-03-30,Complet - avec 2 rappels entre 3 mois et 6 mois,162.77,39.23,48.97,26.92,0.21,0.17,0.11,0.07,0.11,0.09,0.05
2022-03-30,Complet - avec 2 rappels de 6 mois ou plus,6.68,1.06,3.26,1.03,0.0,0.0,0.0,0.0,0.0,0.0,0.0
2022-03-31,Primo dose récente,82.41,12.06,16.27,5.72,0.01,0.01,0.0,0.0,0.0,0.0,0.03
2022-03-31,Complet entre 3 mois et 6 mois - sans rappel,7977.68,3109.71,2773.4,1674.93,57.32,44.64,5.29,4.8,7.9,6.68,4.73
2022-04-01,Complet entre 3 mois et 6 mois - sans rappel,7548.29,2595.73,2459.86,1410.19,61.08,51.32,4.95,3.31,1.63,1.51,4.68
2022-04-01,Complet - avec 3 rappels de moins de 3 mois,3.14,2.0,1.02,1.0,0.0,0.0,0.0,0.0,0.0,0.0,0.0
2022-04-02,Complet - avec 2 rappels de 6 mois ou plus,1.15,0.0,0.03,0.0,0.0,0.0,0.0,0.0,0.0,0.0,0.0
2022-04-02,Complet - avec 3 rappels entre 3 et 6 mois ou plus,0.0,0.0,0.0,0.0,0.0,0.0,0.0,0.0,0.0,0.0,0.0
2022-04-03,Complet - avec 1 rappel entre 3 mois et 6 mois,17624.21,4311.94,5312.39,2637.53,336.75,263.91,44.74,38.69,45.36,38.93,42.89
2022-04-04,Complet - avec 2 rappels de moins de 3 mois,2885.1,542.85,670.99,310.45,19.84,13.93,3.38,3.3,3.72,3.48,1.0
2022-04-04,Complet - avec 2 rappels entre 3 mois et 6 mois,246.65,61.78,89.38,48.24,0.63,0.2,1.02,1.0,0.0,0.0,0.06
2022-04-05,Non-vaccinés,41358.53,16103.61,14097.75,8694.94,281.37,209.4,33.98,31.04,22.58,14.66,
2022-04-05,Complet - avec 3 rappels entre 3 et 6 mois ou plus,1.08,0.05,1.05,0.05,0.0,0.0,0.0,0.0,0.0,0.0,0.0
2022-04-06,Primo dose récente,117.89,24.1,29.64,16.25,1.03,1.02,0.1,0.1,0.0,0.0,0.04
2022-04-08,Complet entre 3 mois et 6 mois - sans rappel,7242.9,2484.87,2432.07,1402.76,46.56,40.8,5.36,4.81,4.16,3.32,4.35
2022-04-08,Complet de 6 mois ou plus - sans rappel,23449.39,8190.44,6845.69,4110.43,125.39,99.95,8.65,6.35,14.57,12.98,17.91
2022-04-09,Complet de 6 mois ou plus - sans rappel,18021.54,4445.54,4175.5,2295.97,81.76,58.97,15.18,12.95,11.61,9.37,18.0
2022-04-09,Complet - avec 1 rappel de moins de 3 mois,26573.72,7461.58,8160.57,4655.19,91.08,71.97,6.27,4.96,10.56,7.62,21.76
2022-04-09,Complet - avec 3 rappels entre 3 et 6 mois ou plus,0.04,0.03,0.04,0.03,0.0,0.0,0.0,0.0,0.0,0.0,0.0
2022-04-10,Non-vaccinés,7560.01,1951.03,1663.53,740.98,197.26,152.56,27.92,25.85,28.36,19.53,
2022-04-10,Complet de moins de 3 mois - sans rappel,974.4,208.4,210.83,91.74,14.2,10.16,0.45,0.14,2.09,2.08,2.3
2022-04-11,Non-vaccinés,45431.66,16704.54,16156.28,9671.86,300.09,228.25,35.55,27.89,23.27,17.51,
2022-04-11,Complet - avec 1 rappel de 6 mois ou plus,11877.52,2365.03,3839.7,1672.73,137.82,115.1,13.11,10.09,11.99,8.21,2.42
2022-04-13,Complet - avec 2 rappels entre 3 mois et 6 mois,303.95,83.67,91.73,52.76,1.62,1.08,0.01,0.0,1.0,1.0,0.12
2022-04-14,Complet - avec 1 rappel de 6 mois ou plus,7614.36,1781.07,2535.27,1179.24,103.36,78.76,14.96,13.35,14.22,13.6,2.71
2022-04-14,Complet - avec 2 rappels entre 3 mois et 6 mois,284.49,85.12,100.63,51.41,0.49,0.46,0.03,0.0,0.12,0.0,0.13
2022-04-15,Complet - avec 1 rappel de 6 mois ou plus,6750.4,1669.67,2498.06,1097.81,121.86,99.72,7.32,6.46,10.58,7.35,2.8
2022-04-15,Complet - avec 2 rappels de 6 mois ou plus,5.57,1.31,1.31,1.26,0.09,0.09,0.0,0.0,0.0,0.0,0.0
2022-04-16,Complet - avec 2 rappels entre 3 mois et 6 mois,252.94,56.42,81.08,43.76,0.64,0.37,0.02,0.0,1.06,1.06,0.15
2022-04-16,Complet - avec 3 rappels de moins de 3 mois,4.2,0.08,1.01,0.0,1.1,1.1,0.0,0.0,0.0,0.0,0.0
2022-04-17,Complet de moins de 3 mois - sans rappel,715.94,115.02,142.61,53.79,7.51,4.93,2.28,1.17,1.43,1.09,1.92
2022-04-18,Complet de moins de 3 mois - sans rappel,929.09,153.74,198.76,72.36,10.85,7.18,3.67,3.19,1.43,0.23,1.9
2022-04-18,Complet - avec 3 rappels entre 3 et 6 mois ou plus,1.01,0.01,0.0,0.0,0.0,0.0,0.0,0.0,0.0,0.0,0.0
2022-04-19,Primo dose récente,88.92,17.33,22.54,10.16,0.22,0.18,0.0,0.0,0.0,0.0,0.03
2022-04-19,Primo dose efficace,2243.92,453.16,554.74,255.34,20.35,14.53,4.51,4.31,4.69,4.34,1.16
2022-04-19,Complet - avec 3 rappels entre 3 et 6 mois ou plus,1.16,1.04,0.0,0.0,0.0,0.0,0.0,0.0,0.0,0.0,0.0
2022-04-20,Complet entre 3 mois et 6 mois - sans rappel,6265.96,1764.79,1825.13,1017.61,40.21,29.0,1.04,0.75,8.18,6.77,4.17
2022-04-20,Complet - avec 2 rappels entre 3 mois et 6 mois,398.09,102.01,117.04,62.64,3.95,1.48,2.0,2.0,1.0,1.0,0.18
2022-04-21,Complet de 6 mois ou plus - sans rappel,18700.09,5107.79,4201.25,2404.43,109.17,85.56,12.26,10.78,18.88,15.13,18.55
2022-04-23,Primo dose efficace,1117.89,172.39,153.76,67.75,13.58,8.28,1.17,1.07,2.7,2.34,1.16
2022-04-24,Primo dose efficace,404.45,54.16,52.18,20.44,5.13,4.27,2.45,2.24,3.85,2.6,1.16
2022-04-26,Primo dose efficace,1602.36,262.79,267.13,125.15,18.73,11.31,0.27,0.2,4.23,4.0,1.16
2022-04-26,Complet - avec 2 rappels de 6 mois ou plus,19.68,5.65,3.56,2.35,0.01,0.0,0.0,0.0,0.2,0.0,0.0
2022-04-27,Complet - avec 2 rappels de 6 mois ou plus,7.33,1.37,0.34,0.15,0.0,0.0,0.0,0.0,0.4,0.0,0.0
2022-05-01,Non-vaccinés,4876.75,818.4,713.9,277.91,102.09,79.43,11.23,8.55,20.83,16.04,
2022-05-01,Complet - avec 2 rappels de moins de 3 mois,828.14,123.1,82.89,31.32,21.78,19.58,0.56,0.34,3.99,3.44,2.04
2022-05-03,Complet de moins de 3 mois - sans rappel,1412.62,286.05,301.04,145.33,6.96,4.58,1.0,1.0,0.06,0.0,1.24
2022-05-04,Complet - avec 2 rappels de 6 mois ou plus,7.06,0.09,1.07,0.0,0.0,0.0,0.0,0.0,0.2,0.0,0.0
2022-05-05,Primo dose récente,46.94,2.49,3.18,0.65,1.08,1.08,0.0,0.0,0.0,0.0,0.03
2022-05-08,Primo dose efficace,303.92,34.91,27.19,9.78,5.27,3.64,2.03,2.0,3.48,3.01,1.14
2022-05-10,Complet - avec 3 rappels de moins de 3 mois,7.54,0.13,0.46,0.0,0.03,0.0,0.0,0.0,0.0,0.0,0.0
2022-05-11,Complet entre 3 mois et 6 mois - sans rappel,4019.49,791.87,645.13,357.61,25.95,20.86,3.59,3.27,1.44,1.1,4.09
2022-05-13,Complet de moins de 3 mois - sans rappel,787.14,133.74,114.4,56.5,3.94,3.34,2.01,2.0,0.32,0.26,0.81
2022-05-14,Primo dose récente,38.14,0.47,2.31,0.15,1.0,1.0,0.0,0.0,0.0,0.0,0.03
2022-05-14,Complet - avec 3 rappels entre 3 et 6 mois ou plus,1.03,0.0,0.02,0.0,0.0,0.0,0.0,0.0,0.0,0.0,0.0
2022-05-15,Complet - avec 1 rappel de 6 mois ou plus,2476.1,241.89,273.89,62.86,52.64,42.69,8.06,7.2,12.74,9.1,6.35
2022-05-16,Complet - avec 2 rappels entre 3 mois et 6 mois,752.32,92.42,96.98,46.32,0.71,0.44,1.16,1.12,0.07,0.0,0.42
2022-05-17,Complet - avec 1 rappel de moins de 3 mois,4317.07,561.94,373.08,200.67,11.77,8.64,0.53,0.41,0.33,0.26,3.64
2022-05-19,Complet de 6 mois ou plus - sans rappel,11789.22,2133.82,1236.89,683.02,36.97,29.75,5.58,3.54,5.94,5.1,19.42
2022-05-19,Complet - avec 3 rappels de moins de 3 mois,10.35,3.08,1.0,1.0,0.0,0.0,0.0,0.0,0.0,0.0,0.0
2022-05-20,Complet de moins de 3 mois - sans rappel,541.55,96.02,73.05,35.7,3.12,3.0,0.0,0.0,0.13,0.0,0.6
2022-05-20,Complet - avec 2 rappels entre 3 mois et 6 mois,418.73,55.15,47.17,22.43,2.49,2.17,1.01,1.01,0.22,0.0,0.46
2022-05-21,Complet - avec 2 rappels entre 3 mois et 6 mois,444.89,37.93,39.06,13.66,0.39,0.25,0.09,0.02,0.0,0.0,0.48
2022-05-21,Complet - avec 2 rappels de 6 mois ou plus,9.83,1.09,1.25,1.07,0.13,0.13,0.0,0.0,0.6,0.0,0.01
2022-05-22,Non-vaccinés,4286.01,572.1,355.87,113.71,58.37,47.89,2.31,0.55,9.5,6.8,
2022-05-22,Complet - avec 2 rappels de moins de 3 mois,1049.03,91.12,61.62,20.12,12.96,10.26,2.39,2.12,2.62,2.56,2.82
2022-05-23,Complet entre 3 mois et 6 mois - sans rappel,4065.1,681.3,561.73,309.11,9.03,7.65,0.92,0.21,3.39,3.25,3.9
2022-05-23,Complet de 6 mois ou plus - sans rappel,18035.67,2611.38,1772.24,925.01,50.9,38.41,9.88,6.31,4.87,4.35,19.56
2022-05-24,Complet - avec 1 rappel de moins de 3 mois,1974.07,266.05,166.44,80.45,3.85,3.45,0.11,0.03,0.4,0.25,2.48
2022-05-24,Complet - avec 1 rappel de 6 mois ou plus,7725.75,1298.94,1324.22,631.21,89.8,73.37,7.84,5.54,7.93,2.42,8.51
2022-05-27,Primo dose efficace,835.16,104.92,79.63,36.88,7.27,6.5,0.2,0.06,1.14,1.0,1.12
2022-05-27,Complet - avec 1 rappel de moins de 3 mois,2084.58,265.76,174.29,96.15,6.02,4.65,0.15,0.12,1.18,1.04,2.19
2022-05-27,Complet - avec 1 rappel de 6 mois ou plus,9942.24,1534.51,1666.69,811.07,66.63,49.7,10.98,8.07,13.49,10.93,9.72
2022-05-27,Complet - avec 2 rappels de 6 mois ou plus,16.61,0.23,1.47,0.04,0.16,0.14,0.0,0.0,0.0,0.0,0.01
2022-05-29,Complet de 6 mois ou plus - sans rappel,3468.71,301.89,207.59,62.03,23.75,18.21,4.32,3.21,3.73,3.08,19.78
2022-05-29,Complet - avec 1 rappel de moins de 3 mois,552.19,51.23,19.34,6.77,3.34,2.2,0.02,0.02,0.0,0.0,1.98
2022-05-30,Complet de moins de 3 mois - sans rappel,533.37,73.82,54.53,26.84,1.34,1.0,0.0,0.0,0.05,0.0,0.42
2022-06-02,Complet de moins de 3 mois - sans rappel,301.3,41.74,20.92,11.06,0.45,0.17,1.0,0.0,0.0,0.0,0.38
2022-06-02,Complet - avec 3 rappels de moins de 3 mois,18.74,1.18,0.0,0.0,0.0,0.0,0.0,0.0,0.0,0.0,0.01
2022-06-05,Complet de moins de 3 mois - sans rappel,107.72,9.2,6.55,2.44,1.15,1.06,0.0,0.0,0.01,0.01,0.35
2022-06-05,Complet entre 3 mois et 6 mois - sans rappel,738.38,73.86,66.43,20.47,6.49,4.96,3.14,3.04,0.14,0.0,3.49
2022-06-06,Complet de moins de 3 mois - sans rappel,164.92,23.35,9.02,4.21,0.08,0.0,0.17,0.12,0.0,0.0,0.35
2022-06-06,Complet - avec 1 rappel entre 3 mois et 6 mois,14849.73,2099.34,2403.65,1152.55,94.37,74.55,19.09,15.24,6.73,5.67,53.14
2022-06-06,Complet - avec 2 rappels de 6 mois ou plus,5.94,0.17,0.16,0.0,0.0,0.0,0.0,0.0,0.0,0.0,0.01
2022-06-07,Complet de 6 mois ou plus - sans rappel,19902.21,3282.7,2629.17,1456.87,48.47,33.95,11.75,9.89,4.71,1.44,20.04
2022-06-07,Complet - avec 2 rappels de moins de 3 mois,6638.72,654.02,707.42,285.21,29.63,22.75,2.51,2.12,2.5,1.1,3.3
2022-06-07,Complet - avec 2 rappels de 6 mois ou plus,38.93,4.49,3.44,2.08,0.0,0.0,0.0,0.0,0.0,0.0,0.02
2022-06-08,Complet - avec 1 rappel entre 3 mois et 6 mois,41189.44,9697.74,9617.99,5699.73,130.7,96.91,23.77,20.05,11.07,9.24,50.9
2022-06-08,Complet - avec 3 rappels de moins de 3 mois,10.39,1.21,2.17,0.0,0.0,0.0,0.0,0.0,0.0,0.0,0.01
2022-06-09,Complet - avec 1 rappel de moins de 3 mois,1502.37,146.3,142.35,42.58,4.03,2.66,0.04,0.0,1.12,1.12,1.58
2022-06-10,Complet - avec 2 rappels de moins de 3 mois,3735.99,417.23,436.35,180.59,24.42,17.56,5.4,4.14,2.7,1.0,3.46
2022-06-11,Primo dose efficace,793.7,78.92,75.91,27.19,4.51,3.67,1.0,1.0,0.03,0.03,1.11
2022-06-12,Complet de 6 mois ou plus - sans rappel,3945.76,416.25,356.09,119.98,36.44,22.43,4.75,4.22,3.74,1.91,20.25
2022-06-13,Complet - avec 1 rappel de 6 mois ou plus,40491.53,8325.16,9320.01,5497.29,163.16,135.33,26.79,22.29,12.27,7.47,23.58
2022-06-14,Primo dose récente,45.01,7.67,6.85,4.11,0.31,0.0,0.0,0.0,0.0,0.0,0.02
2022-06-14,Complet - avec 2 rappels de moins de 3 mois,5492.45,690.68,660.08,311.35,31.93,25.26,5.62,5.51,2.37,2.0,3.53
2022-06-14,Complet - avec 3 rappels entre 3 et 6 mois ou plus,1.21,1.05,1.07,1.04,0.0,0.0,0.0,0.0,0.0,0.0,0.0
2022-06-15,Primo dose efficace,1043.8,173.06,126.21,69.83,2.77,1.34,0.11,0.01,0.41,0.25,1.11
2022-06-15,Complet - avec 1 rappel entre 3 mois et 6 mois,37612.62,10438.6,10409.05,6512.55,110.05,79.48,20.71,13.91,9.63,6.36,43.1
2022-06-16,Primo dose efficace,885.88,164.59,152.26,78.23,6.91,5.17,0.0,0.0,0.01,0.0,1.11
2022-06-16,Complet - avec 1 rappel de moins de 3 mois,1473.0,215.23,165.89,83.44,5.65,3.86,0.07,0.03,2.11,2.0,1.48
2022-06-17,Complet entre 3 mois et 6 mois - sans rappel,2361.22,574.29,528.09,287.97,13.64,9.81,0.07,0.03,1.0,1.0,2.98
2022-06-18,Complet de moins de 3 mois - sans rappel,341.72,32.68,32.33,12.93,0.14,0.0,0.0,0.0,0.0,0.0,0.29
2022-06-18,Complet - avec 2 rappels entre 3 mois et 6 mois,627.35,76.75,81.04,43.94,3.57,3.4,1.2,1.2,0.13,0.08,0.74
2022-06-18,Complet - avec 2 rappels de 6 mois ou plus,56.13,10.53,6.63,4.23,1.0,1.0,0.0,0.0,0.0,0.0,0.03
2022-06-20,Primo dose efficace,1456.53,251.37,224.23,126.17,6.71,3.49,0.36,0.09,1.0,0.0,1.11
2022-06-21,Primo dose efficace,1280.93,219.98,202.09,102.83,6.94,3.97,1.0,0.0,0.03,0.0,1.11
2022-06-21,Complet - avec 1 rappel de moins de 3 mois,2116.8,302.61,261.78,108.77,11.32,8.05,0.12,0.12,0.08,0.0,1.45
2022-06-21,Complet - avec 2 rappels entre 3 mois et 6 mois,1093.28,204.88,226.38,120.03,11.69,8.1,0.16,0.0,2.33,1.25,0.79
2022-06-21,Complet - avec 3 rappels entre 3 et 6 mois ou plus,4.12,2.03,2.08,1.01,0.0,0.0,0.0,0.0,0.0,0.0,0.0
2022-06-22,Complet - avec 2 rappels entre 3 mois et 6 mois,1063.64,215.32,237.97,134.11,11.87,6.88,0.25,0.12,0.3,0.27,0.83
2022-06-23,Complet - avec 1 rappel de moins de 3 mois,1785.92,321.22,266.9,130.47,6.61,4.54,2.55,1.43,0.0,0.0,1.43
2022-06-23,Complet - avec 1 rappel de 6 mois ou plus,38280.32,13823.75,14435.01,9096.75,281.21,221.61,32.48,26.14,17.72,14.51,35.63
2022-06-24,Complet de moins de 3 mois - sans rappel,438.49,83.69,63.5,35.42,2.78,2.22,0.0,0.0,0.01,0.01,0.27
2022-06-24,Complet de 6 mois ou plus - sans rappel,19499.3,4799.69,4075.91,2283.23,88.19,72.56,6.67,5.05,1.42,1.27,20.69
2022-06-24,Complet - avec 3 rappels entre 3 et 6 mois ou plus,2.25,0.05,0.19,0.01,0.0,0.0,0.0,0.0,0.0,0.0,0.0
2022-06-26,Complet de moins de 3 mois - sans rappel,114.24,8.87,15.21,5.41,0.6,0.12,0.0,0.0,0.02,0.0,0.26
2022-06-27,Complet de 6 mois ou plus - sans rappel,32244.84,8237.22,7522.43,4461.4,103.01,74.31,12.79,12.12,5.7,4.49,20.69
2022-06-28,Complet entre 3 mois et 6 mois - sans rappel,3527.71,1056.62,1003.46,591.58,19.4,15.28,1.16,1.05,2.34,2.06,2.61
2022-06-28,Complet - avec 1 rappel entre 3 mois et 6 mois,43953.76,16598.28,16850.89,10979.98,123.53,97.63,11.69,8.91,4.97,3.24,31.34
2022-06-29,Complet - avec 2 rappels entre 3 mois et 6 mois,1866.2,442.44,517.07,268.0,15.38,12.96,0.25,0.21,0.43,0.17,1.09
2022-06-30,Complet - avec 2 rappels de 6 mois ou plus,108.95,35.25,36.46,23.98,0.24,0.0,0.0,0.0,0.01,0.0,0.05
2022-06-30,Complet - avec 3 rappels de moins de 3 mois,23.53,1.55,0.33,0.27,0.0,0.0,0.0,0.0,0.0,0.0,0.01
2022-07-02,Non-vaccinés,24870.72,4962.58,4663.45,2397.08,147.17,108.07,14.73,12.43,11.9,9.44,
2022-07-02,Primo dose récente,51.48,1.52,3.47,0.19,0.04,0.0,0.0,0.0,0.0,0.0,0.02
2022-07-02,Complet de moins de 3 mois - sans rappel,432.1,53.51,46.9,24.4,0.66,0.26,0.12,0.12,0.03,0.0,0.25
2022-07-02,Complet - avec 2 rappels de moins de 3 mois,4962.11,756.39,863.28,404.34,44.56,28.57,4.68,2.44,3.96,3.4,4.05
2022-07-04,Complet - avec 1 rappel de moins de 3 mois,3509.64,657.36,645.28,307.49,12.15,8.77,0.24,0.22,1.36,1.1,1.36
2022-07-04,Complet - avec 2 rappels de moins de 3 mois,10567.15,2089.59,2629.01,1331.35,71.92,56.66,7.53,7.33,2.94,1.45,4.07
2022-07-05,Complet de 6 mois ou plus - sans rappel,34060.08,9324.64,8467.82,4920.14,142.07,117.1,17.92,15.43,7.42,6.41,20.83
2022-07-05,Complet - avec 1 rappel de 6 mois ou plus,81440.01,29335.15,32439.73,20027.23,528.03,410.76,56.99,46.83,24.02,17.77,41.57
2022-07-06,Non-vaccinés,35524.19,10201.12,9365.47,5310.86,248.0,181.67,20.86,17.42,9.57,6.71,
2022-07-06,Complet - avec 2 rappels de moins de 3 mois,7731.89,1654.76,1949.15,964.28,85.81,64.65,7.76,7.53,2.08,1.27,4.23
2022-07-07,Non-vaccinés,29474.32,9142.24,8190.92,4731.92,238.78,168.27,28.06,22.82,14.02,9.83,
2022-07-08,Complet - avec 2 rappels de moins de 3 mois,7015.06,1676.92,1897.6,960.8,65.11,50.76,5.35,4.66,4.4,1.63,4.44
2022-07-10,Complet - avec 1 rappel entre 3 mois et 6 mois,5990.55,1309.39,1770.25,799.21,111.62,87.6,18.93,13.56,4.15,2.95,20.86
2022-07-10,Complet - avec 3 rappels entre 3 et 6 mois ou plus,0.03,0.02,0.01,0.0,0.09,0.0,0.0,0.0,0.0,0.0,0.0
2022-07-12,Complet de 6 mois ou plus - sans rappel,29233.79,8356.71,7402.39,4350.21,153.17,120.75,16.97,12.89,9.44,5.99,21.08
2022-07-12,Complet - avec 2 rappels de 6 mois ou plus,213.8,61.76,81.71,40.51,3.42,2.4,0.0,0.0,0.01,0.01,0.11
2022-07-13,Complet - avec 1 rappel entre 3 mois et 6 mois,23848.07,9264.27,9499.23,5991.98,143.01,106.77,19.13,16.56,2.25,2.17,18.53
2022-07-14,Primo dose récente,25.7,2.38,4.44,0.17,1.11,1.0,0.0,0.0,0.0,0.0,0.03
2022-07-14,Complet - avec 1 rappel entre 3 mois et 6 mois,4091.56,892.98,1158.73,527.52,89.35,64.81,15.81,10.9,3.85,1.47,17.61
2022-07-15,Complet - avec 1 rappel de moins de 3 mois,2699.44,502.15,515.23,251.04,10.51,8.68,0.07,0.02,0.37,0.0,1.37
2022-07-20,Complet de 6 mois ou plus - sans rappel,24618.91,5929.13,5003.37,2829.89,123.92,93.11,22.68,18.24,10.6,9.12,21.3
2022-07-21,Complet - avec 2 rappels de 6 mois ou plus,239.16,69.91,64.08,39.24,2.33,2.24,0.05,0.05,0.0,0.0,0.18
2022-07-27,Primo dose efficace,1232.33,196.24,181.09,84.64,7.65,5.11,0.24,0.0,0.79,0.38,1.08
2022-07-29,Complet de moins de 3 mois - sans rappel,401.16,47.21,38.14,21.21,0.59,0.41,0.1,0.0,0.02,0.0,0.23
2022-07-30,Complet - avec 1 rappel de moins de 3 mois,1554.5,153.24,124.43,42.33,3.22,2.2,1.21,1.06,0.45,0.33,1.36
2022-07-30,Complet - avec 2 rappels entre 3 mois et 6 mois,1938.33,318.3,329.09,155.98,31.38,24.51,2.91,2.53,5.56,4.96,2.33
2022-07-31,Primo dose récente,10.78,1.1,0.94,0.06,0.15,0.14,0.0,0.0,0.0,0.0,0.02
2022-07-31,Complet - avec 2 rappels de moins de 3 mois,1564.46,193.95,167.63,54.07,34.41,28.2,4.34,4.19,8.0,7.33,6.59
2022-08-02,Complet - avec 3 rappels de moins de 3 mois,35.64,4.15,6.05,2.34,0.02,0.0,0.0,0.0,0.0,0.0,0.04
2022-08-03,Complet - avec 2 rappels de 6 mois ou plus,264.4,69.29,61.45,39.01,3.64,3.24,0.07,0.03,0.0,0.0,0.28
2022-08-05,Complet - avec 2 rappels de moins de 3 mois,4674.51,902.67,799.02,416.67,38.25,32.4,4.49,3.86,4.73,3.94,6.88
2022-08-06,Complet de 6 mois ou plus - sans rappel,13412.93,1493.66,1154.55,574.21,54.33,43.34,7.65,5.88,7.78,7.43,21.83
2022-08-07,Non-vaccinés,4181.86,517.62,442.5,146.73,78.87,64.64,8.56,6.42,12.95,9.58,
2022-08-07,Complet - avec 1 rappel de moins de 3 mois,355.74,31.94,22.35,6.01,4.67,4.33,0.07,0.03,0.0,0.0,1.31
2022-08-07,Complet - avec 3 rappels de moins de 3 mois,13.91,2.26,1.28,1.07,0.03,0.0,0.0,0.0,0.0,0.0,0.04
2022-08-09,Primo dose récente,37.29,4.8,1.18,0.01,0.0,0.0,0.0,0.0,0.0,0.0,0.01
2022-08-10,Non-vaccinés,12168.37,2210.63,1718.09,932.73,107.77,83.69,7.98,7.48,17.09,10.5,
2022-08-10,Complet de 6 mois ou plus - sans rappel,13649.23,2288.69,1689.07,910.26,69.13,58.33,3.52,2.72,3.44,2.56,21.94
2022-08-10,Complet - avec 1 rappel de 6 mois ou plus,33397.03,8236.54,7048.59,4263.86,257.43,213.28,35.03,25.36,31.93,26.63,59.18
2022-08-12,Complet - avec 1 rappel entre 3 mois et 6 mois,2402.74,507.87,410.03,228.1,17.84,14.45,3.56,2.53,1.45,0.33,4.77
2022-08-16,Complet - avec 1 rappel entre 3 mois et 6 mois,3078.71,616.05,530.1,320.74,15.85,13.92,1.23,1.01,0.11,0.0,3.72
2022-08-17,Non-vaccinés,10525.49,1993.89,1585.09,882.11,73.88,58.03,13.26,10.05,14.32,11.88,
2022-08-17,Complet de moins de 3 mois - sans rappel,228.35,28.03,24.72,13.84,0.04,0.04,0.0,0.0,1.0,1.0,0.2
2022-08-17,Complet entre 3 mois et 6 mois - sans rappel,403.02,68.11,71.26,37.59,1.44,1.42,1.0,1.0,0.01,0.0,0.61
2022-08-17,Complet - avec 1 rappel de moins de 3 mois,927.55,100.4,89.26,33.04,5.46,5.28,1.0,1.0,1.02,1.0,1.23
2022-08-17,Complet - avec 1 rappel de 6 mois ou plus,33873.75,8258.38,6970.99,4215.21,248.55,195.88,29.08,23.94,36.37,27.91,60.86
2022-08-17,Complet - avec 3 rappels de moins de 3 mois,50.99,7.91,5.87,1.46,0.0,0.0,0.0,0.0,0.25,0.25,0.05
2022-08-18,Complet de moins de 3 mois - sans rappel,166.2,23.2,17.08,8.96,0.05,0.01,0.0,0.0,0.01,0.0,0.2
2022-08-24,Complet de moins de 3 mois - sans rappel,154.49,12.41,7.03,3.37,0.06,0.0,0.0,0.0,0.0,0.0,0.19
2022-08-25,Primo dose efficace,535.52,103.04,60.68,40.71,6.09,3.81,0.02,0.01,0.12,0.07,1.06
2022-08-25,Complet entre 3 mois et 6 mois - sans rappel,218.8,44.59,33.43,18.31,1.84,1.02,0.19,0.01,0.0,0.0,0.44
2022-08-26,Non-vaccinés,8201.11,1771.37,1282.93,740.92,64.18,47.26,6.55,4.84,4.84,4.0,
2022-08-27,Primo dose récente,10.22,0.18,1.15,0.04,0.0,0.0,0.0,0.0,0.0,0.0,0.01
2022-08-27,Complet - avec 2 rappels de 6 mois ou plus,338.17,29.08,21.59,14.44,1.5,1.06,3.07,2.0,1.0,1.0,0.49
2023-02-06,Primo dose efficace,,,,,0.67,,0.0,,1.0,,1.03
2023-02-06,Complet - avec 1 rappel entre 3 mois et 6 mois,,,,,3.53,,0.01,,0.0,,0.39
2023-02-09,Primo dose efficace,,,,,1.78,,0.0,,0.0,,1.03
2023-02-09,Complet - avec 2 rappels de moins de 3 mois,,,,,7.18,,3.0,,0.0,,4.95
2023-02-09,Complet - avec 2 rappels entre 3 mois et 6 mois,,,,,9.74,,3.0,,3.09,,3.48
2023-02-11,Complet de moins de 3 mois - sans rappel,,,,,0.05,,0.0,,0.0,,0.07
2023-02-11,Complet - avec 3 rappels entre 3 et 6 mois ou plus,,,,,1.83,,0.0,,1.0,,0.56
2023-02-15,Primo dose efficace,,,,,1.38,,0.0,,0.2,,1.03
2023-02-17,Complet - avec 2 rappels de 6 mois ou plus,4044.35,499.43,240.15,83.75,33.3,23.08,6.33,4.83,4.99,3.76,6.98
2023-02-18,Complet - avec 2 rappels de 6 mois ou plus,4607.96,324.26,169.82,53.2,29.31,23.51,4.21,3.4,4.01,2.33,7.0
2023-02-19,Primo dose efficace,139.22,12.42,3.57,0.03,0.34,0.09,0.0,0.0,0.0,0.0,1.03
2023-02-19,Complet - avec 2 rappels de 6 mois ou plus,1526.31,196.58,85.95,16.19,17.94,13.39,4.82,4.17,3.9,2.16,7.01
2023-02-20,Complet - avec 3 rappels de moins de 3 mois,3001.94,203.34,118.48,46.66,12.69,9.92,0.22,0.04,0.25,0.25,3.03
2023-02-21,Primo dose récente,5.78,0.0,1.12,0.0,0.0,0.0,0.0,0.0,0.0,0.0,0.01
2023-02-21,Complet - avec 1 rappel de moins de 3 mois,282.86,21.48,6.16,1.56,1.03,1.0,0.0,0.0,0.0,0.0,0.34
2023-02-22,Primo dose efficace,314.69,31.95,18.74,6.66,2.47,2.02,0.0,0.0,0.0,0.0,1.03
2023-02-22,Complet - avec 2 rappels de moins de 3 mois,2362.0,213.84,82.06,26.86,8.2,4.24,0.04,0.0,0.18,0.0,4.51
2023-02-22,Complet - avec 3 rappels entre 3 et 6 mois ou plus,607.48,64.76,34.69,11.64,5.43,5.38,0.01,0.0,0.0,0.0,0.77
2023-02-23,Complet - avec 2 rappels de moins de 3 mois,1324.46,197.0,61.43,26.68,5.03,3.03,1.27,1.18,2.14,1.0,4.46
2023-02-23,Complet - avec 2 rappels entre 3 mois et 6 mois,1323.16,194.05,93.5,39.59,18.35,11.25,1.19,1.04,1.45,1.0,3.7
2023-02-23,Complet - avec 3 rappels de moins de 3 mois,1098.88,151.32,76.86,31.75,10.74,6.71,1.04,1.04,2.37,0.0,3.0
2023-02-24,Complet - avec 1 rappel de 6 mois ou plus,15380.56,2116.15,931.22,424.94,77.84,60.27,8.67,5.11,11.64,8.4,56.85
2023-02-25,Complet de 6 mois ou plus - sans rappel,5373.73,409.49,155.26,59.21,9.68,6.51,1.77,1.77,2.36,1.2,22.22
2023-02-26,Non-vaccinés,1998.28,391.83,85.0,25.22,17.93,11.5,0.33,0.33,1.75,1.26,
2023-03-05,Complet entre 3 mois et 6 mois - sans rappel,8.22,2.5,1.26,0.1,0.0,0.0,0.0,0.0,0.0,0.0,0.08
2023-03-05,Complet - avec 1 rappel entre 3 mois et 6 mois,64.84,5.98,3.45,1.16,0.11,0.0,0.01,0.01,0.0,0.0,0.38
2023-03-05,Complet - avec 2 rappels de moins de 3 mois,528.08,46.2,12.74,2.58,4.01,3.26,1.03,1.03,2.09,2.0,3.89
2023-03-06,Complet - avec 1 rappel de 6 mois ou plus,28501.54,2760.17,1717.12,855.29,110.92,83.07,14.38,10.81,3.56,0.51,56.84
2023-03-06,Complet - avec 2 rappels de 6 mois ou plus,7321.52,505.12,418.95,137.59,70.43,43.38,1.93,1.14,3.72,2.51,7.29
2023-03-07,Complet - avec 2 rappels de moins de 3 mois,2263.88,162.0,89.01,33.05,9.02,6.7,1.33,1.15,1.04,1.0,3.8
2023-03-07,Complet - avec 3 rappels de moins de 3 mois,1976.37,176.38,114.84,40.57,16.57,8.97,1.2,0.2,0.03,0.0,2.79
2023-03-07,Complet - avec 3 rappels entre 3 et 6 mois ou plus,969.1,105.36,79.71,30.74,12.04,9.32,0.67,0.3,1.0,1.0,1.11
2023-03-09,Complet - avec 1 rappel de moins de 3 mois,105.58,17.27,8.81,4.28,0.12,0.0,0.0,0.0,0.0,0.0,0.28
2023-03-10,Non-vaccinés,4070.26,1033.99,321.58,131.57,35.73,23.28,2.93,2.71,5.78,3.97,
2023-03-10,Complet - avec 1 rappel de 6 mois ou plus,14373.15,2311.63,1395.05,703.97,120.06,97.75,10.97,8.31,8.25,5.03,56.84
2023-03-10,Complet - avec 3 rappels de moins de 3 mois,1436.39,130.21,94.17,29.23,21.19,15.78,1.16,1.0,0.16,0.0,2.62
2023-03-12,Complet - avec 1 rappel entre 3 mois et 6 mois,49.68,6.47,5.0,1.27,0.29,0.24,0.01,0.01,0.0,0.0,0.39
2023-03-13,Complet de moins de 3 mois - sans rappel,36.56,4.62,1.2,1.08,0.03,0.0,0.0,0.0,0.0,0.0,0.06
2023-03-13,Complet - avec 1 rappel entre 3 mois et 6 mois,340.87,38.06,23.56,7.92,4.65,3.65,0.0,0.0,0.0,0.0,0.39
2023-03-14,Complet - avec 2 rappels de moins de 3 mois,1608.14,149.96,92.02,35.17,8.85,5.86,1.48,1.05,0.25,0.0,3.01
2023-03-14,Complet - avec 2 rappels entre 3 mois et 6 mois,2792.95,304.5,225.04,102.33,24.79,20.11,3.77,3.07,1.39,1.0,4.67
2023-03-14,Complet - avec 3 rappels de moins de 3 mois,1548.17,141.34,110.81,43.9,12.24,7.11,3.8,3.28,0.16,0.0,2.46
2023-03-14,Complet - avec 3 rappels entre 3 et 6 mois ou plus,1202.93,124.99,124.17,45.58,9.14,7.09,0.32,0.02,3.09,1.0,1.5
2023-03-15,Complet - avec 2 rappels entre 3 mois et 6 mois,2296.41,298.81,185.96,99.65,12.33,9.67,3.34,3.34,0.07,0.0,4.82
2023-03-15,Complet - avec 2 rappels de 6 mois ou plus,4193.29,491.65,432.73,164.98,71.08,49.18,3.65,3.55,3.49,2.49,7.51
2023-03-15,Complet - avec 3 rappels de moins de 3 mois,1250.38,146.69,104.52,42.36,15.95,11.65,0.03,0.03,0.07,0.0,2.37
2023-03-15,Complet - avec 3 rappels entre 3 et 6 mois ou plus,1033.76,133.27,118.28,38.86,14.59,10.2,2.18,1.18,0.0,0.0,1.61
2023-03-16,Primo dose récente,1.01,0.0,0.0,0.0,0.0,0.0,0.01,0.0,0.0,0.0,0.0
2023-03-16,Complet - avec 1 rappel de moins de 3 mois,82.68,18.09,8.2,2.53,2.04,1.0,0.01,0.01,0.0,0.0,0.24
2023-03-16,Complet - avec 1 rappel entre 3 mois et 6 mois,146.43,28.57,16.28,4.76,1.7,1.64,0.0,0.0,0.0,0.0,0.41
2023-03-16,Complet - avec 2 rappels entre 3 mois et 6 mois,1405.12,304.82,175.92,87.06,16.62,15.35,3.31,2.08,0.0,0.0,4.93
2023-03-16,Complet - avec 3 rappels de moins de 3 mois,714.19,122.27,85.12,32.81,14.33,11.99,0.09,0.06,0.0,0.0,2.3
2023-03-17,Complet de moins de 3 mois - sans rappel,23.29,5.69,0.18,0.11,0.04,0.04,0.0,0.0,0.0,0.0,0.05
2023-03-17,Complet - avec 1 rappel de 6 mois ou plus,13183.29,2464.85,1544.48,862.44,111.97,82.03,9.28,6.17,11.07,9.18,56.85
2023-03-17,Complet - avec 3 rappels de moins de 3 mois,973.19,126.11,79.22,41.42,10.64,6.63,0.35,0.15,1.23,0.06,2.21
2023-03-18,Primo dose efficace,218.55,21.74,14.06,1.93,0.74,0.15,2.07,1.01,0.0,0.0,1.03
2023-03-18,Complet de moins de 3 mois - sans rappel,22.25,2.24,4.05,1.0,0.11,0.1,0.0,0.0,0.0,0.0,0.05
2023-03-19,Complet de 6 mois ou plus - sans rappel,1272.92,180.03,104.37,34.07,17.08,11.82,5.24,4.13,1.1,1.0,22.23
2023-03-20,Primo dose efficace,394.91,45.55,26.99,10.9,5.01,3.64,0.06,0.0,1.06,0.0,1.03
2023-03-20,Complet de 6 mois ou plus - sans rappel,6592.87,1103.36,661.12,344.55,39.62,27.92,3.46,3.25,2.13,1.04,22.23
2023-03-20,Complet - avec 2 rappels entre 3 mois et 6 mois,4147.5,439.11,365.3,168.03,26.64,23.08,3.66,3.4,1.65,1.37,5.29
2023-03-21,Non-vaccinés,5312.54,1228.69,436.3,217.81,39.94,24.36,4.57,3.17,4.32,3.83,
2023-03-21,Complet - avec 1 rappel de moins de 3 mois,116.87,20.05,14.44,5.33,0.38,0.18,1.17,1.17,0.0,0.0,0.21
2023-03-21,Complet - avec 2 rappels de moins de 3 mois,1100.49,133.19,68.13,32.9,4.36,1.52,0.06,0.0,0.2,0.0,2.11
2023-03-22,Complet de 6 mois ou plus - sans rappel,4810.76,973.07,539.5,299.75,30.78,21.15,4.06,2.85,2.07,2.0,22.23
2023-03-22,Complet - avec 2 rappels entre 3 mois et 6 mois,2534.2,351.83,273.59,117.88,19.52,15.75,4.8,4.64,3.39,2.0,5.48
2023-03-25,Complet de moins de 3 mois - sans rappel,14.21,2.87,0.38,0.02,0.0,0.0,0.02,0.0,0.01,0.01,0.05
2023-03-25,Complet - avec 3 rappels entre 3 et 6 mois ou plus,1172.24,109.09,105.92,44.42,9.11,8.59,2.04,2.01,2.0,2.0,2.19
2023-03-27,Complet de moins de 3 mois - sans rappel,22.26,2.23,1.15,0.01,0.0,0.0,0.0,0.0,0.0,0.0,0.05
2023-03-28,Complet - avec 1 rappel entre 3 mois et 6 mois,239.44,37.75,23.71,10.02,0.39,0.03,1.18,1.05,0.01,0.0,0.43
2023-03-28,Complet - avec 1 rappel de 6 mois ou plus,16621.15,3120.06,2082.86,1146.69,141.52,104.02,17.43,11.19,6.92,3.92,56.87
2023-03-29,Complet - avec 1 rappel entre 3 mois et 6 mois,205.13,36.32,19.53,8.93,0.27,0.25,0.18,0.18,0.0,0.0,0.43
2023-03-29,Complet - avec 1 rappel de 6 mois ou plus,14942.01,3025.71,1884.55,1093.97,130.37,96.19,13.58,12.74,9.78,7.5,56.87
2023-03-29,Complet - avec 2 rappels entre 3 mois et 6 mois,2428.28,366.74,266.24,123.4,29.39,22.03,2.41,1.41,0.0,0.0,5.61
2023-03-29,Complet - avec 3 rappels de moins de 3 mois,832.54,126.88,85.57,40.88,12.38,10.76,1.13,0.05,2.14,2.0,1.8
2023-03-29,Complet - avec 3 rappels entre 3 et 6 mois ou plus,1239.88,199.23,170.08,75.39,17.33,12.31,2.87,2.37,2.39,1.0,2.25
2023-03-30,Complet - avec 2 rappels de 6 mois ou plus,2624.24,630.38,495.87,248.69,61.89,48.93,9.59,7.69,5.11,4.0,7.88
2023-03-31,Complet - avec 1 rappel de 6 mois ou plus,11732.76,2818.97,1730.13,1018.41,121.73,85.81,19.93,17.27,11.99,8.4,56.88
2023-04-01,Complet de 6 mois ou plus - sans rappel,3566.68,474.54,286.8,127.73,24.02,14.0,0.73,0.73,2.0,1.0,22.23
2023-04-01,Complet - avec 2 rappels de moins de 3 mois,578.31,51.98,26.55,7.93,3.63,3.08,0.0,0.0,1.0,1.0,1.49
2023-04-01,Complet - avec 2 rappels de 6 mois ou plus,3582.69,360.43,284.91,109.01,43.13,29.95,3.69,3.69,3.93,3.4,7.95
2023-04-02,Primo dose récente,0.08,0.0,0.0,0.0,0.0,0.0,0.0,0.0,0.0,0.0,0.0
2023-04-02,Complet - avec 1 rappel de moins de 3 mois,19.44,1.8,1.14,0.05,0.3,0.03,0.0,0.0,0.0,0.0,0.17
2023-04-02,Complet - avec 1 rappel entre 3 mois et 6 mois,57.86,9.68,4.61,0.14,1.36,1.0,0.0,0.0,1.0,0.0,0.42
2023-04-03,Primo dose efficace,313.54,65.37,26.28,15.96,3.1,2.61,0.13,0.0,0.0,0.0,1.03
2023-04-03,Complet - avec 1 rappel entre 3 mois et 6 mois,293.48,41.36,31.36,10.18,0.1,0.09,0.34,0.22,0.0,0.0,0.42
2023-04-03,Complet - avec 2 rappels de moins de 3 mois,875.45,116.29,75.59,36.83,4.5,3.3,1.03,1.0,0.0,0.0,1.49
2023-05-05,Complet - avec 2 rappels de moins de 3 mois,93.79,18.29,8.99,3.33,0.25,0.21,0.0,0.0,0.0,0.0,0.34
2023-05-06,Complet entre 3 mois et 6 mois - sans rappel,16.87,2.44,2.19,0.15,0.0,0.0,0.0,0.0,0.0,0.0,0.07
2023-05-06,Complet - avec 3 rappels entre 3 et 6 mois ou plus,1086.67,146.4,103.95,46.42,12.06,9.2,0.16,0.06,0.65,0.11,3.59
2023-05-07,Complet entre 3 mois et 6 mois - sans rappel,6.83,1.33,0.13,0.05,0.0,0.0,0.0,0.0,0.0,0.0,0.07
2023-05-08,Complet entre 3 mois et 6 mois - sans rappel,4.5,0.18,0.14,0.12,0.0,0.0,0.01,0.01,0.0,0.0,0.07
2023-05-09,Primo dose efficace,224.63,28.02,16.64,6.02,0.81,0.07,0.3,0.3,0.54,0.25,1.03
2023-05-11,Complet de moins de 3 mois - sans rappel,2.41,0.98,0.07,0.0,0.0,0.0,0.0,0.0,0.0,0.0,0.03
2023-05-13,Complet - avec 1 rappel de 6 mois ou plus,7163.09,894.48,463.27,236.79,45.91,31.67,7.86,6.62,5.38,2.77,57.01
2023-05-14,Complet entre 3 mois et 6 mois - sans rappel,1.37,1.06,0.06,0.0,0.0,0.0,0.0,0.0,0.0,0.0,0.07
2023-05-14,Complet de 6 mois ou plus - sans rappel,648.67,87.5,44.16,14.24,6.06,3.15,3.0,1.0,2.21,1.21,22.26
2023-05-14,Complet - avec 3 rappels de moins de 3 mois,40.02,7.8,0.38,0.03,0.11,0.08,0.0,0.0,0.21,0.21,0.48
2023-05-16,Primo dose récente,0.08,0.0,0.0,0.0,0.0,0.0,0.0,0.0,0.0,0.0,0.0
2023-05-17,Complet - avec 2 rappels entre 3 mois et 6 mois,770.25,211.11,93.66,54.95,8.41,6.64,0.29,0.17,1.12,1.0,4.85
2023-05-18,Complet de 6 mois ou plus - sans rappel,567.28,102.57,43.85,18.1,8.45,7.87,1.0,1.0,1.0,1.0,22.27
2023-05-20,Complet - avec 3 rappels de moins de 3 mois,121.02,17.07,6.5,3.24,0.08,0.0,0.01,0.01,0.0,0.0,0.42
2023-05-21,Non-vaccinés,760.75,183.33,59.73,24.7,16.32,13.42,0.6,0.6,2.06,1.0,
2023-06-06,Complet - avec 1 rappel de moins de 3 mois,11.83,1.33,1.04,0.04,0.0,0.0,0.0,0.0,0.01,0.0,0.05
2023-06-08,Primo dose efficace,87.65,17.26,5.54,3.92,0.01,0.0,1.0,0.0,0.0,0.0,1.03
2023-06-08,Complet - avec 3 rappels de moins de 3 mois,59.71,21.4,4.55,4.23,2.06,0.0,0.01,0.01,0.0,0.0,0.33
2023-06-09,Primo dose efficace,84.4,17.27,2.85,1.58,0.28,0.01,0.0,0.0,0.01,0.0,1.03
2023-06-11,Primo dose récente,0.19,0.0,0.0,0.0,0.0,0.0,0.0,0.0,0.0,0.0,0.0
2021-06-02,Non-vaccinés,132557.03,16098.75,5803.87,2137.04,265.27,199.78,57.21,46.6,31.14,18.87,
2021-06-07,Primo dose efficace,48937.67,2744.36,389.39,133.14,32.41,25.69,9.44,8.03,6.79,3.78,42.04
2021-06-08,Non-vaccinés,115468.37,13556.99,4040.44,1390.19,194.43,155.39,54.65,42.98,13.35,8.94,
2021-06-08,Complet - avec 1 rappel de moins de 3 mois,0.0,0.0,0.0,0.0,0.0,0.0,0.0,0.0,0.0,0.0,0.0
2021-06-10,Complet de moins de 3 mois - sans rappel,29710.16,1454.0,357.2,91.14,16.31,9.55,4.83,2.54,4.35,2.64,35.55
2021-06-10,Complet de 6 mois ou plus - sans rappel,0.01,0.01,0.01,0.01,0.0,0.0,0.0,0.0,0.0,0.0,0.0
2021-06-13,Complet de moins de 3 mois - sans rappel,6876.19,322.54,54.61,8.71,9.72,3.67,3.07,1.35,2.51,1.34,36.74
2021-06-15,Complet de moins de 3 mois - sans rappel,34490.84,1367.95,255.23,61.47,16.93,13.35,0.84,0.33,2.79,2.4,37.37
2021-06-15,Complet de 6 mois ou plus - sans rappel,0.0,0.0,0.0,0.0,0.0,0.0,0.0,0.0,0.1,0.0,0.0
2021-06-16,Complet entre 3 mois et 6 mois - sans rappel,7147.82,301.84,29.22,6.1,0.88,0.11,1.08,0.0,3.0,0.0,7.31
2021-07-01,Non-vaccinés,105478.84,6564.04,1716.38,581.68,63.21,45.15,13.72,8.51,7.93,5.65,
2021-07-02,Complet de 6 mois ou plus - sans rappel,0.0,0.0,0.0,0.0,0.0,0.0,0.0,0.0,0.0,0.0,0.0
2021-07-08,Complet entre 3 mois et 6 mois - sans rappel,7843.46,583.99,51.68,14.78,4.88,3.36,0.42,0.2,1.7,1.0,9.65
2021-07-12,Complet entre 3 mois et 6 mois - sans rappel,12178.69,925.88,123.64,47.37,7.34,5.56,0.37,0.3,2.0,2.0,10.53
2021-07-12,Complet - avec 1 rappel de moins de 3 mois,0.09,0.0,0.0,0.0,0.0,0.0,0.0,0.0,0.0,0.0,0.0
2021-07-13,Complet de moins de 3 mois - sans rappel,69660.51,4286.2,1086.01,398.9,19.65,16.04,4.05,3.7,1.0,1.0,56.83
2021-07-14,Primo dose efficace,9093.66,575.69,224.69,85.01,7.72,5.62,2.68,2.18,1.22,1.0,25.14
2021-07-23,Non-vaccinés,175910.15,14743.12,12514.78,5394.52,208.05,153.42,58.99,50.94,11.94,8.31,
2021-07-24,Complet de moins de 3 mois - sans rappel,52078.14,3015.98,1450.57,519.92,23.42,16.46,8.23,7.68,1.5,1.17,60.04
2021-07-25,Complet entre 3 mois et 6 mois - sans rappel,4149.1,365.17,86.58,31.49,19.87,16.02,6.0,4.48,2.74,2.0,14.14
2021-07-26,Complet de moins de 3 mois - sans rappel,89825.13,8169.52,3920.83,1683.18,50.49,39.06,12.9,10.87,1.45,1.45,60.26
2021-07-26,Complet de 6 mois ou plus - sans rappel,57.05,3.41,0.79,0.24,0.35,0.31,0.01,0.0,0.1,0.1,0.02
2021-08-01,Complet de 6 mois ou plus - sans rappel,30.17,4.15,0.02,0.0,0.01,0.0,0.01,0.0,0.04,0.0,0.13
2021-08-06,Complet entre 3 mois et 6 mois - sans rappel,24579.6,2172.82,1061.14,363.29,62.5,53.89,11.4,9.32,9.75,6.57,17.14
2021-08-06,Complet - avec 1 rappel entre 3 mois et 6 mois,0.0,0.0,0.0,0.0,0.0,0.0,0.0,0.0,0.0,0.0,0.0
2021-08-08,Complet de moins de 3 mois - sans rappel,16427.68,978.62,615.83,209.16,50.6,40.38,15.7,12.83,4.48,3.58,59.63
2021-08-08,Complet - avec 1 rappel de moins de 3 mois,0.0,0.0,0.0,0.0,0.0,0.0,0.0,0.0,0.0,0.0,0.0
2021-08-13,Complet de 6 mois ou plus - sans rappel,3104.81,226.84,149.47,42.28,3.73,3.57,1.08,1.0,0.32,0.04,1.2
2021-08-14,Primo dose efficace,33216.82,1137.42,819.54,271.61,23.52,16.77,6.96,5.76,3.57,2.39,13.55
2021-08-16,Non-vaccinés,131092.47,15244.84,17656.89,8352.31,480.89,328.49,140.7,103.85,55.85,37.2,
2021-08-16,Complet de 6 mois ou plus - sans rappel,4504.87,371.01,287.71,103.38,10.83,8.38,1.21,0.64,1.78,0.88,1.39
2021-08-23,Non-vaccinés,109806.83,13647.81,15062.45,6999.95,453.5,307.6,109.14,83.87,63.85,44.16,
2021-08-23,Primo dose récente,19867.35,1230.96,1155.05,597.48,22.0,17.22,9.18,8.58,1.01,1.0,5.06
2021-08-25,Primo dose efficace,33508.34,2184.41,993.63,425.93,28.45,25.82,9.7,7.43,6.39,4.51,13.36
2021-08-25,Complet de 6 mois ou plus - sans rappel,6629.87,424.66,298.9,83.2,11.13,7.67,3.84,3.1,2.76,1.2,2.7
2021-08-26,Complet - avec 1 rappel de moins de 3 mois,0.16,0.1,0.1,0.1,0.03,0.0,0.0,0.0,0.01,0.01,0.0
2021-08-27,Complet - avec 1 rappel de moins de 3 mois,1.08,0.0,0.0,0.0,0.04,0.0,0.0,0.0,0.01,0.0,0.0
2021-08-28,Complet de 6 mois ou plus - sans rappel,3139.28,257.99,123.08,50.5,15.99,11.34,1.8,1.34,4.49,3.36,3.15
2021-08-29,Complet de 6 mois ou plus - sans rappel,1066.66,131.01,57.97,21.24,17.26,15.31,1.16,1.0,8.05,4.21,3.19
2021-08-31,Complet de 6 mois ou plus - sans rappel,8157.37,566.42,347.81,96.57,15.81,12.32,1.66,1.17,3.9,3.35,3.29
2021-09-04,Complet - avec 1 rappel de moins de 3 mois,0.02,0.0,0.0,0.0,0.18,0.17,0.0,0.0,0.0,0.0,0.0
2021-09-06,Non-vaccinés,80183.62,9337.33,8219.46,3542.56,281.72,196.14,87.11,71.37,38.6,20.07,
2021-09-06,Complet - avec 1 rappel entre 3 mois et 6 mois,0.11,0.11,0.11,0.11,0.0,0.0,0.0,0.0,0.0,0.0,0.0
2021-09-07,Complet - avec 1 rappel entre 3 mois et 6 mois,0.0,0.0,0.0,0.0,0.0,0.0,0.0,0.0,0.0,0.0,0.0
2021-09-10,Primo dose efficace,23279.8,1180.14,432.76,139.25,17.67,14.96,5.45,3.77,4.6,1.96,8.02
2021-09-23,Non-vaccinés,58969.7,7643.04,2579.51,1029.84,141.91,101.46,32.98,27.53,19.11,15.01,
2021-09-24,Primo dose récente,4776.15,259.19,68.47,29.85,1.84,1.15,0.15,0.11,0.14,0.14,1.31
2021-09-24,Complet de moins de 3 mois - sans rappel,47733.12,7183.16,954.82,389.47,30.01,24.18,6.73,5.85,5.22,4.84,53.15
2021-09-25,Complet - avec 2 rappels de moins de 3 mois,1.04,0.0,0.0,0.0,0.0,0.0,0.0,0.0,0.0,0.0,0.0
2021-09-26,Complet - avec 1 rappel de moins de 3 mois,453.78,32.03,7.55,2.0,2.22,2.17,1.15,1.15,0.0,0.0,1.22
2021-09-27,Primo dose efficace,13198.33,1086.44,221.93,66.79,9.62,6.59,3.1,2.52,2.69,1.22,5.34
2021-09-27,Complet - avec 1 rappel entre 3 mois et 6 mois,0.06,0.0,0.0,0.0,0.0,0.0,0.0,0.0,0.0,0.0,0.0
2021-09-29,Non-vaccinés,48859.38,7007.4,2144.45,871.27,108.23,79.11,24.39,16.5,22.13,16.59,
2021-09-29,Complet - avec 2 rappels de moins de 3 mois,1.07,0.01,0.0,0.0,0.0,0.0,0.0,0.0,0.0,0.0,0.0
2021-10-01,Complet entre 3 mois et 6 mois - sans rappel,43474.59,4265.23,796.47,336.83,40.55,31.6,7.55,4.58,8.57,7.27,39.78
2021-10-01,Complet - avec 1 rappel entre 3 mois et 6 mois,0.05,0.0,0.0,0.0,0.0,0.0,0.0,0.0,0.0,0.0,0.0
2021-10-01,Complet - avec 2 rappels de moins de 3 mois,0.12,0.04,0.0,0.0,0.0,0.0,0.0,0.0,0.0,0.0,0.0
2021-10-02,Complet entre 3 mois et 6 mois - sans rappel,35064.37,2109.33,432.17,160.26,30.47,21.77,4.94,4.5,9.24,6.84,40.63
2021-10-03,Non-vaccinés,8339.57,945.06,343.18,104.32,89.28,63.74,30.79,21.84,16.56,14.33,
2021-10-03,Complet de 6 mois ou plus - sans rappel,1706.62,146.86,26.94,5.92,3.47,2.55,0.43,0.15,2.82,1.56,4.69
2021-10-03,Complet - avec 2 rappels de moins de 3 mois,0.01,0.01,0.0,0.0,0.0,0.0,0.0,0.0,0.0,0.0,0.0
2021-10-04,Complet de 6 mois ou plus - sans rappel,9046.14,718.49,210.25,75.38,13.85,10.63,6.44,5.78,5.5,3.84,4.72
2021-10-06,Non-vaccinés,42725.06,5526.48,1770.09,722.95,88.43,58.7,23.79,15.56,21.97,19.34,
2021-10-06,Complet entre 3 mois et 6 mois - sans rappel,41643.04,4839.87,805.91,367.71,36.69,26.31,6.18,5.49,4.48,4.32,43.07
2021-10-08,Primo dose efficace,9640.0,590.46,134.26,44.01,7.93,5.95,0.37,0.24,0.18,0.0,4.27
2021-10-08,Complet - avec 1 rappel entre 3 mois et 6 mois,0.1,0.0,0.0,0.0,0.0,0.0,0.0,0.0,0.0,0.0,0.0
2021-10-09,Complet - avec 1 rappel de moins de 3 mois,2571.63,114.44,10.96,4.42,3.48,2.42,0.09,0.0,1.06,1.0,2.4
2021-10-12,Complet de moins de 3 mois - sans rappel,32160.36,5412.93,586.91,256.9,17.01,9.01,3.61,2.44,0.68,0.19,40.54
2021-10-12,Complet de 6 mois ou plus - sans rappel,8368.37,833.29,211.01,96.21,24.64,16.84,2.85,2.58,0.95,0.37,5.56
2021-10-13,Complet - avec 2 rappels de moins de 3 mois,4.01,0.0,0.09,0.0,0.0,0.0,0.0,0.0,0.0,0.0,0.0
2021-10-14,Non-vaccinés,71581.75,6147.99,2023.12,829.85,91.2,65.63,18.83,15.97,16.99,11.82,
2021-10-14,Complet de moins de 3 mois - sans rappel,29433.48,4493.36,544.25,219.34,18.85,13.69,2.49,0.22,2.59,1.27,39.25
2021-10-14,Complet - avec 1 rappel de 6 mois ou plus,0.06,0.0,0.06,0.0,0.0,0.0,0.04,0.04,0.0,0.0,0.0
2021-10-15,Primo dose récente,1517.2,97.2,35.59,16.75,0.14,0.06,0.14,0.12,0.04,0.0,0.77
2021-10-16,Non-vaccinés,26311.72,2551.86,915.59,391.37,72.48,58.07,20.56,14.34,9.68,8.01,
2021-10-17,Primo dose efficace,1383.98,74.36,12.39,2.94,1.13,0.73,1.64,1.47,0.19,0.0,3.65
2021-10-17,Complet - avec 1 rappel de moins de 3 mois,1148.44,83.22,5.28,1.3,1.76,0.57,1.59,1.56,0.31,0.0,3.18
2021-10-19,Complet de 6 mois ou plus - sans rappel,9865.51,1088.84,328.84,148.16,27.43,21.02,5.88,4.67,5.18,4.44,6.6
2021-10-19,Complet - avec 2 rappels de moins de 3 mois,1.69,0.0,0.0,0.0,0.0,0.0,0.0,0.0,0.0,0.0,0.0
2021-10-20,Complet - avec 1 rappel entre 3 mois et 6 mois,0.0,0.0,0.0,0.0,0.0,0.0,0.0,0.0,0.0,0.0,0.0
2021-10-21,Complet entre 3 mois et 6 mois - sans rappel,43260.18,6840.08,1711.28,854.17,55.2,44.38,11.53,8.67,7.53,6.0,51.41
2021-10-21,Complet de 6 mois ou plus - sans rappel,7302.85,1116.14,303.5,150.26,21.88,14.24,6.56,5.29,3.88,2.41,7.01
2021-10-24,Primo dose efficace,1312.26,60.52,18.12,4.23,2.24,0.71,1.73,1.39,0.16,0.0,3.37
2021-10-27,Non-vaccinés,31882.46,4935.88,2048.06,965.22,111.84,84.55,30.64,28.25,26.26,17.06,
2021-10-27,Complet de 6 mois ou plus - sans rappel,10388.58,1244.87,414.24,210.39,37.55,30.57,5.39,5.1,8.86,6.58,8.12
2021-10-28,Non-vaccinés,28448.26,4805.88,2001.24,927.55,107.96,83.99,31.96,24.97,10.82,10.82,
2021-10-30,Complet de 6 mois ou plus - sans rappel,9072.97,788.61,358.42,152.46,38.27,30.5,6.5,5.53,11.83,9.73,8.78
2021-11-01,Non-vaccinés,8693.89,1054.81,498.63,208.95,73.47,56.63,22.2,17.98,16.57,15.23,
2021-11-04,Non-vaccinés,26610.48,5125.53,2642.14,1293.92,120.54,90.56,37.96,31.72,17.6,14.12,
2021-11-04,Complet - avec 1 rappel de 6 mois ou plus,0.0,0.0,0.0,0.0,0.0,0.0,0.0,0.0,0.0,0.0,0.0
2021-11-04,Complet - avec 2 rappels de moins de 3 mois,8.15,1.24,0.0,0.0,0.0,0.0,0.0,0.0,0.0,0.0,0.0
2021-11-05,Primo dose efficace,5141.61,506.36,146.47,67.18,8.45,6.32,1.36,1.36,0.6,0.12,3.06
2021-11-07,Primo dose récente,183.43,9.55,6.77,4.6,0.26,0.26,0.14,0.14,0.0,0.0,0.48
2021-11-09,Complet - avec 1 rappel entre 3 mois et 6 mois,1.48,0.23,0.23,0.23,0.25,0.25,0.0,0.0,0.0,0.0,0.0
2021-11-10,Primo dose efficace,4625.41,534.06,132.7,55.43,8.31,5.31,2.09,2.08,0.18,0.18,3.0
2021-11-10,Complet entre 3 mois et 6 mois - sans rappel,60576.09,10330.89,3523.9,1841.85,78.08,61.63,16.7,15.01,8.0,6.75,55.39
2021-11-18,Complet - avec 1 rappel de moins de 3 mois,11386.19,1285.41,230.93,79.51,12.37,10.48,2.78,1.61,1.0,0.4,8.22
2021-11-20,Complet - avec 1 rappel de moins de 3 mois,11095.11,716.96,184.33,48.42,16.42,11.76,2.32,2.17,1.78,0.55,8.63
2021-11-21,Complet - avec 1 rappel de 6 mois ou plus,0.0,0.0,0.0,0.0,0.0,0.0,0.0,0.0,0.0,0.0,0.0
2021-11-21,Complet - avec 2 rappels de moins de 3 mois,4.1,0.03,0.0,0.0,0.0,0.0,0.0,0.0,0.0,0.0,0.01
2021-11-24,Complet de moins de 3 mois - sans rappel,24721.11,5360.83,1626.28,821.86,33.04,25.36,8.98,8.34,3.67,2.28,16.22
2021-11-26,Complet - avec 1 rappel entre 3 mois et 6 mois,1.52,0.0,0.4,0.0,0.0,0.0,0.15,0.15,0.0,0.0,0.0
2021-11-27,Complet de 6 mois ou plus - sans rappel,20103.3,2847.9,1664.19,763.14,102.38,88.3,13.19,10.47,19.81,16.93,12.35
2021-12-01,Complet de moins de 3 mois - sans rappel,24491.03,5053.61,1934.96,911.04,44.91,37.24,9.82,7.63,5.93,5.5,12.34
2021-12-03,Complet - avec 3 rappels de moins de 3 mois,0.0,0.0,0.0,0.0,0.0,0.0,0.0,0.0,0.0,0.0,0.0
2021-12-08,Primo dose efficace,6581.62,1012.24,489.69,215.97,25.85,18.37,1.83,1.52,1.85,0.65,2.33
2021-12-08,Complet de moins de 3 mois - sans rappel,23155.74,4565.52,1905.31,926.5,45.46,33.17,12.78,10.68,6.07,2.49,9.79
2021-12-11,Non-vaccinés,54916.28,9994.41,8544.36,3490.55,374.1,285.31,131.94,104.38,63.34,51.82,
2022-03-06,Complet - avec 2 rappels entre 3 mois et 6 mois,8.38,2.1,1.13,1.02,0.0,0.0,0.0,0.0,0.0,0.0,0.01
2022-03-07,Complet - avec 2 rappels de moins de 3 mois,1266.17,121.42,111.73,50.08,2.95,2.61,1.01,1.01,0.02,0.0,0.54
2022-03-07,Complet - avec 2 rappels entre 3 mois et 6 mois,53.21,1.87,7.59,1.32,1.0,1.0,1.0,1.0,0.03,0.0,0.01
2022-03-08,Complet - avec 3 rappels entre 3 et 6 mois ou plus,1.02,0.0,0.0,0.0,0.0,0.0,0.0,0.0,0.0,0.0,0.0
2022-03-09,Primo dose efficace,1761.67,315.5,261.81,131.07,10.3,9.73,1.71,1.71,1.92,1.8,1.28
2022-03-09,Complet de 6 mois ou plus - sans rappel,15553.97,3582.44,2522.95,1434.14,74.18,56.07,6.93,6.25,18.09,16.3,14.82
2022-03-09,Complet - avec 1 rappel entre 3 mois et 6 mois,33911.79,5832.72,5786.44,2910.17,261.41,207.39,30.74,25.16,29.38,20.85,21.23
2022-03-09,Complet - avec 3 rappels entre 3 et 6 mois ou plus,0.01,0.0,0.0,0.0,0.0,0.0,0.0,0.0,0.0,0.0,0.0
2022-03-10,Complet de moins de 3 mois - sans rappel,4587.15,1142.04,894.67,485.75,23.37,18.9,4.27,2.87,2.2,1.44,3.57
2022-03-10,Complet de 6 mois ou plus - sans rappel,13559.46,3402.03,2257.34,1295.85,70.71,55.67,12.45,9.73,9.7,6.35,15.0
2022-03-10,Complet - avec 3 rappels de moins de 3 mois,2.14,1.06,0.04,0.0,0.0,0.0,0.0,0.0,0.0,0.0,0.0
2022-03-11,Complet de moins de 3 mois - sans rappel,4860.26,1190.81,921.8,515.18,28.49,23.43,1.0,0.5,2.03,1.41,3.53
2022-03-11,Complet - avec 2 rappels de moins de 3 mois,939.01,116.24,87.13,37.13,5.79,5.27,0.02,0.0,0.09,0.02,0.57
2022-03-11,Complet - avec 2 rappels entre 3 mois et 6 mois,42.35,5.63,7.26,2.31,0.0,0.0,0.0,0.0,0.0,0.0,0.02
2022-03-12,Non-vaccinés,17679.54,4485.82,3899.39,2010.07,169.98,132.53,17.78,14.59,30.82,24.36,
2022-03-12,Complet entre 3 mois et 6 mois - sans rappel,5690.08,988.01,930.7,442.74,39.24,30.7,1.09,0.92,11.18,10.17,6.43
2022-03-14,Complet - avec 1 rappel entre 3 mois et 6 mois,65063.13,13094.51,14770.18,7792.54,368.23,279.59,31.1,25.62,39.41,33.7,26.31
2022-03-15,Complet - avec 1 rappel de 6 mois ou plus,1486.04,224.05,288.82,114.2,19.4,14.66,0.05,0.05,3.67,2.36,0.6
2022-03-15,Complet - avec 3 rappels entre 3 et 6 mois ou plus,1.07,1.07,0.0,0.0,0.0,0.0,0.0,0.0,0.0,0.0,0.0
2022-03-16,Complet - avec 1 rappel de 6 mois ou plus,1580.24,289.35,350.33,156.47,22.77,19.91,0.07,0.05,3.01,2.78,0.71
2022-03-16,Complet - avec 2 rappels entre 3 mois et 6 mois,73.4,13.16,14.04,6.66,1.57,1.07,0.0,0.0,0.01,0.0,0.03
2022-03-16,Complet - avec 2 rappels de 6 mois ou plus,0.06,0.0,0.03,0.0,0.0,0.0,0.0,0.0,0.0,0.0,0.0
2022-03-16,Complet - avec 3 rappels entre 3 et 6 mois ou plus,0.09,0.09,0.0,0.0,0.0,0.0,0.0,0.0,0.0,0.0,0.0
2022-03-17,Non-vaccinés,28295.5,9986.89,7960.73,4802.22,228.2,179.54,19.48,14.29,22.97,17.77,
2022-03-17,Complet - avec 1 rappel de moins de 3 mois,53872.46,18047.1,15041.88,9491.5,190.33,151.34,25.43,21.59,7.4,6.12,41.94
2022-03-18,Complet - avec 1 rappel entre 3 mois et 6 mois,55396.68,14371.45,15571.54,8533.95,376.66,297.23,33.53,29.75,26.62,22.17,31.77
2022-03-18,Complet - avec 1 rappel de 6 mois ou plus,2006.67,359.78,522.76,220.64,23.14,17.58,2.04,2.04,2.47,2.15,0.9
2022-03-19,Primo dose efficace,1263.28,230.22,186.22,93.14,6.96,3.49,0.29,0.04,2.04,2.0,1.23
2022-03-19,Complet entre 3 mois et 6 mois - sans rappel,5874.36,1400.06,1444.06,819.63,31.88,25.07,2.43,1.45,1.25,0.76,5.72
2022-03-19,Complet de 6 mois ou plus - sans rappel,14610.45,3432.27,3146.27,1784.91,46.43,37.66,12.08,9.98,15.43,14.81,16.18
2022-03-20,Complet - avec 3 rappels de moins de 3 mois,0.0,0.0,0.0,0.0,0.0,0.0,0.0,0.0,0.0,0.0,0.0
2022-03-22,Complet - avec 2 rappels de moins de 3 mois,1311.15,266.63,256.01,125.21,6.85,4.68,0.0,0.0,0.0,0.0,0.63
2022-03-23,Complet entre 3 mois et 6 mois - sans rappel,10058.21,3656.7,3395.89,2118.79,61.63,52.33,5.97,5.77,7.77,7.15,5.44
2022-03-24,Primo dose efficace,1901.61,545.67,452.63,257.92,19.61,17.73,2.49,1.49,2.28,2.0,1.21
2022-03-24,Complet entre 3 mois et 6 mois - sans rappel,8887.53,3411.89,3082.49,1982.65,40.17,26.2,3.1,2.55,6.02,5.11,5.3
2022-03-24,Complet - avec 2 rappels entre 3 mois et 6 mois,124.41,34.1,34.19,19.15,0.07,0.04,0.0,0.0,0.0,0.0,0.04
2022-03-24,Complet - avec 2 rappels de 6 mois ou plus,3.35,0.08,1.14,0.08,0.09,0.09,0.0,0.0,0.0,0.0,0.0
2022-03-24,Complet - avec 3 rappels entre 3 et 6 mois ou plus,0.0,0.0,0.0,0.0,0.0,0.0,0.0,0.0,0.0,0.0,0.0
2022-03-25,Non-vaccinés,37121.28,15337.85,13596.79,8274.13,229.64,179.55,18.45,13.59,24.74,16.82,
2022-03-25,Complet - avec 2 rappels de 6 mois ou plus,3.61,0.14,1.41,0.14,1.09,1.09,0.0,0.0,0.0,0.0,0.0
2022-03-26,Complet de moins de 3 mois - sans rappel,4121.64,1254.85,1223.39,689.72,18.44,15.7,1.65,1.35,2.46,2.38,2.86
2022-03-27,Complet entre 3 mois et 6 mois - sans rappel,1913.12,417.96,454.36,209.68,35.12,27.14,6.3,3.8,6.8,5.38,4.93
2022-03-28,Complet de 6 mois ou plus - sans rappel,36095.49,14386.2,12971.23,8201.34,120.06,92.07,15.95,14.56,10.41,7.94,17.11
2022-03-28,Complet - avec 2 rappels de moins de 3 mois,2328.55,466.66,543.08,257.62,11.98,8.95,2.81,2.2,0.29,0.0,0.76
2022-03-30,Complet de 6 mois ou plus - sans rappel,29146.74,11444.09,9028.7,5623.85,116.48,89.01,9.24,7.63,17.61,14.99,17.25
2022-03-30,Complet - avec 3 rappels de moins de 3 mois,4.28,3.07,2.04,1.0,0.0,0.0,0.0,0.0,0.0,0.0,0.0
2022-03-31,Complet de 6 mois ou plus - sans rappel,24217.03,9967.35,7677.95,4864.51,114.82,88.56,12.73,9.64,8.42,6.46,17.37
2022-03-31,Complet - avec 1 rappel de 6 mois ou plus,5573.11,1222.15,1710.86,760.95,74.86,51.39,9.41,6.02,6.62,6.0,1.71
2022-03-31,Complet - avec 3 rappels de moins de 3 mois,2.18,0.03,0.01,0.01,0.0,0.0,0.0,0.0,0.0,0.0,0.0
2022-04-01,Primo dose récente,69.23,17.55,17.64,9.34,0.21,0.17,0.0,0.0,0.0,0.0,0.03
2022-04-01,Complet - avec 2 rappels entre 3 mois et 6 mois,156.79,44.81,52.33,24.74,2.47,2.43,0.02,0.0,0.04,0.0,0.05
2022-04-01,Complet - avec 2 rappels de 6 mois ou plus,2.37,1.01,1.11,0.01,0.0,0.0,0.0,0.0,0.0,0.0,0.0
2022-04-02,Complet de moins de 3 mois - sans rappel,3493.47,1036.73,1045.24,594.99,13.76,11.41,2.22,2.03,1.53,0.03,2.67
2022-04-03,Primo dose récente,19.07,1.45,5.57,1.2,1.0,1.0,0.0,0.0,0.0,0.0,0.03
2022-04-03,Complet de 6 mois ou plus - sans rappel,5102.63,1175.87,1183.67,557.09,88.6,71.32,9.81,9.04,10.97,9.65,17.63
2022-04-04,Complet de 6 mois ou plus - sans rappel,33636.18,12669.33,11481.57,7114.16,95.9,72.45,15.4,13.82,13.3,10.23,17.64
2022-04-04,Complet - avec 2 rappels de 6 mois ou plus,9.34,2.07,2.42,1.02,0.17,0.17,0.0,0.0,0.0,0.0,0.0
2022-04-05,Primo dose efficace,2161.75,554.8,513.79,269.62,25.43,17.89,2.01,1.0,3.44,3.0,1.18
2022-04-05,Complet - avec 1 rappel de 6 mois ou plus,8377.39,1423.23,2328.37,870.28,109.64,85.97,9.03,6.94,14.26,10.75,1.99
2022-04-05,Complet - avec 2 rappels de moins de 3 mois,2295.17,429.73,493.31,235.45,17.31,12.3,1.1,0.0,2.26,2.0,1.03
2022-04-06,Complet - avec 2 rappels entre 3 mois et 6 mois,211.76,55.53,76.55,42.45,1.29,0.14,0.02,0.0,0.06,0.06,0.07
2022-04-07,Primo dose récente,95.9,23.75,20.26,15.0,1.08,1.08,0.0,0.0,0.06,0.0,0.04
2022-04-07,Complet - avec 2 rappels de moins de 3 mois,2043.86,460.34,525.43,249.42,23.95,16.79,4.39,4.09,1.49,0.41,1.13
2022-04-09,Primo dose efficace,1293.45,240.07,272.17,114.68,9.3,5.83,1.37,1.0,3.44,3.08,1.17
2022-04-10,Complet - avec 2 rappels de 6 mois ou plus,2.11,1.0,1.08,1.0,1.04,1.04,0.0,0.0,0.0,0.0,0.0
2022-04-11,Complet - avec 2 rappels de moins de 3 mois,3546.36,656.05,837.62,383.01,17.68,12.5,1.42,0.59,1.63,0.35,1.24
2022-04-12,Complet de 6 mois ou plus - sans rappel,25585.95,8371.29,7021.81,4193.19,124.89,95.56,13.84,12.9,16.58,13.32,18.13
2022-04-15,Complet - avec 3 rappels de moins de 3 mois,3.29,1.11,0.05,0.01,0.1,0.1,0.05,0.0,0.0,0.0,0.0
2022-04-16,Complet de 6 mois ou plus - sans rappel,16176.72,3276.23,3307.57,1705.57,81.65,66.23,8.43,6.72,12.7,10.36,18.36
2022-04-16,Complet - avec 2 rappels de 6 mois ou plus,4.18,1.12,1.1,1.08,0.06,0.06,0.0,0.0,0.0,0.0,0.0
2022-04-17,Complet - avec 1 rappel entre 3 mois et 6 mois,17757.99,3471.9,4799.85,2039.75,329.96,266.11,61.45,51.83,31.5,24.81,54.86
2022-04-17,Complet - avec 2 rappels entre 3 mois et 6 mois,54.67,8.35,9.95,5.21,6.37,6.27,0.14,0.14,0.14,0.1,0.16
2022-04-17,Complet - avec 3 rappels de moins de 3 mois,0.05,0.05,0.0,0.0,0.0,0.0,0.0,0.0,0.0,0.0,0.0
2022-04-19,Complet - avec 3 rappels de moins de 3 mois,5.67,0.09,0.09,0.01,0.0,0.0,0.0,0.0,0.0,0.0,0.0
2022-04-21,Complet entre 3 mois et 6 mois - sans rappel,5262.04,1655.18,1543.27,913.32,55.4,43.39,5.63,5.0,7.67,7.17,4.16
2022-04-21,Complet - avec 2 rappels de 6 mois ou plus,5.87,1.27,3.51,1.22,1.0,1.0,0.0,0.0,0.0,0.0,0.0
2022-04-22,Primo dose récente,58.36,8.92,13.65,5.48,2.14,2.1,0.08,0.0,0.0,0.0,0.02
2022-04-22,Primo dose efficace,1384.96,297.42,290.65,148.51,22.31,18.1,1.54,1.29,2.96,2.64,1.16
2022-04-22,Complet - avec 1 rappel entre 3 mois et 6 mois,81470.4,25774.89,27926.52,16315.13,520.52,412.16,71.12,62.01,46.72,37.65,56.95
2022-04-23,Non-vaccinés,17866.56,3550.93,3645.81,1811.84,198.42,167.8,13.82,11.98,35.68,30.37,
2022-04-23,Complet - avec 3 rappels entre 3 et 6 mois ou plus,0.03,0.01,0.0,0.0,0.0,0.0,0.0,0.0,0.0,0.0,0.0
2022-04-24,Complet entre 3 mois et 6 mois - sans rappel,1340.48,209.0,238.47,100.31,28.94,21.65,3.31,3.23,7.04,5.6,4.1
2022-04-24,Complet - avec 1 rappel entre 3 mois et 6 mois,17994.0,3358.77,4073.72,1853.38,298.8,246.93,40.87,36.56,49.35,38.7,57.85
2022-04-25,Complet - avec 3 rappels de moins de 3 mois,11.74,0.17,1.24,0.0,0.12,0.12,0.0,0.0,0.0,0.0,0.0
2022-04-26,Complet de 6 mois ou plus - sans rappel,18769.98,4136.57,3298.06,1783.01,85.91,72.97,18.52,14.81,7.75,6.45,18.74
2022-04-28,Complet entre 3 mois et 6 mois - sans rappel,3928.5,973.91,938.18,506.17,41.82,34.02,3.58,3.42,7.9,6.03,4.1
2022-04-28,Complet - avec 1 rappel entre 3 mois et 6 mois,58781.07,17374.0,18070.44,10467.77,428.33,346.07,57.34,48.95,50.16,43.05,58.78
2022-04-28,Complet - avec 2 rappels de moins de 3 mois,2578.64,428.76,443.25,170.62,30.15,25.07,3.4,1.84,2.89,2.38,1.9
2022-04-29,Complet entre 3 mois et 6 mois - sans rappel,4122.59,1012.95,983.35,536.69,34.01,25.6,0.74,0.48,5.84,3.43,4.09
2022-04-29,Complet - avec 2 rappels de moins de 3 mois,2869.83,423.59,446.33,173.86,30.47,18.76,3.86,3.22,5.69,5.0,1.96
2022-04-30,Complet - avec 3 rappels entre 3 et 6 mois ou plus,1.01,0.0,0.0,0.0,0.0,0.0,0.0,0.0,0.11,0.0,0.0
2022-05-01,Complet - avec 2 rappels entre 3 mois et 6 mois,97.36,12.86,8.4,2.28,0.23,0.21,0.15,0.15,1.29,1.25,0.28
2022-05-01,Complet - avec 3 rappels de moins de 3 mois,0.07,0.0,0.01,0.0,0.0,0.0,0.0,0.0,0.0,0.0,0.0
2022-05-01,Complet - avec 3 rappels entre 3 et 6 mois ou plus,1.0,0.0,0.0,0.0,0.0,0.0,0.0,0.0,0.01,0.0,0.0
2022-05-02,Complet de moins de 3 mois - sans rappel,1847.27,422.0,454.59,259.52,10.84,8.58,1.25,1.25,1.12,1.0,1.27
2022-05-02,Complet - avec 1 rappel de 6 mois ou plus,12081.08,1743.42,2586.74,1086.45,112.28,91.99,8.41,6.0,13.39,10.68,4.42
2022-05-02,Complet - avec 3 rappels de moins de 3 mois,3.23,0.26,0.33,0.2,0.0,0.0,0.0,0.0,0.0,0.0,0.0
2022-05-03,Complet - avec 1 rappel de moins de 3 mois,8661.3,1659.36,1432.89,813.02,26.07,20.25,3.29,2.99,4.28,3.12,7.75
2022-05-03,Complet - avec 3 rappels entre 3 et 6 mois ou plus,0.1,0.0,0.0,0.0,0.0,0.0,0.0,0.0,0.0,0.0,0.0
2022-05-04,Primo dose efficace,1228.72,201.05,194.9,91.47,15.98,13.26,0.14,0.14,0.3,0.25,1.15
2022-05-04,Complet entre 3 mois et 6 mois - sans rappel,4420.8,860.72,841.91,444.91,26.68,20.57,3.82,2.3,2.47,2.43,4.13
2022-05-04,Complet - avec 1 rappel de moins de 3 mois,8142.3,1516.73,1314.48,728.54,18.97,14.81,2.77,2.4,0.28,0.25,7.41
2022-05-05,Complet - avec 1 rappel de moins de 3 mois,6689.79,1358.75,1125.57,647.99,19.86,15.47,5.29,4.82,2.58,2.4,7.08
2022-05-05,Complet - avec 2 rappels de moins de 3 mois,2650.14,353.94,340.53,133.13,22.95,15.11,2.42,1.0,3.0,2.08,2.18
2022-05-05,Complet - avec 3 rappels entre 3 et 6 mois ou plus,0.09,0.0,0.0,0.0,0.0,0.0,0.0,0.0,0.0,0.0,0.0
2022-05-06,Complet - avec 2 rappels de moins de 3 mois,3068.38,428.06,375.21,150.06,22.34,17.57,2.88,1.85,6.28,5.25,2.24
2022-05-06,Complet - avec 3 rappels entre 3 et 6 mois ou plus,3.17,0.0,0.0,0.0,0.0,0.0,0.0,0.0,0.0,0.0,0.0
2022-05-07,Non-vaccinés,13747.48,2391.12,2381.24,1184.43,91.14,62.76,9.06,7.84,21.66,16.54,
2022-05-07,Complet - avec 1 rappel de 6 mois ou plus,6652.92,715.65,885.06,357.83,64.49,50.21,7.71,6.07,15.05,11.6,5.05
2022-05-07,Complet - avec 2 rappels entre 3 mois et 6 mois,406.46,40.97,38.92,17.5,3.31,2.08,2.16,2.12,1.15,1.15,0.34
2022-05-09,Complet - avec 2 rappels de 6 mois ou plus,11.7,2.28,4.41,2.25,1.0,1.0,0.0,0.0,0.24,0.0,0.0
2022-05-10,Complet - avec 2 rappels entre 3 mois et 6 mois,562.84,78.83,76.64,34.45,3.82,3.57,0.04,0.0,1.16,1.09,0.36
2022-05-11,Complet de moins de 3 mois - sans rappel,954.19,159.39,147.66,81.78,4.85,4.38,0.29,0.29,1.43,0.29,0.9
2022-05-12,Primo dose efficace,984.31,136.45,132.3,57.19,5.97,4.16,0.17,0.0,2.18,2.16,1.13
2022-05-12,Complet - avec 3 rappels entre 3 et 6 mois ou plus,0.04,0.02,0.02,0.0,0.0,0.0,0.0,0.0,0.0,0.0,0.0
2022-05-13,Complet entre 3 mois et 6 mois - sans rappel,3363.4,658.25,586.77,308.02,15.02,10.13,1.9,1.3,4.31,4.13,4.1
2022-05-13,Complet de 6 mois ou plus - sans rappel,13580.49,2461.17,1690.13,915.22,49.5,42.45,5.83,3.83,5.84,4.04,19.23
2022-05-13,Complet - avec 1 rappel de 6 mois ou plus,7547.77,1095.21,1255.76,551.43,74.7,59.16,9.13,6.96,8.99,6.74,5.91
2022-05-14,Primo dose efficace,843.05,88.74,80.84,37.16,6.28,2.48,0.11,0.11,1.45,1.26,1.13
2022-05-14,Complet de 6 mois ou plus - sans rappel,12405.11,1304.92,1068.97,490.33,48.39,36.09,4.34,4.09,9.41,6.64,19.27
2022-05-14,Complet - avec 2 rappels de moins de 3 mois,3004.42,206.0,171.63,55.1,7.41,5.98,1.22,1.14,4.83,4.6,2.53
2022-05-14,Complet - avec 2 rappels entre 3 mois et 6 mois,507.71,37.28,35.7,13.29,0.43,0.41,0.0,0.0,0.06,0.01,0.41
2022-05-15,Non-vaccinés,4722.46,744.11,549.93,190.85,82.36,62.24,11.43,7.92,18.35,16.68,
2022-05-15,Complet - avec 3 rappels de moins de 3 mois,4.15,0.08,0.01,0.0,0.0,0.0,0.0,0.0,0.0,0.0,0.0
2022-05-16,Primo dose efficace,1356.9,190.76,140.9,80.09,7.7,5.81,1.01,1.01,1.17,1.15,1.13
2022-05-16,Complet - avec 1 rappel entre 3 mois et 6 mois,82919.19,15254.16,15639.23,8992.49,193.56,151.23,27.31,23.95,28.31,23.46,61.47
2022-05-18,Primo dose récente,46.11,2.66,1.25,0.06,0.0,0.0,0.0,0.0,0.0,0.0,0.03
2022-05-18,Complet de moins de 3 mois - sans rappel,712.11,130.54,89.69,55.55,2.8,1.33,0.02,0.0,1.06,1.0,0.67
2022-05-18,Complet entre 3 mois et 6 mois - sans rappel,3636.98,653.52,539.02,280.13,13.12,7.63,2.47,2.37,1.29,1.05,4.02
2022-05-18,Complet - avec 3 rappels de moins de 3 mois,10.83,0.16,0.01,0.01,0.0,0.0,0.0,0.0,0.0,0.0,0.0
2022-05-20,Primo dose efficace,800.73,125.47,82.77,32.88,7.82,6.43,2.28,2.14,0.0,0.0,1.13
2022-05-20,Complet - avec 1 rappel de 6 mois ou plus,7997.18,1159.26,1252.48,549.55,90.95,74.05,9.65,6.17,19.74,16.52,7.6
2022-05-21,Primo dose récente,34.13,0.44,2.48,0.1,0.0,0.0,0.0,0.0,0.0,0.0,0.03
2022-05-26,Complet - avec 2 rappels de moins de 3 mois,939.78,96.35,62.1,18.09,13.58,9.04,2.0,2.0,1.78,1.42,2.96
2022-05-27,Complet de 6 mois ou plus - sans rappel,11910.18,1827.17,1266.54,671.1,27.71,19.72,7.31,4.33,4.25,2.21,19.69
2022-05-27,Complet - avec 3 rappels de moins de 3 mois,11.17,1.08,0.07,0.03,0.0,0.0,0.0,0.0,0.0,0.0,0.01
2022-05-30,Complet entre 3 mois et 6 mois - sans rappel,3718.81,623.04,491.2,263.07,9.83,8.11,1.26,1.14,1.1,1.0,3.7
2022-05-30,Complet - avec 1 rappel de 6 mois ou plus,19374.28,2316.6,2562.65,1239.02,89.04,68.36,7.4,6.48,13.18,10.55,10.93
2022-06-04,Complet - avec 1 rappel entre 3 mois et 6 mois,32770.49,4594.29,4594.73,2521.25,94.34,76.56,13.38,10.53,7.73,5.63,53.97
2022-06-05,Non-vaccinés,4062.06,529.99,343.83,132.75,54.94,37.86,1.16,0.83,3.95,3.07,
2022-06-05,Primo dose efficace,283.29,28.21,22.49,11.33,4.8,4.63,0.01,0.01,1.13,1.13,1.12
2022-06-05,Complet - avec 2 rappels de 6 mois ou plus,3.3,0.2,0.03,0.02,0.0,0.0,0.0,0.0,0.0,0.0,0.01
2022-06-06,Primo dose efficace,456.17,43.25,33.97,12.69,1.17,0.67,0.25,0.0,1.0,1.0,1.12
2022-06-08,Complet de moins de 3 mois - sans rappel,383.91,54.25,48.68,21.22,1.22,1.0,0.01,0.0,0.0,0.0,0.34
2022-06-08,Complet entre 3 mois et 6 mois - sans rappel,2872.99,587.3,498.41,267.1,11.03,7.23,2.43,2.23,0.41,0.2,3.4
2022-06-08,Complet - avec 1 rappel de moins de 3 mois,1767.53,230.53,166.26,78.87,7.0,6.04,0.12,0.11,0.1,0.1,1.59
2022-06-08,Complet - avec 1 rappel de 6 mois ou plus,21476.38,4035.21,4260.3,2342.26,116.55,91.65,14.26,12.04,8.28,5.88,18.57
2022-06-08,Complet - avec 2 rappels de moins de 3 mois,4291.69,552.07,495.13,227.3,28.18,21.48,0.23,0.03,3.66,2.39,3.36
2022-06-12,Complet - avec 1 rappel entre 3 mois et 6 mois,8655.26,1290.41,1527.27,695.17,91.91,68.83,13.72,10.15,11.68,10.32,46.1
2022-06-12,Complet - avec 2 rappels de 6 mois ou plus,9.42,0.06,1.09,0.0,0.0,0.0,0.0,0.0,0.0,0.0,0.02
2022-06-13,Primo dose efficace,1342.11,209.93,170.32,97.25,7.0,5.71,0.1,0.0,0.0,0.0,1.11
2022-06-14,Complet - avec 1 rappel de moins de 3 mois,1953.52,277.68,209.82,101.46,8.07,6.27,0.0,0.0,1.0,1.0,1.51
2022-06-14,Complet - avec 3 rappels de moins de 3 mois,11.82,1.23,2.26,0.15,0.0,0.0,0.0,0.0,0.0,0.0,0.01
2022-06-15,Complet - avec 2 rappels de moins de 3 mois,4519.62,635.69,554.07,265.78,28.8,22.02,2.96,1.52,2.75,2.31,3.58
2022-06-15,Complet - avec 2 rappels entre 3 mois et 6 mois,682.72,133.59,127.39,79.62,1.73,1.41,1.04,1.04,0.0,0.0,0.65
2022-06-27,Complet entre 3 mois et 6 mois - sans rappel,4380.24,1233.82,1263.48,722.73,20.11,16.86,2.46,2.45,0.16,0.06,2.65
2022-06-27,Complet - avec 1 rappel entre 3 mois et 6 mois,55078.64,20219.43,21553.23,14130.11,152.55,122.59,15.6,13.71,3.36,3.0,32.27
2022-06-29,Complet - avec 2 rappels de moins de 3 mois,6984.92,1408.27,1497.21,752.18,65.71,48.23,5.74,4.35,2.52,1.55,3.9
2022-06-29,Complet - avec 3 rappels de moins de 3 mois,17.76,4.5,1.29,1.16,0.0,0.0,0.0,0.0,0.0,0.0,0.01
2022-07-01,Primo dose récente,60.9,6.56,9.53,4.12,1.1,1.1,0.0,0.0,0.0,0.0,0.02
2022-07-01,Complet - avec 3 rappels entre 3 et 6 mois ou plus,5.14,2.06,4.11,2.05,1.0,1.0,0.0,0.0,0.0,0.0,0.0
2022-07-03,Complet - avec 2 rappels de 6 mois ou plus,21.32,4.31,3.47,1.14,0.17,0.11,0.0,0.0,0.0,0.0,0.05
2022-07-07,Complet entre 3 mois et 6 mois - sans rappel,3184.97,1084.41,1054.34,628.2,17.49,11.77,0.96,0.5,2.27,2.21,2.3
2022-07-07,Complet - avec 2 rappels entre 3 mois et 6 mois,2214.35,632.1,646.55,359.19,25.7,18.22,2.74,2.35,2.26,2.19,1.41
2022-07-08,Complet - avec 1 rappel de 6 mois ou plus,72299.26,27384.72,29246.78,17749.38,490.88,388.22,67.21,58.68,32.78,28.16,44.91
2022-07-09,Primo dose récente,57.42,3.45,5.81,1.35,0.0,0.0,0.0,0.0,0.0,0.0,0.03
2022-07-10,Complet entre 3 mois et 6 mois - sans rappel,652.79,97.93,116.93,35.94,11.97,7.63,1.53,1.28,2.02,2.0,2.12
2022-07-11,Complet - avec 2 rappels de 6 mois ou plus,302.67,98.43,113.24,67.63,1.38,1.33,1.0,1.0,0.0,0.0,0.1
2022-07-12,Complet - avec 3 rappels entre 3 et 6 mois ou plus,8.8,3.19,3.23,2.09,0.0,0.0,0.0,0.0,0.0,0.0,0.0
2022-07-14,Complet - avec 3 rappels de moins de 3 mois,7.61,0.15,0.24,0.02,0.09,0.09,0.0,0.0,0.0,0.0,0.02
2022-07-15,Primo dose récente,73.25,9.77,8.65,4.72,0.35,0.0,0.0,0.0,0.0,0.0,0.02
2022-07-15,Complet - avec 3 rappels entre 3 et 6 mois ou plus,11.92,1.2,0.34,0.1,0.09,0.09,0.0,0.0,0.0,0.0,0.0
2022-07-16,Complet - avec 1 rappel de moins de 3 mois,1827.87,218.25,221.73,77.51,8.55,6.42,0.08,0.04,0.18,0.1,1.37
2022-07-16,Complet - avec 2 rappels de 6 mois ou plus,189.49,39.04,44.65,23.32,2.43,2.12,0.07,0.0,0.0,0.0,0.15
2022-07-17,Primo dose récente,16.64,1.28,1.38,0.13,1.0,0.0,0.0,0.0,0.0,0.0,0.02
2022-07-17,Complet - avec 2 rappels de 6 mois ou plus,57.27,7.26,6.47,3.15,1.92,1.34,0.0,0.0,1.0,1.0,0.15
2022-07-19,Complet de 6 mois ou plus - sans rappel,26522.37,6417.9,5662.09,3172.37,143.56,110.27,13.89,8.55,9.29,7.62,21.29
2022-07-19,Complet - avec 1 rappel de 6 mois ou plus,68229.68,22028.43,23178.22,14173.64,576.5,453.42,67.23,58.04,48.59,35.89,52.64
2022-07-20,Complet - avec 1 rappel de moins de 3 mois,2075.07,345.72,298.44,139.17,12.79,12.03,0.1,0.0,1.09,1.0,1.4
2022-07-21,Complet - avec 3 rappels entre 3 et 6 mois ou plus,15.77,2.2,3.36,1.18,1.19,1.0,0.02,0.0,0.0,0.0,0.0
2022-07-22,Primo dose récente,48.57,2.42,2.61,0.14,0.1,0.07,0.0,0.0,0.0,0.0,0.02
2022-07-22,Primo dose efficace,1277.84,223.55,213.51,107.64,8.11,4.85,0.18,0.18,0.58,0.0,1.08
2022-07-22,Complet - avec 1 rappel de moins de 3 mois,2059.38,309.55,287.63,121.75,9.09,7.79,1.08,1.05,0.43,0.21,1.38
2022-07-22,Complet - avec 2 rappels de 6 mois ou plus,263.09,59.49,80.21,35.75,4.33,4.19,0.21,0.19,0.0,0.0,0.19
2022-07-24,Complet - avec 1 rappel de moins de 3 mois,480.91,52.56,47.94,17.42,6.81,6.5,0.37,0.34,2.04,1.0,1.37
2022-07-25,Complet - avec 1 rappel de moins de 3 mois,2530.31,387.21,372.86,165.32,12.45,9.62,1.38,1.2,1.1,1.08,1.37
2022-07-25,Complet - avec 3 rappels de moins de 3 mois,59.63,9.03,11.63,3.44,0.11,0.0,0.0,0.0,0.0,0.0,0.03
2022-07-26,Complet entre 3 mois et 6 mois - sans rappel,1378.94,360.54,321.47,193.57,8.51,5.19,0.04,0.04,0.0,0.0,1.44
2022-07-26,Complet - avec 1 rappel de moins de 3 mois,1981.6,284.81,225.68,100.97,9.47,7.24,0.09,0.02,2.08,2.0,1.37
2022-07-26,Complet - avec 2 rappels de 6 mois ou plus,299.46,70.15,67.52,34.56,3.55,3.51,0.0,0.0,0.0,0.0,0.22
2022-07-28,Non-vaccinés,18011.64,3692.39,2995.81,1589.92,186.38,133.31,17.78,14.01,13.81,10.55,
2022-07-28,Complet de moins de 3 mois - sans rappel,401.29,79.22,64.1,31.06,1.23,1.05,0.27,0.25,1.29,1.25,0.23
2022-07-28,Complet - avec 2 rappels de 6 mois ou plus,204.19,42.26,50.17,15.9,6.58,6.2,0.04,0.04,0.04,0.0,0.23
2022-07-28,Complet - avec 3 rappels entre 3 et 6 mois ou plus,10.85,1.1,2.38,0.07,0.1,0.07,0.0,0.0,0.0,0.0,0.0
2022-07-29,Complet - avec 1 rappel entre 3 mois et 6 mois,7112.17,1772.38,1666.98,933.86,38.43,32.16,6.36,6.1,7.79,6.94,9.12
2022-07-29,Complet - avec 3 rappels de moins de 3 mois,32.18,2.57,4.11,1.34,0.15,0.0,0.01,0.01,0.0,0.0,0.03
2022-07-30,Complet de moins de 3 mois - sans rappel,362.44,28.94,29.79,12.37,0.13,0.05,0.1,0.08,0.0,0.0,0.23
2022-07-30,Complet - avec 2 rappels de moins de 3 mois,4701.94,666.08,682.3,314.28,34.98,24.3,3.79,3.45,2.43,1.73,6.56
2022-07-31,Complet - avec 2 rappels de 6 mois ou plus,63.6,4.44,9.19,1.18,0.74,0.7,1.02,1.0,0.01,0.01,0.26
2022-07-31,Complet - avec 3 rappels entre 3 et 6 mois ou plus,4.14,0.01,1.07,0.01,1.07,1.07,0.0,0.0,0.09,0.0,0.0
2022-08-01,Complet - avec 2 rappels de 6 mois ou plus,351.47,80.54,79.3,45.2,1.94,0.37,0.35,0.0,1.1,1.0,0.26
2022-08-03,Complet entre 3 mois et 6 mois - sans rappel,795.84,148.65,128.67,71.96,3.93,3.19,0.1,0.05,0.03,0.0,1.11
2022-08-04,Non-vaccinés,13468.96,2443.9,1966.96,1020.41,125.04,98.36,13.75,11.84,20.45,17.1,
2022-08-04,Complet de moins de 3 mois - sans rappel,274.44,42.17,32.78,15.31,1.44,1.36,0.14,0.0,0.05,0.0,0.22
2022-08-04,Complet - avec 1 rappel entre 3 mois et 6 mois,4147.16,1046.75,935.15,532.71,30.57,27.03,6.38,5.99,5.09,4.44,7.16
2022-08-05,Complet de moins de 3 mois - sans rappel,317.93,32.63,29.12,11.66,1.25,1.17,0.0,0.0,0.04,0.01,0.22
2022-08-05,Complet de 6 mois ou plus - sans rappel,16474.53,2590.0,2012.96,1032.59,72.69,57.52,9.16,8.31,9.67,8.21,21.79
2022-08-05,Complet - avec 3 rappels de moins de 3 mois,32.53,8.19,3.84,2.31,0.0,0.0,0.01,0.01,0.25,0.0,0.04
2022-08-06,Primo dose récente,37.69,1.21,2.44,0.04,0.14,0.0,0.0,0.0,0.0,0.0,0.02
2022-08-06,Complet entre 3 mois et 6 mois - sans rappel,549.69,85.38,92.74,43.82,2.4,1.52,1.0,1.0,0.02,0.0,0.95
2022-08-08,Non-vaccinés,17533.74,2946.05,2582.46,1427.98,121.96,92.73,6.88,4.93,13.04,9.94,
2022-08-09,Complet entre 3 mois et 6 mois - sans rappel,591.82,107.21,93.0,49.44,2.93,2.32,0.08,0.08,0.05,0.0,0.86
2022-08-09,Complet - avec 1 rappel de 6 mois ou plus,37271.26,9011.89,7877.41,4645.12,302.24,241.76,38.14,33.87,43.55,32.08,58.95
2022-08-09,Complet - avec 2 rappels de moins de 3 mois,5447.75,879.15,656.01,315.96,33.51,23.78,7.0,6.79,2.97,2.66,6.96
2022-08-11,Complet - avec 1 rappel entre 3 mois et 6 mois,2539.93,570.04,467.59,263.79,21.92,16.94,2.95,2.23,2.33,1.66,5.06
2022-08-12,Complet - avec 3 rappels de moins de 3 mois,30.76,4.64,5.61,2.26,0.0,0.0,0.01,0.01,0.0,0.0,0.05
2022-08-13,Complet - avec 2 rappels entre 3 mois et 6 mois,1817.86,275.61,248.46,105.35,24.42,18.73,4.58,4.13,8.54,7.05,2.83
2022-08-13,Complet - avec 3 rappels entre 3 et 6 mois ou plus,2.48,0.07,0.08,0.02,0.01,0.0,0.0,0.0,0.0,0.0,0.01
2022-08-14,Complet de 6 mois ou plus - sans rappel,4494.34,374.71,329.18,88.46,45.55,38.58,2.44,0.81,6.52,5.23,22.08
2022-08-14,Complet - avec 1 rappel de 6 mois ou plus,9248.8,1229.42,1126.85,428.7,144.57,122.32,27.71,23.25,25.64,19.12,60.32
2022-08-16,Complet - avec 3 rappels de moins de 3 mois,69.04,10.28,8.75,5.87,0.0,0.0,0.0,0.0,0.0,0.0,0.05
2022-08-18,Non-vaccinés,8731.8,1786.19,1261.5,730.95,59.61,46.14,7.74,7.2,8.42,7.11,
2022-08-18,Primo dose efficace,605.34,95.83,66.01,37.36,4.46,1.89,0.0,0.0,1.21,1.15,1.07
2022-08-18,Complet - avec 2 rappels entre 3 mois et 6 mois,2395.05,408.06,352.29,158.48,33.26,24.05,5.12,4.3,4.18,3.67,2.98
2022-08-18,Complet - avec 2 rappels de 6 mois ou plus,253.55,59.45,55.71,30.7,2.25,0.1,0.05,0.0,0.06,0.0,0.42
2022-08-19,Complet - avec 3 rappels entre 3 et 6 mois ou plus,5.87,1.01,1.13,1.0,0.0,0.0,0.0,0.0,0.0,0.0,0.01
2022-08-20,Non-vaccinés,8085.41,1037.47,855.83,416.16,58.06,45.97,3.79,3.54,5.61,3.7,
2022-08-20,Primo dose récente,15.93,0.12,0.27,0.08,0.0,0.0,0.0,0.0,0.0,0.0,0.01
2022-08-20,Complet - avec 3 rappels entre 3 et 6 mois ou plus,8.87,0.03,1.08,0.0,0.0,0.0,0.0,0.0,0.0,0.0,0.01
2022-08-21,Non-vaccinés,3206.48,422.14,291.76,110.62,53.72,39.67,3.87,3.67,3.97,2.4,
2022-08-22,Non-vaccinés,12487.78,2298.8,1938.24,1101.5,72.55,56.57,9.02,7.77,7.39,5.95,
2022-08-22,Complet - avec 2 rappels de 6 mois ou plus,502.14,68.93,62.51,33.87,1.62,1.32,0.0,0.0,0.0,0.0,0.45
2022-08-24,Primo dose récente,16.26,3.31,0.52,0.09,0.0,0.0,0.0,0.0,0.0,0.0,0.01
2022-08-24,Complet - avec 1 rappel entre 3 mois et 6 mois,1558.1,257.18,178.36,84.99,7.59,4.96,1.22,1.22,1.61,1.21,2.46
2022-08-24,Complet - avec 2 rappels entre 3 mois et 6 mois,3264.61,372.24,359.91,136.95,23.41,16.73,3.08,2.86,3.63,2.67,3.21
2022-08-25,Primo dose récente,9.01,1.17,1.23,1.06,0.0,0.0,0.01,0.01,0.0,0.0,0.01
2022-08-25,Complet - avec 1 rappel de 6 mois ou plus,25043.23,6626.99,5099.4,3161.01,172.55,141.9,26.87,20.16,25.83,21.65,61.82
2022-08-26,Complet - avec 1 rappel entre 3 mois et 6 mois,1216.19,210.58,153.33,82.38,4.51,2.37,0.14,0.1,1.0,1.0,2.25
2022-08-27,Complet - avec 3 rappels de moins de 3 mois,40.46,5.48,3.32,2.2,1.0,1.0,0.01,0.0,0.0,0.0,0.05
2022-08-28,Non-vaccinés,2939.12,398.55,299.97,106.09,45.0,29.44,8.51,8.14,6.79,5.74,
2022-08-28,Complet de 6 mois ou plus - sans rappel,3112.15,318.39,224.33,77.42,21.02,16.63,3.69,2.81,2.36,1.11,22.33
2022-08-29,Complet - avec 3 rappels de moins de 3 mois,71.42,4.2,5.37,2.75,0.0,0.0,0.0,0.0,0.0,0.0,0.05
2022-08-31,Complet - avec 2 rappels de 6 mois ou plus,400.84,48.49,41.37,19.8,1.13,0.93,0.38,0.03,0.0,0.0,0.52
2022-09-02,Non-vaccinés,7729.13,1590.92,1101.77,600.51,61.93,45.58,3.07,1.91,3.88,3.62,
2022-09-02,Complet de moins de 3 mois - sans rappel,151.83,22.09,14.85,7.86,0.0,0.0,0.0,0.0,0.0,0.0,0.18
2022-09-03,Complet entre 3 mois et 6 mois - sans rappel,189.92,26.03,17.18,8.58,1.75,0.4,1.0,1.0,0.04,0.04,0.33
2022-09-03,Complet - avec 1 rappel entre 3 mois et 6 mois,1092.49,91.82,70.42,30.6,5.5,4.27,1.2,1.05,0.04,0.04,1.75
2022-09-04,Complet - avec 1 rappel de 6 mois ou plus,9425.21,1145.67,902.87,399.88,95.4,75.91,10.49,6.22,15.95,12.04,62.24
2022-09-05,Complet - avec 3 rappels de moins de 3 mois,104.54,12.21,6.81,3.54,0.0,0.0,0.0,0.0,0.0,0.0,0.06
2022-09-06,Complet - avec 1 rappel entre 3 mois et 6 mois,1311.75,208.49,110.56,58.89,7.54,6.99,0.63,0.37,0.51,0.45,1.68
2022-09-07,Complet - avec 3 rappels de moins de 3 mois,59.21,7.59,6.22,3.12,0.0,0.0,0.0,0.0,0.0,0.0,0.06
2022-09-09,Complet - avec 1 rappel entre 3 mois et 6 mois,884.41,133.99,86.41,44.27,5.23,4.25,0.2,0.2,0.23,0.0,1.63
2022-09-09,Complet - avec 1 rappel de 6 mois ou plus,32167.41,6795.54,4863.25,3074.34,130.97,97.17,21.52,19.76,12.65,8.0,62.21
2022-09-11,Complet - avec 2 rappels de 6 mois ou plus,130.58,11.56,13.6,2.38,2.7,2.57,1.0,1.0,0.0,0.0,0.59
2022-09-13,Complet - avec 2 rappels de 6 mois ou plus,604.25,96.37,51.69,31.5,7.09,4.5,0.29,0.14,1.0,1.0,0.6
2022-09-15,Complet - avec 2 rappels entre 3 mois et 6 mois,2902.12,563.48,414.48,216.67,45.64,38.24,1.89,1.33,9.54,9.26,3.95
2022-09-16,Non-vaccinés,11885.4,4249.1,2387.61,1558.6,56.91,43.73,5.63,4.27,3.33,1.25,
2022-09-18,Complet - avec 2 rappels de 6 mois ou plus,192.79,19.78,14.92,8.55,1.96,1.33,0.0,0.0,0.0,0.0,0.73
2022-09-19,Complet - avec 1 rappel de 6 mois ou plus,68230.47,18001.79,13775.1,9365.89,186.54,145.21,28.21,23.78,14.6,11.47,62.13
2022-09-20,Complet - avec 1 rappel de 6 mois ou plus,51217.55,14050.79,9515.69,6362.7,216.37,169.92,29.68,24.21,14.76,12.21,62.13
2022-09-21,Complet - avec 1 rappel de moins de 3 mois,835.89,172.98,80.63,43.7,5.37,5.31,0.08,0.0,0.02,0.0,0.91
2022-09-21,Complet - avec 2 rappels entre 3 mois et 6 mois,4664.81,750.32,678.79,342.72,60.57,49.49,2.51,2.09,2.4,0.53,4.12
2022-09-23,Primo dose récente,11.33,2.19,0.34,0.15,0.02,0.0,0.0,0.0,0.0,0.0,0.01
2022-09-23,Complet de 6 mois ou plus - sans rappel,13820.39,4815.59,2435.47,1648.67,44.79,36.26,10.39,8.73,1.0,1.0,22.41
2022-09-24,Primo dose récente,10.95,0.1,1.14,0.07,0.02,0.0,0.0,0.0,0.0,0.0,0.01
2022-10-19,Complet - avec 3 rappels entre 3 et 6 mois ou plus,65.88,13.51,21.61,7.69,2.41,2.3,0.0,0.0,0.02,0.0,0.03
2022-10-20,Non-vaccinés,12802.48,4277.32,2059.03,1225.22,111.1,83.44,8.54,7.61,8.72,6.0,
2022-10-20,Complet - avec 1 rappel de moins de 3 mois,487.96,109.52,54.57,30.78,5.49,5.35,0.02,0.0,1.0,1.0,0.49
2022-10-21,Complet de moins de 3 mois - sans rappel,113.24,24.08,20.43,10.37,1.02,1.0,0.0,0.0,0.12,0.12,0.1
2022-10-21,Complet de 6 mois ou plus - sans rappel,13496.64,4015.63,2378.47,1456.33,70.21,51.08,8.42,6.04,11.14,9.12,22.4
2022-10-21,Complet - avec 2 rappels de moins de 3 mois,3692.77,859.32,742.62,378.98,36.08,27.41,1.35,1.19,4.24,4.0,3.62
2022-10-22,Complet - avec 1 rappel entre 3 mois et 6 mois,1035.54,168.39,139.0,65.7,6.23,4.71,1.35,1.0,0.19,0.14,1.47
2022-10-22,Complet - avec 2 rappels de 6 mois ou plus,2214.85,345.64,417.45,172.0,45.9,36.27,5.13,4.54,13.74,10.48,2.13
2022-10-23,Complet - avec 2 rappels entre 3 mois et 6 mois,1904.71,274.39,280.45,85.14,50.42,37.29,5.98,3.28,13.28,11.58,6.87
2022-10-24,Non-vaccinés,18316.2,4368.54,2367.76,1293.6,112.88,84.22,13.42,12.27,14.61,10.54,
2022-10-24,Complet - avec 2 rappels de 6 mois ou plus,4475.34,864.59,913.5,425.54,56.64,42.07,8.73,6.22,8.66,6.06,2.15
2022-10-27,Complet entre 3 mois et 6 mois - sans rappel,70.85,10.13,12.36,4.47,2.28,2.21,0.17,0.0,0.0,0.0,0.22
2022-10-27,Complet - avec 1 rappel de moins de 3 mois,193.1,28.92,28.73,7.65,0.67,0.06,0.0,0.0,0.02,0.0,0.42
2022-10-28,Non-vaccinés,4522.73,1187.4,534.96,240.99,82.85,66.0,5.97,5.26,14.64,9.34,
2022-10-30,Complet entre 3 mois et 6 mois - sans rappel,28.4,6.34,6.08,1.79,1.07,1.0,0.0,0.0,0.0,0.0,0.21
2022-11-02,Complet - avec 3 rappels entre 3 et 6 mois ou plus,94.75,23.41,17.48,9.33,2.11,2.11,0.01,0.01,0.17,0.13,0.05
2022-11-04,Complet - avec 2 rappels de 6 mois ou plus,2966.28,523.95,516.86,217.38,45.46,40.23,2.73,1.76,11.96,7.82,2.56
2022-11-05,Complet - avec 2 rappels de 6 mois ou plus,2838.19,324.69,320.31,140.38,35.29,27.04,1.71,1.32,4.2,2.7,2.62
2022-11-05,Complet - avec 3 rappels entre 3 et 6 mois ou plus,66.52,11.9,8.94,5.39,0.15,0.0,0.0,0.0,0.09,0.0,0.05
2022-11-06,Primo dose récente,6.24,0.0,0.0,0.0,0.25,0.0,0.0,0.0,0.0,0.0,0.01
2022-11-06,Complet de moins de 3 mois - sans rappel,14.55,2.17,0.43,0.11,0.1,0.08,0.0,0.0,0.01,0.0,0.09
2022-11-06,Complet - avec 3 rappels de moins de 3 mois,93.31,11.35,7.37,3.47,0.06,0.05,0.03,0.02,0.26,0.25,0.32
2022-11-06,Complet - avec 3 rappels entre 3 et 6 mois ou plus,23.5,4.47,5.41,1.09,4.19,3.06,0.0,0.0,0.2,0.2,0.05
2022-11-07,Complet - avec 2 rappels entre 3 mois et 6 mois,11939.89,1802.22,1634.49,818.73,84.26,68.06,9.29,7.5,6.1,4.96,7.28
2022-11-08,Complet de 6 mois ou plus - sans rappel,11842.41,2995.18,1643.12,1009.89,51.37,38.14,10.38,9.64,7.82,7.33,22.38
2022-11-08,Complet - avec 1 rappel entre 3 mois et 6 mois,1079.83,223.6,141.53,78.9,9.69,8.13,0.05,0.01,0.25,0.25,1.34
2022-11-10,Primo dose efficace,458.93,111.55,66.64,29.0,3.96,3.42,1.2,1.11,0.0,0.0,1.05
2022-11-11,Non-vaccinés,2722.8,648.7,243.4,89.07,66.39,52.05,7.38,5.82,11.22,10.56,
2022-11-11,Complet - avec 3 rappels entre 3 et 6 mois ou plus,23.24,2.37,3.54,0.16,2.37,2.0,0.17,0.17,0.0,0.0,0.06
2022-11-12,Non-vaccinés,9428.89,1676.48,985.58,491.58,80.35,67.28,7.84,6.48,7.97,6.11,
2022-11-12,Complet de 6 mois ou plus - sans rappel,11322.58,1790.28,1471.03,866.06,53.36,44.08,2.15,1.12,3.48,2.43,22.38
2022-11-14,Complet entre 3 mois et 6 mois - sans rappel,127.45,13.56,16.35,6.59,0.29,0.2,0.0,0.0,0.0,0.0,0.19
2022-11-14,Complet - avec 2 rappels de 6 mois ou plus,3702.14,380.65,483.59,153.74,73.91,60.58,10.21,8.58,11.55,5.15,2.89
2022-11-14,Complet - avec 3 rappels entre 3 et 6 mois ou plus,81.81,9.2,9.35,5.47,3.41,3.27,0.0,0.0,0.0,0.0,0.06
2022-11-16,Complet entre 3 mois et 6 mois - sans rappel,111.58,15.99,10.61,5.46,1.52,1.01,0.0,0.0,0.0,0.0,0.19
2022-11-16,Complet - avec 2 rappels de 6 mois ou plus,2622.29,338.82,350.19,110.68,63.02,46.18,5.9,4.7,3.73,3.15,2.96
2022-11-17,Complet entre 3 mois et 6 mois - sans rappel,127.93,29.52,23.93,14.26,1.2,1.0,0.0,0.0,0.0,0.0,0.19
2022-11-19,Complet - avec 3 rappels de moins de 3 mois,493.78,45.23,35.39,11.77,6.96,5.01,0.03,0.03,1.07,1.05,0.51
2022-11-20,Complet entre 3 mois et 6 mois - sans rappel,37.72,5.06,3.88,2.34,1.26,0.07,0.0,0.0,0.0,0.0,0.18
2022-11-20,Complet - avec 2 rappels de 6 mois ou plus,1203.02,169.11,185.43,52.42,53.55,41.08,3.2,3.0,6.51,4.79,3.11
2022-11-21,Complet - avec 3 rappels entre 3 et 6 mois ou plus,134.19,21.58,19.93,9.84,0.2,0.04,1.08,1.0,0.0,0.0,0.06
2022-11-22,Complet - avec 2 rappels de moins de 3 mois,4082.43,658.75,435.24,222.34,25.72,19.71,4.93,3.41,2.6,2.1,3.35
2022-11-23,Complet entre 3 mois et 6 mois - sans rappel,148.14,32.13,29.35,15.21,0.84,0.12,2.0,2.0,0.04,0.0,0.18
2022-11-25,Complet - avec 3 rappels entre 3 et 6 mois ou plus,83.51,13.97,16.58,6.87,5.76,3.1,0.08,0.08,0.0,0.0,0.06
2022-11-26,Non-vaccinés,9615.59,2691.09,1292.69,741.14,81.27,60.61,4.49,3.97,5.94,4.31,
2022-11-26,Complet de moins de 3 mois - sans rappel,57.96,6.4,4.76,0.2,0.0,0.0,0.0,0.0,0.0,0.0,0.08
2022-11-26,Complet de 6 mois ou plus - sans rappel,10359.84,2640.11,1899.66,1199.66,61.35,46.57,3.01,2.31,3.77,2.34,22.36
2022-11-28,Complet - avec 2 rappels de moins de 3 mois,6164.35,1014.18,759.82,388.09,32.44,23.66,1.55,1.42,0.66,0.07,3.48
2022-12-02,Primo dose récente,7.13,0.11,1.07,0.02,0.0,0.0,0.0,0.0,0.0,0.0,0.01
2022-12-02,Complet - avec 1 rappel de moins de 3 mois,229.06,43.11,29.48,9.86,4.1,1.06,1.01,1.01,0.17,0.17,0.36
2022-12-02,Complet - avec 3 rappels de moins de 3 mois,641.03,100.68,84.01,29.19,12.17,7.3,1.21,0.21,1.25,1.25,0.76
2022-12-03,Complet - avec 1 rappel de 6 mois ou plus,24022.43,4014.57,3867.5,1946.35,291.1,220.48,33.02,26.0,25.56,23.16,60.13
2022-12-04,Complet - avec 2 rappels de 6 mois ou plus,1437.55,237.09,271.98,94.29,69.99,55.57,8.97,7.25,3.02,1.97,3.39
2022-12-05,Complet - avec 2 rappels de moins de 3 mois,6999.8,1211.74,955.75,479.24,39.88,31.94,0.43,0.19,3.35,3.19,3.59
2022-12-05,Complet - avec 2 rappels entre 3 mois et 6 mois,14395.66,3149.83,3224.39,1834.67,156.44,110.9,16.11,13.28,13.79,11.58,6.96
2022-12-06,Complet - avec 1 rappel de moins de 3 mois,614.11,109.76,86.54,36.31,4.44,2.24,0.04,0.01,0.25,0.0,0.35
2022-12-06,Complet - avec 3 rappels de moins de 3 mois,1632.95,291.28,289.56,117.34,24.01,16.8,1.26,1.2,0.1,0.1,0.82
2022-12-07,Complet - avec 2 rappels de moins de 3 mois,4297.45,946.42,643.9,319.59,47.81,41.82,4.71,4.3,0.54,0.21,3.64
2022-12-09,Non-vaccinés,13039.22,5632.49,2038.12,1193.97,153.92,117.45,13.56,11.51,17.25,11.64,
2022-12-09,Complet - avec 1 rappel entre 3 mois et 6 mois,949.79,291.95,233.67,125.33,7.1,6.29,1.17,1.15,1.37,1.12,1.04
2022-12-09,Complet - avec 1 rappel de 6 mois ou plus,47645.94,19357.0,13891.72,9295.33,464.56,368.86,48.24,37.2,36.82,28.66,59.86
2022-12-10,Complet - avec 2 rappels entre 3 mois et 6 mois,7417.37,1310.39,1319.74,661.81,96.04,65.24,11.68,9.23,13.96,11.41,6.86
2022-12-11,Complet de moins de 3 mois - sans rappel,19.61,4.51,3.63,1.25,0.02,0.0,0.0,0.0,0.0,0.0,0.08
2022-12-11,Complet - avec 1 rappel de moins de 3 mois,117.35,22.5,12.04,5.35,3.48,2.54,0.0,0.0,1.0,1.0,0.35
2022-12-13,Complet de 6 mois ou plus - sans rappel,18800.32,7411.84,3929.87,2579.61,119.7,96.86,12.34,10.1,8.19,6.3,22.33
2022-12-13,Complet - avec 1 rappel entre 3 mois et 6 mois,1233.32,366.3,224.14,117.6,10.03,6.44,2.26,2.03,0.15,0.03,1.0
2022-12-14,Primo dose récente,17.25,1.1,2.35,1.09,0.21,0.17,0.0,0.0,0.0,0.0,0.01
2022-12-14,Complet entre 3 mois et 6 mois - sans rappel,162.17,44.81,35.94,14.33,3.35,3.33,0.0,0.0,0.0,0.0,0.15
2022-12-15,Complet - avec 2 rappels entre 3 mois et 6 mois,6421.41,2232.96,1913.29,1113.27,185.77,146.45,16.04,12.78,16.44,13.86,6.72
2022-12-16,Primo dose récente,24.35,2.06,1.22,0.02,2.04,2.0,0.0,0.0,0.0,0.0,0.01
2022-12-16,Complet de 6 mois ou plus - sans rappel,13295.68,5695.16,2682.87,1768.26,118.13,93.67,13.21,8.67,6.09,4.41,22.32
2022-12-16,Complet - avec 1 rappel entre 3 mois et 6 mois,892.33,299.68,186.88,97.7,14.12,10.99,0.59,0.52,1.14,1.14,0.96
2022-12-16,Complet - avec 2 rappels de 6 mois ou plus,4818.28,1332.37,1271.79,594.87,145.26,105.19,8.26,7.03,14.88,11.83,3.6
2022-12-18,Primo dose récente,2.82,0.01,0.1,0.0,0.04,0.0,0.0,0.0,0.0,0.0,0.01
2022-12-18,Complet - avec 2 rappels entre 3 mois et 6 mois,1900.94,383.16,391.35,124.13,89.43,65.39,14.58,11.78,10.89,10.24,6.6
2022-12-20,Primo dose récente,18.66,4.3,4.52,1.06,0.1,0.06,0.06,0.06,0.0,0.0,0.01
2022-12-20,Complet de moins de 3 mois - sans rappel,115.88,27.5,17.71,6.64,1.37,1.36,0.0,0.0,0.0,0.0,0.08
2022-12-20,Complet de 6 mois ou plus - sans rappel,15727.76,6551.9,2655.38,1655.99,117.0,98.49,16.17,13.26,11.87,10.91,22.3
2022-12-21,Complet de moins de 3 mois - sans rappel,95.88,26.55,12.65,4.53,1.13,1.12,0.0,0.0,0.01,0.0,0.08
2022-12-21,Complet entre 3 mois et 6 mois - sans rappel,151.85,54.18,35.44,20.25,0.08,0.07,0.0,0.0,0.0,0.0,0.14
2022-12-21,Complet - avec 2 rappels entre 3 mois et 6 mois,7197.31,2419.8,1816.24,965.94,136.61,105.67,14.36,12.18,12.61,9.2,6.49
2022-12-22,Complet - avec 2 rappels de 6 mois ou plus,4425.5,1480.5,1183.28,567.66,131.75,94.51,12.8,9.3,12.79,8.74,3.63
2022-12-22,Complet - avec 3 rappels de moins de 3 mois,1901.27,578.11,392.43,185.85,28.51,23.03,2.02,1.78,1.93,1.12,1.61
2022-12-22,Complet - avec 3 rappels entre 3 et 6 mois ou plus,117.11,47.47,31.95,19.77,0.2,0.18,1.06,1.0,0.04,0.0,0.09
2022-12-23,Primo dose récente,13.4,1.25,3.4,1.07,0.12,0.12,0.0,0.0,0.0,0.0,0.01
2022-12-23,Complet - avec 1 rappel de moins de 3 mois,477.89,146.57,69.88,24.8,5.98,4.58,0.0,0.0,0.0,0.0,0.39
2022-12-23,Complet - avec 2 rappels de moins de 3 mois,4276.77,1450.64,735.85,366.83,27.8,19.22,4.07,3.3,6.53,5.13,4.9
2022-12-24,Complet de 6 mois ou plus - sans rappel,6052.24,1897.53,946.32,557.55,53.28,40.29,7.2,2.65,14.42,12.17,22.27
2022-12-24,Complet - avec 1 rappel de moins de 3 mois,217.82,48.65,27.52,10.99,5.61,5.04,0.0,0.0,0.46,0.0,0.39
2022-12-25,Complet - avec 1 rappel de moins de 3 mois,83.22,14.19,6.15,0.47,2.61,2.22,0.0,0.0,0.04,0.0,0.4
2022-12-25,Complet - avec 1 rappel de 6 mois ou plus,7271.66,1471.56,922.22,288.11,199.29,148.36,32.13,26.11,37.79,27.91,58.23
2022-12-26,Non-vaccinés,9139.85,2963.57,1077.3,501.98,147.12,106.9,8.84,6.08,24.7,22.25,
2022-12-26,Complet - avec 2 rappels entre 3 mois et 6 mois,5834.56,1671.38,1298.94,690.98,99.51,73.01,12.04,9.89,9.57,6.2,6.24
2022-12-28,Complet - avec 3 rappels de moins de 3 mois,1934.15,527.02,301.11,127.29,28.4,22.14,0.19,0.09,4.46,4.34,1.98
2022-12-29,Complet de moins de 3 mois - sans rappel,66.7,17.78,5.36,2.52,0.01,0.0,0.0,0.0,0.0,0.0,0.08
2022-12-29,Complet - avec 1 rappel de 6 mois ou plus,25878.48,11371.53,5600.76,3563.63,336.07,253.02,51.69,41.45,43.07,28.36,57.91
2022-12-30,Non-vaccinés,7642.61,2661.94,824.55,403.01,87.53,67.85,15.56,13.8,16.97,13.87,
2022-12-30,Complet - avec 1 rappel entre 3 mois et 6 mois,512.18,147.62,92.71,50.06,5.49,4.76,1.24,1.01,1.16,1.12,0.8
2022-12-30,Complet - avec 2 rappels de moins de 3 mois,4392.63,1338.2,514.62,256.1,36.93,28.89,3.93,3.38,0.84,0.6,5.42
2022-12-31,Non-vaccinés,6004.17,1408.45,527.13,208.0,67.86,53.74,9.85,8.11,10.6,5.54,
2022-12-31,Primo dose récente,9.81,2.11,0.16,0.07,0.04,0.04,0.04,0.0,0.0,0.0,0.01
2023-01-02,Complet - avec 3 rappels entre 3 et 6 mois ou plus,153.9,26.4,16.69,7.27,1.84,0.5,0.21,0.01,0.0,0.0,0.1
2023-01-04,Complet entre 3 mois et 6 mois - sans rappel,77.4,10.85,6.2,1.24,0.03,0.0,0.0,0.0,0.13,0.0,0.12
2023-01-04,Complet - avec 2 rappels entre 3 mois et 6 mois,3678.43,716.79,341.37,120.72,59.88,45.12,4.87,3.21,4.72,3.44,5.27
2023-01-04,Complet - avec 3 rappels entre 3 et 6 mois ou plus,96.92,13.73,7.26,3.39,2.42,2.26,0.04,0.04,0.29,0.2,0.1
2023-01-06,Complet entre 3 mois et 6 mois - sans rappel,53.61,9.16,2.62,0.24,0.04,0.0,0.0,0.0,0.03,0.0,0.12
2023-01-06,Complet - avec 1 rappel entre 3 mois et 6 mois,348.43,77.55,28.73,11.56,4.97,4.58,2.01,1.01,0.03,0.0,0.67
2023-01-07,Primo dose efficace,327.41,45.94,13.6,2.34,1.54,1.05,0.0,0.0,0.12,0.06,1.03
2023-01-07,Complet - avec 2 rappels de 6 mois ou plus,3976.34,424.51,248.98,67.51,47.69,32.25,7.71,5.8,13.98,11.25,5.18
2023-01-07,Complet - avec 3 rappels entre 3 et 6 mois ou plus,89.74,6.93,4.92,1.12,0.49,0.11,0.01,0.01,0.0,0.0,0.11
2023-01-09,Complet - avec 2 rappels de 6 mois ou plus,6633.51,650.63,484.53,125.55,73.02,54.78,10.26,8.76,11.02,8.48,5.26
2023-01-10,Non-vaccinés,7095.47,1219.39,350.86,123.31,50.47,32.63,12.53,8.99,12.05,8.94,
2023-01-11,Complet de 6 mois ou plus - sans rappel,8337.11,1365.16,416.46,191.54,31.96,23.2,2.52,2.33,5.14,3.0,22.26
2023-01-13,Primo dose efficace,361.04,64.73,16.92,8.7,1.27,1.14,0.01,0.0,1.12,1.0,1.03
2023-01-13,Complet - avec 1 rappel entre 3 mois et 6 mois,296.45,57.21,16.65,5.95,2.84,2.62,1.02,1.02,0.0,0.0,0.58
2023-01-14,Non-vaccinés,6163.19,924.43,238.1,80.45,26.74,19.8,2.69,2.3,6.95,5.1,
2023-01-15,Complet - avec 2 rappels de 6 mois ou plus,1536.13,172.86,118.97,21.02,39.99,32.19,5.23,3.8,8.39,6.63,5.77
2023-01-16,Complet - avec 1 rappel de 6 mois ou plus,40048.82,4820.36,2232.23,1171.31,116.86,88.59,15.59,12.87,17.41,13.36,57.46
2023-01-17,Primo dose récente,9.9,1.68,0.27,0.0,0.0,0.0,0.0,0.0,0.0,0.0,0.01
2023-01-17,Complet entre 3 mois et 6 mois - sans rappel,59.28,9.0,2.33,0.0,0.0,0.0,0.0,0.0,0.0,0.0,0.1
2023-01-17,Complet - avec 1 rappel de moins de 3 mois,332.09,40.61,11.66,4.26,0.1,0.0,1.02,1.0,0.0,0.0,0.4
2023-01-18,Primo dose récente,9.0,1.71,0.3,0.0,0.0,0.0,0.01,0.0,0.0,0.0,0.01
2023-01-18,Complet entre 3 mois et 6 mois - sans rappel,54.13,6.07,3.5,1.11,1.07,1.03,0.0,0.0,0.0,0.0,0.1
2023-01-19,Complet - avec 1 rappel de moins de 3 mois,203.57,37.18,6.18,1.29,1.03,1.0,0.07,0.0,0.0,0.0,0.39
2023-01-20,Complet - avec 2 rappels de moins de 3 mois,3156.6,330.48,95.39,27.62,10.11,7.04,2.55,2.45,3.2,3.13,5.42
2023-01-20,Complet - avec 2 rappels entre 3 mois et 6 mois,2510.43,279.18,111.99,44.17,13.56,11.51,0.6,0.45,5.78,4.57,3.9
2023-01-20,Complet - avec 3 rappels de moins de 3 mois,1962.34,228.56,76.4,22.26,8.87,7.66,0.75,0.64,0.24,0.19,2.66
2023-01-23,Complet de moins de 3 mois - sans rappel,95.88,10.93,0.48,0.07,0.36,0.0,0.0,0.0,0.0,0.0,0.07
2023-01-23,Complet - avec 2 rappels entre 3 mois et 6 mois,4774.71,333.89,146.84,47.87,13.64,11.77,0.57,0.2,2.56,2.1,3.82
2023-01-24,Complet - avec 1 rappel de 6 mois ou plus,28236.44,3628.97,1237.84,624.48,118.77,91.31,13.29,9.3,18.75,13.24,57.22
2023-01-25,Complet - avec 2 rappels entre 3 mois et 6 mois,2773.78,256.0,97.6,42.94,13.25,9.59,2.71,2.5,0.98,0.36,3.72
2023-01-25,Complet - avec 2 rappels de 6 mois ou plus,5312.67,511.59,237.57,72.63,31.44,23.4,5.87,4.58,6.61,5.0,6.42
2023-01-26,Complet - avec 1 rappel entre 3 mois et 6 mois,189.74,35.15,4.76,1.42,0.43,0.27,0.01,0.01,0.17,0.0,0.45
2023-01-26,Complet - avec 1 rappel de 6 mois ou plus,14855.37,3245.61,1005.77,556.4,73.45,53.05,10.38,7.41,14.03,11.5,57.17
2023-01-27,Primo dose récente,8.53,0.05,0.14,0.0,0.0,0.0,0.0,0.0,0.0,0.0,0.01
2023-01-27,Complet de moins de 3 mois - sans rappel,51.09,4.82,2.21,0.0,0.18,0.0,0.0,0.0,0.0,0.0,0.07
2023-01-27,Complet entre 3 mois et 6 mois - sans rappel,49.08,12.95,3.18,2.11,0.02,0.0,0.0,0.0,0.11,0.06,0.09
2023-01-28,Complet entre 3 mois et 6 mois - sans rappel,37.79,3.75,3.31,2.29,0.0,0.0,0.0,0.0,0.0,0.0,0.09
2023-01-28,Complet - avec 1 rappel de 6 mois ou plus,23630.79,1853.18,772.23,371.61,63.7,46.95,10.95,8.95,14.23,11.96,57.1
2023-01-30,Complet - avec 2 rappels de 6 mois ou plus,8308.74,582.94,318.72,102.57,31.59,24.88,4.94,3.07,10.51,9.51,6.64
2023-01-31,Non-vaccinés,7644.06,1586.59,222.56,86.03,41.66,28.12,3.32,3.05,2.58,2.4,
2023-01-31,Complet - avec 3 rappels de moins de 3 mois,2649.6,224.14,78.71,24.77,13.17,10.32,0.18,0.0,1.0,1.0,2.89
2023-02-01,Primo dose récente,,,,,0.0,,0.0,,0.0,,0.01
2023-02-02,Complet - avec 2 rappels entre 3 mois et 6 mois,,,,,9.46,,1.28,,2.27,,3.44
2023-02-03,Complet de 6 mois ou plus - sans rappel,,,,,22.98,,1.35,,1.98,,22.22
2023-02-03,Complet - avec 1 rappel de moins de 3 mois,,,,,2.03,,1.0,,0.17,,0.38
2023-02-03,Complet - avec 2 rappels entre 3 mois et 6 mois,,,,,9.46,,0.0,,0.12,,3.44
2023-02-04,Complet - avec 1 rappel entre 3 mois et 6 mois,,,,,2.02,,0.0,,0.0,,0.39
2023-02-04,Complet - avec 2 rappels entre 3 mois et 6 mois,,,,,11.05,,0.24,,0.4,,3.44
2023-04-15,Primo dose efficace,176.2,26.48,16.07,8.38,0.96,0.9,0.01,0.01,0.0,0.0,1.03
2023-04-15,Complet - avec 3 rappels de moins de 3 mois,421.24,46.45,34.96,10.05,1.57,1.43,1.2,1.2,0.0,0.0,1.18
2023-04-16,Complet de moins de 3 mois - sans rappel,3.56,0.07,0.04,0.02,0.16,0.16,0.0,0.0,0.0,0.0,0.04
2023-04-18,Complet - avec 2 rappels de moins de 3 mois,310.16,63.87,28.19,15.74,3.63,2.37,1.01,1.0,0.02,0.01,0.76
2023-04-20,Primo dose récente,0.08,0.0,0.0,0.0,0.0,0.0,0.0,0.0,0.0,0.0,0.0
2023-04-20,Primo dose efficace,163.33,42.14,22.76,11.56,2.72,2.64,1.27,1.17,0.04,0.02,1.03
2023-04-21,Complet entre 3 mois et 6 mois - sans rappel,28.08,2.32,0.1,0.02,0.0,0.0,0.01,0.01,0.0,0.0,0.07
2023-04-21,Complet - avec 1 rappel de moins de 3 mois,34.38,9.22,1.44,1.15,0.0,0.0,0.01,0.01,0.0,0.0,0.11
2023-04-21,Complet - avec 1 rappel entre 3 mois et 6 mois,143.28,30.3,23.13,12.79,0.09,0.09,2.03,1.03,0.09,0.01,0.41
2023-04-22,Complet - avec 1 rappel de 6 mois ou plus,9076.99,1355.13,1001.55,473.19,78.24,56.79,16.78,15.0,8.87,5.86,56.95
2023-04-24,Primo dose récente,2.19,0.06,0.0,0.0,0.02,0.02,0.0,0.0,0.0,0.0,0.0
2023-04-27,Complet entre 3 mois et 6 mois - sans rappel,16.34,2.76,4.61,0.12,0.6,0.0,1.0,1.0,0.0,0.0,0.07
2023-04-28,Complet - avec 2 rappels de moins de 3 mois,124.25,37.39,14.51,8.86,2.16,2.0,0.0,0.0,1.01,1.0,0.46
2023-05-01,Complet entre 3 mois et 6 mois - sans rappel,6.93,2.3,0.08,0.01,0.19,0.06,0.01,0.01,0.02,0.02,0.07
2023-05-02,Complet - avec 3 rappels de moins de 3 mois,415.48,86.94,37.9,27.69,4.06,4.01,0.0,0.0,1.0,0.0,0.72
2023-05-07,Complet - avec 3 rappels de moins de 3 mois,48.46,15.55,5.87,2.36,3.08,2.01,0.23,0.23,2.0,2.0,0.59
2023-05-09,Complet de 6 mois ou plus - sans rappel,3844.93,659.3,356.36,195.57,18.6,14.56,3.73,2.38,1.25,1.25,22.26
2023-05-10,Complet - avec 3 rappels de moins de 3 mois,169.28,28.13,12.89,6.62,0.19,0.17,0.07,0.01,0.0,0.0,0.54
2023-05-11,Complet - avec 3 rappels de moins de 3 mois,115.62,25.82,10.32,4.69,2.22,2.07,0.0,0.0,0.0,0.0,0.53
2023-05-12,Complet de 6 mois ou plus - sans rappel,2059.87,500.93,227.0,124.55,11.23,6.44,1.48,1.3,1.25,1.0,22.26
2023-05-12,Complet - avec 1 rappel entre 3 mois et 6 mois,90.16,21.88,5.98,3.35,0.45,0.18,0.0,0.0,0.15,0.0,0.37
2023-05-13,Complet - avec 1 rappel entre 3 mois et 6 mois,76.85,8.71,5.67,2.43,2.1,2.1,0.0,0.0,0.15,0.15,0.37
2023-05-14,Complet - avec 2 rappels de 6 mois ou plus,855.79,156.53,77.6,31.42,31.01,19.54,4.05,2.85,5.41,4.23,9.76
2023-05-15,Complet - avec 2 rappels de moins de 3 mois,117.41,19.5,7.97,2.83,1.07,0.04,0.2,0.2,0.0,0.0,0.24
2023-05-16,Complet - avec 2 rappels de moins de 3 mois,59.75,12.19,4.95,3.66,0.17,0.17,0.18,0.0,0.0,0.0,0.23
2023-05-18,Complet - avec 1 rappel de 6 mois ou plus,1875.7,350.98,171.25,56.41,45.66,35.94,7.07,5.07,6.36,5.36,57.03
2023-05-24,Complet - avec 2 rappels entre 3 mois et 6 mois,927.02,214.69,86.37,52.94,4.65,2.72,0.1,0.1,1.25,1.0,4.54
2023-05-24,Complet - avec 3 rappels entre 3 et 6 mois ou plus,1079.84,211.0,139.9,66.53,16.1,10.51,2.27,1.27,2.36,1.2,3.83
2023-05-27,Primo dose efficace,85.38,15.27,4.92,3.61,0.3,0.07,0.0,0.0,1.0,1.0,1.03
2023-05-27,Complet entre 3 mois et 6 mois - sans rappel,7.77,0.21,0.09,0.09,0.0,0.0,0.0,0.0,0.0,0.0,0.06
2023-05-29,Primo dose efficace,44.54,12.47,4.5,2.59,0.45,0.41,0.02,0.01,0.04,0.0,1.03
2023-05-31,Complet - avec 2 rappels de moins de 3 mois,47.39,7.22,1.75,1.53,1.09,1.0,0.0,0.0,0.0,0.0,0.15
2023-06-01,Complet - avec 1 rappel entre 3 mois et 6 mois,52.83,9.83,2.58,2.36,0.2,0.17,0.1,0.01,0.0,0.0,0.32
2023-06-02,Complet - avec 3 rappels entre 3 et 6 mois ou plus,905.39,192.86,103.88,48.71,12.13,7.73,2.45,1.0,2.81,1.38,3.91
2023-06-03,Complet - avec 2 rappels de 6 mois ou plus,2026.22,240.42,115.81,51.98,15.24,8.97,2.0,2.0,1.09,0.09,10.82
2023-06-04,Primo dose récente,0.0,0.0,0.0,0.0,0.0,0.0,0.0,0.0,0.0,0.0,0.0
2023-06-04,Complet de 6 mois ou plus - sans rappel,470.64,92.66,30.42,8.3,2.22,1.37,1.37,1.25,1.0,1.0,22.28
2023-06-04,Complet - avec 2 rappels entre 3 mois et 6 mois,214.63,37.17,16.38,5.06,0.79,0.3,0.0,0.0,0.0,0.0,3.91
2023-06-05,Complet - avec 2 rappels de 6 mois ou plus,3552.13,520.97,282.66,123.91,23.32,14.88,2.35,1.35,5.81,4.0,10.86
2023-06-06,Complet - avec 2 rappels de 6 mois ou plus,2646.48,460.03,213.25,89.94,29.37,24.44,2.59,2.4,5.37,3.25,10.94
2023-06-07,Complet - avec 3 rappels entre 3 et 6 mois ou plus,908.85,168.25,82.41,42.25,2.98,1.65,1.41,1.33,0.17,0.0,3.94
2023-06-08,Complet - avec 1 rappel de 6 mois ou plus,3959.19,1178.35,432.52,252.29,34.76,22.4,6.77,3.36,3.79,3.62,57.12
2023-06-08,Complet - avec 2 rappels entre 3 mois et 6 mois,423.6,106.63,35.3,19.68,1.31,1.0,0.15,0.15,2.42,1.42,3.56
2021-08-29,Non-vaccinés,13201.78,1336.05,1300.93,485.71,307.5,208.31,100.19,78.77,39.64,23.51,
2021-08-29,Complet entre 3 mois et 6 mois - sans rappel,5485.5,507.79,163.39,54.58,47.3,36.12,8.23,5.94,12.33,9.61,21.23
2021-08-30,Complet de 6 mois ou plus - sans rappel,9608.55,698.7,415.14,144.65,16.67,13.57,1.62,1.45,9.94,9.29,3.2
2021-08-31,Complet de moins de 3 mois - sans rappel,58782.76,8143.6,2971.53,1258.44,71.72,47.93,13.45,7.86,5.22,4.03,59.84
2021-09-06,Primo dose efficace,25420.45,1532.28,731.12,297.6,22.69,17.88,3.32,1.71,7.24,5.71,9.47
2021-09-09,Complet - avec 1 rappel entre 3 mois et 6 mois,0.0,0.0,0.0,0.0,0.0,0.0,0.0,0.0,0.0,0.0,0.0
2021-09-15,Complet - avec 1 rappel entre 3 mois et 6 mois,0.0,0.0,0.0,0.0,0.0,0.0,0.0,0.0,0.0,0.0,0.0
2021-09-16,Primo dose récente,5829.42,350.01,135.3,61.33,7.69,5.75,0.65,0.15,0.0,0.0,1.85
2021-09-18,Non-vaccinés,42609.95,3962.19,1940.26,656.63,140.82,104.14,44.59,36.86,38.72,31.01,
2021-09-18,Primo dose efficace,10426.03,522.05,143.24,39.44,11.28,9.5,2.9,2.68,5.7,5.32,6.45
2021-09-18,Complet entre 3 mois et 6 mois - sans rappel,27465.37,1541.63,440.57,163.73,42.16,33.7,7.76,5.95,9.87,7.14,30.61
2021-09-18,Complet - avec 1 rappel de moins de 3 mois,657.6,21.83,1.54,0.13,0.1,0.01,0.07,0.01,0.27,0.14,0.6
2021-09-19,Complet de moins de 3 mois - sans rappel,10802.06,1074.41,205.33,57.88,20.34,16.59,8.12,7.05,4.02,2.47,56.06
2021-09-20,Non-vaccinés,73766.82,10177.73,4025.29,1639.73,165.11,127.76,39.56,31.23,36.74,23.81,
2021-09-20,Primo dose efficace,15674.17,1169.05,292.92,104.53,7.95,5.49,2.19,1.82,3.65,2.57,6.23
2021-09-20,Complet entre 3 mois et 6 mois - sans rappel,49263.06,4307.69,1064.76,458.36,37.4,24.75,6.95,5.33,12.76,7.05,31.36
2021-09-20,Complet - avec 1 rappel de moins de 3 mois,1398.0,58.31,8.39,0.1,0.34,0.25,0.0,0.0,0.07,0.07,0.64
2021-09-20,Complet - avec 2 rappels de moins de 3 mois,2.19,0.0,0.0,0.0,0.0,0.0,0.0,0.0,0.0,0.0,0.0
2021-09-21,Primo dose récente,4103.91,331.8,107.18,55.92,5.14,4.23,1.65,1.58,0.02,0.02,1.52
2021-09-21,Complet - avec 2 rappels de moins de 3 mois,1.11,0.0,0.0,0.0,0.0,0.0,0.0,0.0,0.0,0.0,0.0
2021-09-22,Complet entre 3 mois et 6 mois - sans rappel,33537.8,3628.03,714.19,309.65,42.06,31.69,9.28,7.06,8.17,5.61,32.97
2021-09-23,Primo dose récente,3927.55,282.99,94.4,46.7,4.59,3.15,0.08,0.07,0.0,0.0,1.37
2021-09-23,Complet - avec 2 rappels de moins de 3 mois,0.07,0.0,0.0,0.0,0.0,0.0,0.0,0.0,0.0,0.0,0.0
2021-09-25,Complet entre 3 mois et 6 mois - sans rappel,30375.83,2010.38,492.83,191.39,28.49,22.0,11.93,10.07,2.13,0.77,35.49
2021-09-25,Complet de 6 mois ou plus - sans rappel,4401.66,284.3,74.51,26.46,6.26,4.72,1.25,1.25,4.21,2.56,4.27
2021-09-26,Complet - avec 1 rappel entre 3 mois et 6 mois,0.0,0.0,0.0,0.0,0.0,0.0,0.0,0.0,0.0,0.0,0.0
2021-09-28,Primo dose récente,2750.0,260.52,59.31,24.3,3.01,2.54,0.25,0.13,0.04,0.04,1.1
2021-09-28,Complet - avec 1 rappel entre 3 mois et 6 mois,1.09,0.0,0.05,0.0,0.0,0.0,0.0,0.0,0.0,0.0,0.0
2021-09-29,Complet - avec 1 rappel de moins de 3 mois,1816.79,115.19,10.06,1.32,1.42,1.38,0.25,0.25,0.0,0.0,1.45
2021-10-01,Complet de 6 mois ou plus - sans rappel,6263.93,617.89,134.8,50.44,14.97,10.58,3.38,2.16,2.76,2.0,4.49
2021-10-02,Complet de 6 mois ou plus - sans rappel,4822.83,329.62,67.39,20.07,8.2,6.57,3.92,3.75,1.75,1.4,4.59
2021-10-05,Complet de moins de 3 mois - sans rappel,36452.61,6727.68,613.84,257.61,19.39,13.25,7.6,5.26,4.52,3.13,45.66
2021-10-06,Complet - avec 2 rappels de moins de 3 mois,1.74,0.09,0.0,0.0,0.0,0.0,0.0,0.0,0.0,0.0,0.0
2021-10-07,Complet de 6 mois ou plus - sans rappel,5113.74,650.4,145.49,55.61,8.9,7.52,2.22,2.17,4.19,3.66,4.93
2021-10-08,Complet - avec 1 rappel de moins de 3 mois,3093.74,194.73,14.09,2.73,2.14,2.03,0.0,0.0,0.0,0.0,2.27
2021-10-09,Complet de 6 mois ou plus - sans rappel,5414.22,346.12,100.34,44.78,11.23,9.86,1.53,1.27,3.36,3.19,5.23
2021-10-09,Complet - avec 2 rappels de moins de 3 mois,2.4,0.03,0.0,0.0,0.0,0.0,0.0,0.0,0.0,0.0,0.0
2021-10-10,Complet de 6 mois ou plus - sans rappel,1910.96,136.08,31.97,10.38,9.89,8.49,0.96,0.71,2.38,2.17,5.36
2021-10-10,Complet - avec 1 rappel entre 3 mois et 6 mois,1.0,0.0,0.0,0.0,0.0,0.0,0.0,0.0,0.0,0.0,0.0
2021-10-11,Complet - avec 1 rappel de moins de 3 mois,5240.2,300.35,50.56,11.9,3.33,2.45,1.34,1.0,0.27,0.06,2.45
2021-10-11,Complet - avec 1 rappel entre 3 mois et 6 mois,0.09,0.0,0.0,0.0,0.0,0.0,0.0,0.0,0.0,0.0,0.0
2021-10-12,Complet - avec 1 rappel de moins de 3 mois,3751.8,270.55,33.43,8.49,5.28,4.57,1.61,1.56,0.27,0.17,2.56
2021-10-12,Complet - avec 2 rappels de moins de 3 mois,3.06,0.04,0.0,0.0,0.0,0.0,0.0,0.0,0.0,0.0,0.0
2021-10-13,Complet de 6 mois ou plus - sans rappel,7342.0,719.84,182.93,79.76,17.31,10.83,5.83,4.8,3.09,2.37,5.74
2021-10-13,Complet - avec 1 rappel de moins de 3 mois,3474.08,250.25,29.42,9.16,3.45,2.61,1.15,1.01,0.77,0.5,2.68
2021-10-14,Primo dose efficace,8342.14,586.5,132.27,36.8,7.68,4.65,1.02,0.22,0.77,0.7,3.84
2021-10-16,Complet de moins de 3 mois - sans rappel,21669.16,1891.34,294.2,102.1,11.0,8.06,2.56,2.3,0.22,0.22,37.26
2021-10-16,Complet - avec 2 rappels de moins de 3 mois,4.42,0.01,0.0,0.0,0.0,0.0,0.0,0.0,0.0,0.0,0.0
2021-10-17,Complet - avec 1 rappel entre 3 mois et 6 mois,0.0,0.0,0.0,0.0,0.0,0.0,0.0,0.0,0.0,0.0,0.0
2021-10-18,Complet de moins de 3 mois - sans rappel,35341.25,4407.27,642.31,302.6,14.41,10.24,3.87,3.68,0.62,0.27,36.4
2021-10-18,Complet entre 3 mois et 6 mois - sans rappel,64708.24,6744.19,1744.21,857.32,44.07,33.31,8.66,6.11,6.79,4.37,49.61
2021-10-19,Primo dose efficace,5714.49,595.11,86.8,37.37,9.95,6.66,1.46,0.36,1.45,1.27,3.6
2021-10-20,Primo dose efficace,5932.93,623.14,96.77,43.35,6.1,4.74,1.52,1.35,0.12,0.12,3.56
2021-10-20,Complet de moins de 3 mois - sans rappel,30919.51,4463.88,566.8,269.14,18.98,13.66,3.05,1.76,0.36,0.36,34.6
2021-10-21,Complet de moins de 3 mois - sans rappel,24982.4,3968.46,559.0,275.29,8.0,6.63,1.23,0.58,2.23,2.16,33.77
2021-10-21,Complet - avec 1 rappel de moins de 3 mois,3584.31,379.37,36.57,13.69,4.25,3.49,0.14,0.14,0.52,0.52,3.62
2021-10-22,Primo dose récente,1606.34,143.09,35.82,16.06,0.44,0.34,0.33,0.27,0.0,0.0,0.68
2021-10-23,Non-vaccinés,29349.78,2861.95,1220.17,498.31,81.76,66.26,27.88,20.33,14.92,10.4,
2021-10-24,Complet - avec 1 rappel de moins de 3 mois,1384.72,107.31,3.06,0.13,0.6,0.53,0.7,0.68,3.08,3.0,4.04
2021-10-25,Non-vaccinés,40811.93,5128.63,2461.85,1193.95,96.38,72.23,35.78,29.88,13.32,11.18,
2021-10-26,Non-vaccinés,33472.46,5118.63,2090.47,992.19,109.96,87.09,35.34,29.82,9.39,6.22,
2021-10-26,Complet - avec 2 rappels de moins de 3 mois,10.29,1.08,0.0,0.0,0.0,0.0,0.0,0.0,0.0,0.0,0.0
2021-10-26,Complet - avec 3 rappels de moins de 3 mois,0.0,0.0,0.0,0.0,0.0,0.0,0.0,0.0,0.0,0.0,0.0
2021-10-27,Primo dose récente,1146.93,97.71,33.42,12.9,1.18,0.72,1.48,1.46,0.11,0.0,0.62
2021-10-29,Primo dose efficace,4847.98,483.72,122.45,44.67,2.35,1.62,0.46,0.33,0.56,0.36,3.22
2021-10-31,Complet - avec 1 rappel de moins de 3 mois,1971.26,156.15,4.31,1.49,1.42,1.1,0.46,0.0,0.0,0.0,5.03
2021-10-31,Complet - avec 1 rappel de 6 mois ou plus,0.0,0.0,0.0,0.0,0.0,0.0,0.0,0.0,0.0,0.0,0.0
2021-11-01,Primo dose efficace,1817.29,81.96,36.82,8.55,7.67,6.7,5.99,4.84,0.49,0.41,3.15
2021-11-02,Primo dose récente,1232.79,83.02,42.44,19.15,0.37,0.21,2.22,1.16,0.0,0.0,0.51
2021-11-04,Complet - avec 1 rappel de moins de 3 mois,6199.37,652.78,77.9,18.53,3.25,2.71,0.45,0.22,0.55,0.29,5.61
2021-11-05,Complet entre 3 mois et 6 mois - sans rappel,60646.82,8519.45,2914.93,1420.3,68.92,50.17,17.36,15.16,7.17,7.17,55.01
2021-11-06,Complet de 6 mois ou plus - sans rappel,12017.74,1000.7,424.97,173.56,31.48,23.9,8.59,7.61,12.38,11.21,10.29
2021-11-07,Complet - avec 3 rappels de moins de 3 mois,0.0,0.0,0.0,0.0,0.0,0.0,0.0,0.0,0.0,0.0,0.0
2021-11-08,Primo dose efficace,6034.5,567.8,175.77,87.68,4.51,1.51,2.11,1.05,0.5,0.0,3.01
2021-11-08,Complet entre 3 mois et 6 mois - sans rappel,77104.77,11192.16,4501.97,2363.71,78.44,64.73,18.11,12.01,3.72,2.79,55.29
2021-11-08,Complet - avec 2 rappels de moins de 3 mois,17.9,2.18,0.0,0.0,0.0,0.0,0.0,0.0,0.0,0.0,0.0
2021-11-09,Primo dose récente,704.21,88.79,34.5,22.88,1.2,1.19,2.75,2.5,0.0,0.0,0.48
2021-11-09,Complet entre 3 mois et 6 mois - sans rappel,58794.81,11267.98,3427.24,1795.41,84.48,66.82,20.55,15.99,11.67,9.21,55.36
2021-11-10,Complet - avec 1 rappel de 6 mois ou plus,0.0,0.0,0.0,0.0,0.0,0.0,0.0,0.0,0.0,0.0,0.0
2021-11-12,Non-vaccinés,47199.63,6997.07,4908.67,2350.98,163.36,127.63,53.86,39.02,23.06,18.45,
2021-11-12,Complet - avec 3 rappels de moins de 3 mois,0.0,0.0,0.0,0.0,0.0,0.0,0.0,0.0,0.0,0.0,0.0
2021-11-13,Complet - avec 3 rappels de moins de 3 mois,0.0,0.0,0.0,0.0,0.0,0.0,0.0,0.0,0.0,0.0,0.0
2021-11-15,Complet entre 3 mois et 6 mois - sans rappel,85528.13,14368.1,7069.44,3886.08,105.02,81.09,25.81,20.07,7.66,5.91,56.25
2021-11-15,Complet - avec 2 rappels de moins de 3 mois,18.21,2.15,0.02,0.0,0.0,0.0,0.0,0.0,0.0,0.0,0.0
2021-11-16,Complet de 6 mois ou plus - sans rappel,22813.73,3524.13,1665.04,826.73,77.47,64.73,12.79,9.73,10.13,8.73,11.83
2021-11-16,Complet - avec 1 rappel entre 3 mois et 6 mois,1.41,0.33,0.34,0.33,0.02,0.0,0.0,0.0,0.0,0.0,0.0
2021-11-18,Complet de moins de 3 mois - sans rappel,20400.3,4246.84,1360.8,726.85,32.28,27.17,6.33,5.56,2.55,2.26,19.6
2021-11-18,Complet - avec 3 rappels de moins de 3 mois,0.0,0.0,0.0,0.0,0.0,0.0,0.0,0.0,0.0,0.0,0.0
2021-11-21,Complet de 6 mois ou plus - sans rappel,4632.62,527.52,301.43,109.28,61.29,53.13,11.61,9.24,13.02,10.2,12.27
2021-11-21,Complet - avec 1 rappel de moins de 3 mois,3357.63,263.84,39.15,9.6,14.44,8.69,1.68,1.52,2.12,1.47,8.79
2021-11-23,Complet entre 3 mois et 6 mois - sans rappel,101461.87,23079.4,9401.85,5114.13,150.29,125.47,32.96,26.67,18.43,16.18,58.66
2021-11-24,Complet - avec 1 rappel de 6 mois ou plus,0.0,0.0,0.0,0.0,0.0,0.0,0.0,0.0,0.0,0.0,0.0
2021-11-24,Complet - avec 3 rappels de moins de 3 mois,0.0,0.0,0.0,0.0,0.0,0.0,0.0,0.0,0.0,0.0,0.0
2021-11-25,Complet - avec 1 rappel de 6 mois ou plus,0.0,0.0,0.0,0.0,0.0,0.0,0.0,0.0,0.0,0.0,0.0
2021-11-25,Complet - avec 2 rappels de moins de 3 mois,9.32,0.27,1.29,0.0,0.36,0.34,0.0,0.0,0.0,0.0,0.01
2021-11-25,Complet - avec 3 rappels de moins de 3 mois,0.0,0.0,0.0,0.0,0.0,0.0,0.0,0.0,0.0,0.0,0.0
2021-11-26,Complet - avec 1 rappel de moins de 3 mois,21677.49,2411.89,477.12,156.37,33.75,25.72,7.06,5.64,5.76,4.61,10.37
2021-11-26,Complet - avec 1 rappel de 6 mois ou plus,0.0,0.0,0.0,0.0,0.0,0.0,0.0,0.0,0.0,0.0,0.0
2021-11-27,Primo dose efficace,3847.05,411.39,172.76,74.49,13.14,9.71,1.55,0.25,1.9,1.9,2.52
2021-11-27,Complet de moins de 3 mois - sans rappel,15122.05,2187.34,996.86,439.49,31.44,26.55,7.69,5.52,2.0,1.87,14.2
2021-11-28,Complet de 6 mois ou plus - sans rappel,5604.04,708.36,464.27,187.45,79.41,65.87,25.34,19.95,16.59,13.56,12.48
2021-11-29,Complet - avec 1 rappel de moins de 3 mois,33753.05,3096.93,922.21,282.68,37.62,22.72,8.32,5.79,2.66,2.53,11.1
2021-12-01,Complet entre 3 mois et 6 mois - sans rappel,133590.54,32095.96,14860.59,7831.63,180.92,146.37,43.51,37.56,12.59,7.19,59.97
2021-12-02,Non-vaccinés,92890.05,20425.21,14153.26,6734.13,371.76,297.61,127.09,111.37,31.03,21.93,
2021-12-03,Primo dose récente,1395.72,271.69,222.15,123.13,8.24,7.94,2.37,2.37,1.07,1.0,0.52
2021-12-05,Complet de moins de 3 mois - sans rappel,3804.3,410.12,249.54,87.86,26.85,20.3,9.5,8.22,1.79,1.28,10.5
2021-12-05,Complet - avec 1 rappel entre 3 mois et 6 mois,102.57,8.32,3.33,0.03,1.0,1.0,0.12,0.0,0.2,0.1,0.22
2021-12-05,Complet - avec 2 rappels entre 3 mois et 6 mois,0.0,0.0,0.0,0.0,0.0,0.0,0.0,0.0,0.0,0.0,0.0
2021-12-06,Complet de moins de 3 mois - sans rappel,26945.34,5134.13,2622.77,1351.57,54.59,41.96,7.06,5.3,4.99,4.42,10.42
2021-12-07,Complet - avec 1 rappel de 6 mois ou plus,0.0,0.0,0.0,0.0,0.0,0.0,0.0,0.0,0.0,0.0,0.0
2021-12-07,Complet - avec 3 rappels de moins de 3 mois,0.0,0.0,0.0,0.0,0.0,0.0,0.0,0.0,0.0,0.0,0.0
2021-12-08,Complet - avec 1 rappel de moins de 3 mois,40779.45,4621.33,1256.17,386.17,70.81,52.49,11.81,7.01,5.53,3.51,15.67
2021-12-08,Complet - avec 1 rappel entre 3 mois et 6 mois,910.72,107.03,42.6,9.75,3.51,2.58,1.42,1.03,0.85,0.16,0.36
2021-12-08,Complet - avec 2 rappels de moins de 3 mois,61.17,10.73,3.26,0.04,0.06,0.06,0.0,0.0,0.0,0.0,0.01
2021-12-09,Complet entre 3 mois et 6 mois - sans rappel,140148.95,33366.02,17298.65,9035.23,212.88,162.46,41.1,34.81,22.57,20.64,57.86
2021-12-10,Complet de moins de 3 mois - sans rappel,22034.76,3905.34,1820.46,846.95,41.92,35.09,12.53,11.49,2.42,2.15,9.16
2021-12-10,Complet - avec 2 rappels de moins de 3 mois,51.0,4.44,0.2,0.0,0.0,0.0,0.0,0.0,0.0,0.0,0.01
2021-12-11,Primo dose efficace,3997.52,426.39,268.06,110.13,22.98,18.73,5.97,5.62,4.79,3.6,2.27
2021-12-11,Complet - avec 1 rappel de 6 mois ou plus,0.0,0.0,0.0,0.0,0.0,0.0,0.0,0.0,0.0,0.0,0.0
2021-12-12,Non-vaccinés,13592.74,2433.27,2026.78,743.92,358.28,278.46,127.99,107.69,45.28,38.46,
2021-12-12,Primo dose efficace,1245.44,128.53,81.76,32.31,14.96,12.82,6.05,4.21,4.83,4.61,2.26
2021-12-12,Complet - avec 1 rappel de 6 mois ou plus,0.0,0.0,0.0,0.0,0.0,0.0,0.0,0.0,0.0,0.0,0.0
2021-12-12,Complet - avec 2 rappels entre 3 mois et 6 mois,0.0,0.0,0.0,0.0,0.0,0.0,0.0,0.0,0.0,0.0,0.0
2021-12-13,Primo dose efficace,7942.35,1106.7,714.68,319.43,28.43,22.2,3.82,2.58,2.3,2.28,2.25
2021-12-14,Complet entre 3 mois et 6 mois - sans rappel,144706.38,33176.15,19830.01,9985.72,204.9,170.73,42.87,32.87,27.51,20.73,55.17
2021-12-14,Complet - avec 2 rappels de moins de 3 mois,101.17,4.96,2.55,0.37,0.0,0.0,0.0,0.0,0.0,0.0,0.02
2021-12-15,Primo dose efficace,7059.03,990.83,593.72,249.25,28.66,21.85,4.56,3.93,4.25,2.7,2.21
2021-12-16,Primo dose efficace,6559.39,908.13,581.25,244.39,36.07,28.86,7.7,5.13,1.7,1.47,2.18
2021-12-17,Primo dose efficace,6647.42,918.38,621.91,264.45,29.59,24.74,5.64,5.19,3.33,3.1,2.15
2021-12-17,Complet - avec 1 rappel de moins de 3 mois,67125.9,7833.92,2771.12,829.54,91.65,65.68,18.38,14.98,11.17,8.63,24.34
2021-12-17,Complet - avec 1 rappel entre 3 mois et 6 mois,3273.03,270.73,103.14,25.25,9.88,7.03,0.25,0.03,1.53,0.5,1.02
2021-12-18,Primo dose récente,975.67,128.1,136.17,63.92,12.09,9.85,0.98,0.68,0.37,0.28,0.5
2021-12-18,Complet - avec 1 rappel de moins de 3 mois,41962.61,3872.76,1579.34,461.27,56.07,41.63,12.63,8.73,10.77,8.66,25.78
2021-12-19,Complet - avec 1 rappel entre 3 mois et 6 mois,580.33,58.28,16.18,2.5,4.26,3.63,1.39,0.02,0.81,0.0,1.16
2021-12-20,Complet - avec 1 rappel de moins de 3 mois,89718.43,11485.36,5108.52,1724.97,100.47,78.39,23.55,14.18,12.64,10.69,26.97
2021-12-21,Primo dose efficace,6465.47,1027.18,841.53,359.78,29.96,23.49,5.15,2.93,5.51,5.0,2.04
2021-12-21,Complet - avec 1 rappel de moins de 3 mois,87782.77,12550.82,5263.61,1794.17,114.11,90.33,15.64,10.95,25.43,22.37,28.11
2021-12-24,Complet entre 3 mois et 6 mois - sans rappel,136755.75,25230.09,29406.75,13335.43,183.84,148.89,31.63,27.34,18.74,14.61,46.8
2021-12-24,Complet de 6 mois ou plus - sans rappel,34854.13,5985.63,6498.06,2731.52,143.8,120.13,33.77,30.58,28.76,23.97,10.03
2021-12-24,Complet - avec 2 rappels entre 3 mois et 6 mois,3.61,0.07,1.26,0.0,1.0,1.0,0.0,0.0,0.0,0.0,0.0
2021-12-24,Complet - avec 3 rappels de moins de 3 mois,0.0,0.0,0.0,0.0,0.0,0.0,0.0,0.0,0.0,0.0,0.0
2021-12-27,Complet - avec 1 rappel entre 3 mois et 6 mois,11165.92,1259.17,1091.57,339.23,22.72,20.81,0.57,0.27,4.49,4.03,1.75
2021-12-28,Non-vaccinés,85417.17,26778.01,33344.04,16096.49,691.95,543.27,194.41,165.25,85.5,66.72,
2021-12-28,Primo dose efficace,7767.05,1732.21,1808.56,830.11,37.91,33.0,5.15,4.61,10.24,8.89,1.83
2021-12-30,Complet - avec 2 rappels de moins de 3 mois,315.25,54.32,39.33,15.74,0.2,0.2,0.0,0.0,0.0,0.0,0.04
2021-12-31,Non-vaccinés,80274.78,20815.54,28349.77,12717.81,588.53,441.54,160.66,126.94,101.14,77.46,
2022-01-02,Complet de 6 mois ou plus - sans rappel,10512.84,2601.13,3279.88,1522.79,129.65,104.63,25.39,22.74,36.27,32.62,9.83
2022-01-03,Primo dose efficace,11051.21,2684.49,3035.95,1495.31,55.76,48.1,8.55,8.12,7.39,6.68,1.83
2022-01-03,Complet de 6 mois ou plus - sans rappel,69802.99,21865.37,26585.78,13769.75,222.7,183.02,38.46,34.56,35.28,30.15,9.94
2022-01-03,Complet - avec 3 rappels de moins de 3 mois,0.02,0.0,0.02,0.0,0.0,0.0,0.0,0.0,0.0,0.0,0.0
2022-01-04,Non-vaccinés,115343.96,34749.57,44420.02,21021.15,846.09,640.09,201.81,174.11,90.26,74.69,
2022-01-06,Non-vaccinés,129518.7,28980.32,35921.59,15379.84,784.73,615.06,197.05,161.05,94.26,78.63,
2022-01-06,Complet - avec 2 rappels de moins de 3 mois,331.46,64.71,58.69,25.67,0.9,0.0,1.73,1.0,0.03,0.0,0.05
2022-01-07,Primo dose efficace,8581.09,2006.01,2075.23,873.86,54.46,48.56,10.56,9.73,11.57,9.68,1.84
2022-01-07,Complet - avec 1 rappel entre 3 mois et 6 mois,14916.05,1558.81,1701.91,474.2,85.18,63.13,3.98,2.35,7.84,4.78,2.8
2022-01-08,Complet - avec 1 rappel entre 3 mois et 6 mois,6375.05,683.15,647.63,177.51,56.67,44.2,5.62,4.82,5.59,4.42,2.96
2022-01-09,Complet entre 3 mois et 6 mois - sans rappel,23348.01,5489.02,7762.87,3155.26,253.49,201.09,35.08,26.9,27.86,23.81,35.31
2022-01-10,Complet - avec 1 rappel de 6 mois ou plus,2.04,0.0,0.0,0.0,0.0,0.0,0.0,0.0,0.0,0.0,0.0
2022-01-12,Complet - avec 1 rappel de moins de 3 mois,150511.24,28724.99,26775.56,10731.81,379.42,300.98,38.29,30.17,24.44,18.66,45.7
2022-01-15,Primo dose efficace,3719.84,743.9,1037.09,401.6,51.65,33.68,3.63,2.92,4.23,3.07,1.72
2022-01-16,Primo dose efficace,1202.81,216.22,329.7,121.97,44.9,30.7,3.4,1.86,8.29,5.62,1.67
2022-01-16,Complet - avec 1 rappel de moins de 3 mois,27974.36,4857.66,5652.84,2187.35,251.26,182.29,33.7,27.56,31.6,21.97,49.95
2022-01-16,Complet - avec 2 rappels de moins de 3 mois,80.05,11.32,15.65,3.14,0.43,0.1,0.02,0.0,0.0,0.0,0.1
2022-01-17,Complet de moins de 3 mois - sans rappel,21504.25,5680.18,7262.82,3387.63,105.86,79.02,15.87,11.9,8.27,6.17,4.54
2022-01-18,Complet - avec 1 rappel entre 3 mois et 6 mois,21827.15,2069.46,3241.85,851.89,161.72,130.21,9.14,7.4,15.77,11.29,3.93
2022-01-18,Complet - avec 1 rappel de 6 mois ou plus,0.03,0.0,0.0,0.0,0.0,0.0,0.0,0.0,0.0,0.0,0.0
2022-01-18,Complet - avec 3 rappels de moins de 3 mois,0.0,0.0,0.0,0.0,0.0,0.0,0.0,0.0,0.0,0.0,0.0
2022-01-20,Complet - avec 1 rappel de moins de 3 mois,166763.05,40785.54,39449.01,18476.21,556.04,428.2,56.63,42.67,36.47,31.51,52.75
2022-01-21,Primo dose récente,3420.07,1145.52,1542.08,780.46,28.63,20.88,2.45,2.2,0.02,0.0,0.8
2022-01-21,Complet - avec 1 rappel entre 3 mois et 6 mois,16516.98,2203.96,2910.58,922.67,167.61,130.18,9.69,8.11,18.76,15.96,4.41
2022-01-22,Complet - avec 2 rappels entre 3 mois et 6 mois,7.26,0.2,1.55,0.19,1.13,0.03,0.0,0.0,0.0,0.0,0.0
2022-01-23,Complet - avec 1 rappel de 6 mois ou plus,0.0,0.0,0.0,0.0,0.0,0.0,0.0,0.0,0.0,0.0,0.0
2022-01-24,Complet de 6 mois ou plus - sans rappel,47404.62,16353.92,21458.66,11071.34,276.65,232.0,40.09,35.04,46.47,37.94,9.83
2022-01-24,Complet - avec 3 rappels de moins de 3 mois,2.23,0.0,0.0,0.0,0.0,0.0,0.0,0.0,0.0,0.0,0.0
2022-01-25,Complet de 6 mois ou plus - sans rappel,38842.39,13654.91,16497.74,8570.32,304.16,248.5,40.46,37.05,45.43,38.09,9.86
2022-01-26,Complet de moins de 3 mois - sans rappel,16178.44,4833.29,5477.82,2710.41,102.26,82.37,13.43,10.65,12.1,9.71,4.35
2022-01-26,Complet - avec 1 rappel entre 3 mois et 6 mois,21301.34,2434.48,3916.77,1168.97,217.72,173.15,20.74,19.12,28.01,23.89,5.02
2022-01-26,Complet - avec 3 rappels entre 3 et 6 mois ou plus,0.0,0.0,0.0,0.0,0.0,0.0,0.0,0.0,0.0,0.0,0.0
2022-01-27,Complet de moins de 3 mois - sans rappel,14822.67,4630.35,5074.91,2551.05,120.41,96.16,18.73,16.61,10.15,7.93,4.33
2022-01-28,Non-vaccinés,84878.14,30556.92,37508.72,18453.48,718.62,499.06,102.25,86.16,110.92,87.7,
2022-01-28,Complet - avec 1 rappel de 6 mois ou plus,1.0,0.0,0.0,0.0,0.0,0.0,0.0,0.0,0.0,0.0,0.0
2022-01-29,Complet entre 3 mois et 6 mois - sans rappel,40768.25,13791.08,17963.95,9092.92,256.37,185.57,26.5,20.58,37.07,24.49,20.07
2022-02-05,Complet - avec 1 rappel de moins de 3 mois,93379.33,17787.86,20306.26,8968.57,410.68,311.02,70.84,57.55,48.36,35.06,59.45
2022-02-07,Complet - avec 1 rappel entre 3 mois et 6 mois,30730.08,3769.04,6290.63,2096.55,256.72,203.23,25.55,18.81,44.7,28.44,6.72
2022-02-10,Complet - avec 1 rappel entre 3 mois et 6 mois,18091.63,2624.97,3603.05,1251.97,247.64,190.58,20.73,15.87,46.08,31.67,7.65
2022-02-11,Complet de 6 mois ou plus - sans rappel,18606.11,4707.2,4940.2,2414.72,125.56,100.91,18.29,16.15,31.59,23.59,10.69
2022-02-12,Primo dose récente,408.61,66.37,73.43,35.12,1.86,1.47,0.19,0.17,0.12,0.12,0.24
2022-02-12,Complet de moins de 3 mois - sans rappel,6361.8,1041.34,1218.65,549.14,35.75,28.39,8.63,6.78,17.73,16.66,4.18
2022-02-13,Complet - avec 2 rappels de moins de 3 mois,188.55,25.25,20.73,7.52,0.31,0.17,0.0,0.0,1.12,0.12,0.35
2022-02-14,Complet - avec 3 rappels de moins de 3 mois,2.35,0.0,0.07,0.0,0.0,0.0,0.0,0.0,0.0,0.0,0.0
2022-02-16,Non-vaccinés,31870.49,8269.58,8847.01,4397.6,417.64,315.11,59.56,45.79,68.15,54.75,
2022-02-16,Complet - avec 2 rappels entre 3 mois et 6 mois,27.89,0.15,3.43,0.06,0.0,0.0,0.0,0.0,0.0,0.0,0.01
2022-02-24,Complet entre 3 mois et 6 mois - sans rappel,10408.26,2319.13,2042.17,1061.5,73.76,57.13,4.76,4.14,14.88,11.41,10.12
2022-02-25,Complet de moins de 3 mois - sans rappel,5598.72,1021.57,946.14,440.72,26.83,16.34,1.21,0.93,7.99,7.45,3.96
2022-02-26,Complet entre 3 mois et 6 mois - sans rappel,7620.27,1045.8,1109.33,479.37,46.8,36.42,4.51,2.89,12.73,11.4,9.34
2022-02-27,Complet - avec 2 rappels de moins de 3 mois,244.54,25.65,16.07,2.39,2.35,2.28,0.39,0.18,0.0,0.0,0.48
2022-02-28,Complet de 6 mois ou plus - sans rappel,17152.05,3313.71,2982.23,1525.58,72.56,57.68,14.26,11.54,16.68,14.31,13.21
2022-02-28,Complet - avec 1 rappel de moins de 3 mois,96085.18,18831.05,17242.25,9144.79,215.65,173.47,31.97,25.28,24.58,19.02,58.51
2022-03-01,Non-vaccinés,24706.29,5925.77,5085.09,2763.33,211.88,164.04,34.89,27.24,39.3,32.67,
2022-03-01,Complet - avec 1 rappel entre 3 mois et 6 mois,27031.48,3154.39,3628.35,1347.83,229.37,180.42,29.04,21.19,36.76,29.98,14.13
2022-03-01,Complet - avec 2 rappels de moins de 3 mois,881.45,105.71,76.26,30.51,5.73,3.4,0.22,0.18,0.02,0.0,0.49
2022-03-02,Non-vaccinés,22726.21,5890.58,5200.4,2772.61,204.58,153.3,26.9,24.56,42.15,32.93,
2022-03-02,Complet entre 3 mois et 6 mois - sans rappel,9108.09,1995.77,1751.53,935.21,59.97,48.69,7.08,6.82,5.79,3.53,8.29
2022-03-02,Complet - avec 1 rappel de 6 mois ou plus,59.25,4.3,8.24,3.46,2.97,0.43,0.17,0.0,0.5,0.05,0.03
2022-03-02,Complet - avec 2 rappels de moins de 3 mois,858.78,91.98,58.15,26.43,2.62,1.44,0.08,0.06,1.0,0.0,0.5
2022-03-02,Complet - avec 2 rappels entre 3 mois et 6 mois,29.95,1.34,1.38,0.11,0.07,0.06,0.0,0.0,0.0,0.0,0.01
2022-03-02,Complet - avec 3 rappels de moins de 3 mois,2.04,0.02,0.02,0.02,0.0,0.0,0.0,0.0,0.0,0.0,0.0
2022-03-03,Complet entre 3 mois et 6 mois - sans rappel,7717.23,1809.56,1500.31,803.79,55.9,47.84,7.49,6.98,9.5,7.48,7.99
2022-03-09,Complet - avec 3 rappels de moins de 3 mois,4.09,2.04,0.02,0.0,0.0,0.0,0.0,0.0,0.0,0.0,0.0
2022-03-10,Non-vaccinés,23968.91,7061.28,5616.68,3260.21,191.08,143.83,26.33,22.45,26.13,19.11,
2022-03-11,Complet entre 3 mois et 6 mois - sans rappel,7136.48,1746.24,1465.87,787.56,49.39,38.63,3.04,1.77,11.12,8.53,6.59
2022-03-11,Complet - avec 2 rappels de 6 mois ou plus,1.0,0.0,0.0,0.0,0.0,0.0,0.0,0.0,0.0,0.0,0.0
2022-03-12,Primo dose récente,93.78,14.32,10.99,7.05,0.16,0.14,0.0,0.0,0.0,0.0,0.05
2022-03-12,Complet - avec 2 rappels de moins de 3 mois,854.49,75.51,68.92,23.32,2.06,1.62,0.07,0.0,3.0,2.0,0.58
2022-03-12,Complet - avec 3 rappels entre 3 et 6 mois ou plus,0.02,0.0,0.0,0.0,0.0,0.0,0.0,0.0,0.0,0.0,0.0
2022-03-13,Complet - avec 2 rappels de 6 mois ou plus,0.0,0.0,0.0,0.0,0.0,0.0,0.0,0.0,0.0,0.0,0.0
2022-03-14,Complet de 6 mois ou plus - sans rappel,21077.01,5745.63,4470.09,2642.17,91.69,69.07,8.77,7.11,4.18,4.0,15.5
2022-03-14,Complet - avec 3 rappels de moins de 3 mois,5.21,0.04,0.05,0.04,0.0,0.0,0.0,0.0,0.0,0.0,0.0
2022-05-07,Complet de moins de 3 mois - sans rappel,918.47,142.91,142.26,61.93,6.72,6.5,1.48,1.21,0.0,0.0,1.03
2022-05-10,Non-vaccinés,19787.92,4225.33,3613.94,2028.94,147.77,105.31,17.2,12.07,17.48,14.62,
2022-05-11,Complet - avec 1 rappel de 6 mois ou plus,8383.78,1137.91,1355.96,570.58,95.02,77.38,6.09,4.68,16.33,12.86,5.62
2022-05-12,Complet - avec 3 rappels de moins de 3 mois,14.52,1.1,1.03,0.0,0.0,0.0,0.0,0.0,0.0,0.0,0.0
2022-05-14,Complet - avec 1 rappel entre 3 mois et 6 mois,51639.0,6157.15,6719.36,3313.7,163.54,127.21,21.44,20.6,34.81,29.45,61.3
2022-05-15,Complet - avec 3 rappels entre 3 et 6 mois ou plus,0.0,0.0,0.0,0.0,0.0,0.0,0.0,0.0,0.0,0.0,0.0
2022-05-18,Non-vaccinés,16441.62,3058.51,2469.01,1212.08,79.62,57.1,4.98,4.59,17.71,14.12,
2022-05-19,Complet - avec 2 rappels de moins de 3 mois,2352.15,307.45,272.7,108.33,29.03,23.92,2.32,1.0,1.78,1.49,2.68
2022-05-21,Complet - avec 1 rappel de moins de 3 mois,2373.88,174.83,146.86,43.2,6.6,2.33,1.53,1.36,0.0,0.0,2.74
2022-05-22,Complet - avec 1 rappel de moins de 3 mois,826.45,73.2,46.03,12.3,3.8,2.74,1.16,1.05,0.18,0.18,2.61
2022-05-23,Complet - avec 1 rappel de moins de 3 mois,3190.06,360.85,273.71,133.74,5.59,4.96,0.41,0.23,0.1,0.1,2.59
2022-05-24,Complet - avec 1 rappel entre 3 mois et 6 mois,34581.92,7738.62,6831.77,3841.12,156.37,131.76,19.22,17.86,11.27,7.59,60.52
2022-05-25,Complet - avec 1 rappel de 6 mois ou plus,7579.93,1256.74,1278.19,628.52,85.89,64.2,9.62,6.78,15.64,13.52,8.89
2022-05-26,Complet - avec 2 rappels entre 3 mois et 6 mois,116.63,12.6,4.82,0.56,3.41,3.14,1.0,0.0,0.02,0.0,0.51
2022-05-27,Complet de moins de 3 mois - sans rappel,456.07,59.38,47.13,24.14,2.35,1.0,0.1,0.04,1.12,1.04,0.47
2022-05-27,Complet entre 3 mois et 6 mois - sans rappel,2492.05,460.17,412.03,227.95,11.01,10.08,2.86,2.59,1.03,1.0,3.78
2022-05-28,Complet de moins de 3 mois - sans rappel,357.55,30.95,27.03,8.44,1.05,1.0,0.0,0.0,0.0,0.0,0.44
2022-05-28,Complet - avec 1 rappel de moins de 3 mois,1697.96,115.53,82.64,29.59,1.47,1.17,0.42,0.25,0.38,0.18,2.07
2022-05-29,Complet - avec 2 rappels entre 3 mois et 6 mois,105.91,7.26,8.42,2.25,0.08,0.0,0.19,0.19,1.07,0.07,0.53
2022-05-29,Complet - avec 2 rappels de 6 mois ou plus,1.15,0.03,0.02,0.0,0.0,0.0,0.0,0.0,0.0,0.0,0.01
2022-05-30,Primo dose récente,54.75,3.39,2.39,1.27,1.0,0.0,0.0,0.0,0.0,0.0,0.02
2022-05-30,Complet - avec 2 rappels entre 3 mois et 6 mois,776.03,92.68,82.57,39.34,5.1,4.67,0.0,0.0,0.23,0.0,0.53
2022-05-30,Complet - avec 3 rappels de moins de 3 mois,16.48,2.3,0.08,0.08,0.0,0.0,0.0,0.0,0.0,0.0,0.01
2022-06-01,Complet entre 3 mois et 6 mois - sans rappel,2745.7,483.13,329.52,179.17,9.69,8.2,0.32,0.12,1.28,1.0,3.64
2022-06-03,Complet - avec 1 rappel entre 3 mois et 6 mois,28385.22,7736.65,6910.27,4094.79,101.48,85.21,19.16,13.1,7.86,5.62,55.1
2022-06-04,Complet de moins de 3 mois - sans rappel,295.08,33.86,13.92,6.99,1.46,1.25,0.13,0.01,0.05,0.04,0.36
2022-06-05,Complet - avec 2 rappels de moins de 3 mois,1070.05,104.5,74.21,15.54,19.49,15.61,3.84,3.77,1.27,1.2,3.27
2022-06-06,Non-vaccinés,6049.12,735.05,563.75,200.72,60.64,48.02,4.8,1.67,8.06,5.42,
2022-06-06,Complet - avec 3 rappels de moins de 3 mois,7.49,1.12,0.05,0.0,0.0,0.0,0.0,0.0,0.0,0.0,0.01
2022-06-07,Complet - avec 3 rappels de moins de 3 mois,17.68,1.16,2.22,0.0,0.0,0.0,0.0,0.0,0.0,0.0,0.01
2022-06-08,Non-vaccinés,15894.64,2900.12,2467.67,1265.32,83.27,53.48,11.96,9.08,7.66,5.44,
2022-06-08,Complet de 6 mois ou plus - sans rappel,14948.67,2627.11,1917.28,1036.18,56.87,44.08,9.03,7.34,0.6,0.6,20.08
2022-06-08,Complet - avec 2 rappels entre 3 mois et 6 mois,640.96,90.97,77.54,36.04,2.95,2.7,0.04,0.01,0.17,0.17,0.59
2022-06-09,Complet - avec 2 rappels de 6 mois ou plus,20.05,2.16,1.34,0.02,0.2,0.2,0.0,0.0,0.0,0.0,0.02
2022-06-09,Complet - avec 3 rappels de moins de 3 mois,10.04,0.14,0.17,0.0,0.0,0.0,0.0,0.0,0.0,0.0,0.01
2022-06-10,Complet - avec 2 rappels de 6 mois ou plus,36.51,4.37,4.21,1.05,0.04,0.0,0.0,0.0,0.0,0.0,0.02
2022-06-11,Non-vaccinés,12527.69,1741.34,1465.26,685.68,57.4,44.15,7.71,5.57,6.58,4.79,
2022-06-11,Complet entre 3 mois et 6 mois - sans rappel,2097.65,304.51,277.77,147.19,9.39,6.42,3.21,2.2,1.04,1.04,3.24
2022-06-11,Complet de 6 mois ou plus - sans rappel,12154.96,1435.42,1125.26,593.99,22.7,15.63,3.88,2.15,4.2,3.59,20.2
2022-06-11,Complet - avec 1 rappel entre 3 mois et 6 mois,31939.01,5054.33,5475.53,3005.76,71.72,57.01,7.09,4.47,8.65,7.21,46.96
2022-06-12,Complet - avec 2 rappels de moins de 3 mois,1236.93,101.71,75.86,19.47,16.84,10.79,0.2,0.03,1.37,1.3,3.54
2022-06-12,Complet - avec 2 rappels entre 3 mois et 6 mois,143.32,12.59,10.66,1.89,2.08,1.0,0.14,0.01,1.02,1.02,0.62
2022-06-13,Complet - avec 2 rappels entre 3 mois et 6 mois,965.66,150.78,145.51,85.25,5.61,4.25,0.45,0.2,0.0,0.0,0.62
2022-06-15,Complet - avec 3 rappels de moins de 3 mois,11.47,1.09,1.16,0.01,0.0,0.0,0.0,0.0,0.0,0.0,0.01
2022-06-16,Complet - avec 2 rappels de 6 mois ou plus,42.35,10.96,14.34,7.59,0.0,0.0,0.0,0.0,0.01,0.0,0.03
2022-06-17,Non-vaccinés,15564.74,3624.27,3126.31,1703.38,105.17,80.76,11.18,9.36,6.47,5.24,
2022-06-20,Complet - avec 2 rappels de 6 mois ou plus,103.47,17.43,19.77,10.13,0.2,0.0,0.0,0.0,0.0,0.0,0.03
2022-06-21,Complet de 6 mois ou plus - sans rappel,20337.02,4361.48,3781.44,2152.8,64.76,54.6,6.32,5.69,5.02,3.7,20.58
2022-06-22,Non-vaccinés,22835.6,5386.73,4753.9,2576.96,164.54,126.06,11.75,8.86,8.69,7.27,
2022-06-22,Complet - avec 1 rappel de 6 mois ou plus,44907.5,13060.21,14215.17,8623.66,269.99,215.43,29.6,24.82,19.51,15.74,34.5
2022-06-22,Complet - avec 2 rappels de moins de 3 mois,5631.25,940.84,1024.56,501.93,32.62,25.56,2.28,1.73,2.88,2.32,3.76
2022-06-23,Complet - avec 1 rappel entre 3 mois et 6 mois,29754.92,11101.69,11069.63,7158.06,116.89,92.26,15.53,13.22,4.69,3.5,33.48
2022-06-23,Complet - avec 3 rappels entre 3 et 6 mois ou plus,1.13,0.03,0.1,0.02,0.0,0.0,0.0,0.0,0.0,0.0,0.0
2022-06-24,Complet entre 3 mois et 6 mois - sans rappel,2693.21,795.2,720.93,412.11,12.64,10.33,1.1,1.06,0.35,0.32,2.67
2022-06-24,Complet - avec 2 rappels de 6 mois ou plus,70.62,15.32,20.21,8.8,0.18,0.0,0.0,0.0,0.0,0.0,0.04
2022-06-26,Primo dose récente,14.31,1.03,2.18,1.01,0.04,0.0,0.0,0.0,0.0,0.0,0.02
2022-06-26,Complet entre 3 mois et 6 mois - sans rappel,771.13,123.99,133.32,49.0,12.54,10.94,1.07,1.07,1.35,1.32,2.66
2022-06-27,Complet - avec 1 rappel de moins de 3 mois,3284.04,537.39,489.71,228.32,13.24,10.71,0.39,0.23,0.05,0.0,1.4
2022-06-30,Complet - avec 2 rappels entre 3 mois et 6 mois,1519.93,445.01,482.82,272.57,24.89,20.23,0.1,0.01,1.06,1.0,1.14
2022-06-30,Complet - avec 3 rappels entre 3 et 6 mois ou plus,2.2,1.06,1.19,1.05,0.0,0.0,0.0,0.0,0.0,0.0,0.0
2022-07-01,Complet - avec 2 rappels de 6 mois ou plus,103.6,32.14,33.7,19.99,0.37,0.0,0.14,0.14,0.0,0.0,0.05
2022-07-01,Complet - avec 3 rappels de moins de 3 mois,15.99,1.47,0.28,0.14,0.0,0.0,0.0,0.0,0.0,0.0,0.01
2022-07-02,Complet - avec 1 rappel entre 3 mois et 6 mois,28639.67,8237.24,9074.29,5419.4,111.07,84.04,11.04,8.7,1.91,0.25,28.09
2022-07-04,Complet de moins de 3 mois - sans rappel,821.82,159.52,151.87,76.32,1.7,1.26,0.24,0.05,0.02,0.0,0.25
2022-07-04,Complet - avec 3 rappels de moins de 3 mois,37.84,3.45,3.48,1.23,0.01,0.0,0.0,0.0,0.0,0.0,0.01
2022-07-05,Non-vaccinés,34989.34,10419.19,9627.96,5589.21,235.91,169.23,19.94,16.48,11.89,7.94,
2022-07-05,Primo dose récente,72.87,12.03,6.57,2.62,0.0,0.0,0.0,0.0,0.0,0.0,0.02
2022-07-06,Complet - avec 1 rappel de moins de 3 mois,2718.39,527.98,496.17,225.82,12.36,6.25,0.02,0.02,1.06,1.0,1.36
2022-07-09,Complet - avec 1 rappel de 6 mois ou plus,53342.42,15130.31,17836.56,10182.85,363.62,276.3,52.49,43.85,25.87,23.08,46.16
2022-07-10,Complet de moins de 3 mois - sans rappel,133.79,12.98,15.52,3.26,1.8,1.14,1.11,1.0,2.25,1.25,0.24
2022-07-10,Complet - avec 1 rappel de 6 mois ou plus,14106.16,3175.7,4243.82,1958.46,382.71,309.89,47.95,38.94,26.03,20.79,46.98
2022-07-13,Primo dose récente,95.36,4.31,4.57,0.58,0.22,0.0,0.0,0.0,0.0,0.0,0.03
2022-07-14,Complet de 6 mois ou plus - sans rappel,6186.85,961.24,1075.24,462.49,92.5,71.02,15.5,12.59,10.75,9.79,21.16
2022-07-18,Non-vaccinés,34014.89,8465.64,8444.4,4678.39,248.52,179.1,28.09,21.74,27.38,21.72,
2022-07-19,Complet - avec 1 rappel de moins de 3 mois,2239.66,358.33,346.56,152.91,12.0,10.69,0.38,0.07,1.35,1.18,1.39
2022-07-19,Complet - avec 2 rappels entre 3 mois et 6 mois,3377.12,630.49,759.67,343.61,63.92,46.98,4.81,4.25,2.15,1.52,1.84
2022-07-21,Complet - avec 3 rappels de moins de 3 mois,28.55,3.45,2.48,0.07,0.01,0.0,0.0,0.0,1.0,1.0,0.02
2022-07-22,Complet de moins de 3 mois - sans rappel,440.33,70.56,65.47,30.77,2.25,2.23,1.02,1.0,0.21,0.08,0.24
2022-07-22,Complet - avec 3 rappels entre 3 et 6 mois ou plus,8.78,3.21,3.31,2.15,0.18,0.0,0.0,0.0,0.0,0.0,0.0
2022-07-25,Non-vaccinés,27962.04,6042.58,5705.82,3143.7,186.57,141.8,23.97,19.93,19.05,12.63,
2022-07-26,Primo dose efficace,1345.83,216.15,191.25,95.33,11.49,8.69,0.63,0.38,0.52,0.25,1.08
2022-07-27,Non-vaccinés,20300.21,4003.16,3508.31,1818.05,159.42,119.49,20.86,15.55,27.13,20.19,
2022-07-27,Complet - avec 1 rappel de 6 mois ou plus,52234.58,14914.41,14559.92,8649.24,384.38,308.07,54.53,44.86,42.55,37.53,55.79
2022-07-30,Primo dose récente,44.84,1.21,3.35,0.15,0.06,0.01,0.0,0.0,0.0,0.0,0.02
2022-07-30,Complet - avec 2 rappels de 6 mois ou plus,192.52,28.42,43.86,17.32,2.28,2.15,0.0,0.0,0.0,0.0,0.26
2022-07-31,Non-vaccinés,4996.01,635.77,599.39,204.09,103.41,79.62,14.4,12.07,12.12,9.18,
2022-08-01,Primo dose récente,68.37,5.56,7.21,1.18,1.03,1.01,0.0,0.0,0.0,0.0,0.02
2022-08-02,Complet entre 3 mois et 6 mois - sans rappel,900.42,195.17,184.89,97.99,6.08,4.66,1.0,1.0,0.26,0.0,1.14
2022-08-02,Complet de 6 mois ou plus - sans rappel,19037.73,3213.12,2536.7,1311.71,83.73,66.99,12.91,9.52,10.08,8.43,21.69
2022-08-05,Complet - avec 1 rappel entre 3 mois et 6 mois,4220.94,963.61,839.25,475.92,25.97,19.64,3.84,3.5,1.99,1.41,6.86
2022-08-06,Complet - avec 1 rappel entre 3 mois et 6 mois,3151.25,486.18,489.76,246.66,18.27,12.65,1.47,0.4,2.1,1.36,6.4
2022-08-07,Complet - avec 2 rappels entre 3 mois et 6 mois,891.25,106.77,114.98,25.33,21.46,18.67,1.09,1.05,5.77,5.14,2.58
2022-08-07,Complet - avec 2 rappels de 6 mois ou plus,74.99,8.87,11.16,2.35,0.39,0.31,0.08,0.0,0.0,0.0,0.33
2022-08-08,Complet de 6 mois ou plus - sans rappel,19752.58,3362.47,2698.37,1514.47,81.37,67.73,6.67,6.38,4.01,3.29,21.89
2022-08-10,Primo dose efficace,809.95,108.32,89.24,30.58,5.62,4.71,0.26,0.24,1.37,1.26,1.07
2022-08-12,Primo dose efficace,721.63,105.83,82.66,43.65,1.96,1.29,1.01,1.01,2.56,2.26,1.07
2022-08-15,Complet - avec 2 rappels entre 3 mois et 6 mois,1212.86,147.12,133.2,44.89,34.49,21.65,7.46,6.39,3.83,2.6,2.85
2022-08-16,Complet - avec 2 rappels de moins de 3 mois,7804.1,1093.59,1032.74,553.33,38.69,32.61,2.79,2.69,2.63,1.68,7.04
2022-08-16,Complet - avec 2 rappels entre 3 mois et 6 mois,4487.8,590.03,716.08,279.96,41.17,32.6,4.14,3.89,12.19,6.48,2.88
2022-08-19,Complet de moins de 3 mois - sans rappel,179.86,35.01,21.0,14.86,1.0,1.0,0.08,0.08,0.0,0.0,0.2
2022-08-20,Complet - avec 2 rappels de 6 mois ou plus,271.85,26.39,23.65,11.48,0.38,0.2,1.14,1.0,0.18,0.01,0.44
2022-08-21,Primo dose récente,1.49,0.04,0.03,0.03,0.0,0.0,0.0,0.0,0.0,0.0,0.01
2022-08-21,Complet entre 3 mois et 6 mois - sans rappel,103.13,7.26,6.09,2.14,0.25,0.25,0.0,0.0,0.0,0.0,0.5
2022-08-22,Complet - avec 1 rappel entre 3 mois et 6 mois,2086.28,368.89,291.95,156.48,17.9,17.09,1.49,1.4,0.24,0.05,2.67
2022-08-23,Complet de 6 mois ou plus - sans rappel,11776.57,2226.17,1433.68,847.65,41.91,34.88,6.57,4.25,2.97,1.74,22.25
2022-08-24,Complet - avec 1 rappel de moins de 3 mois,850.09,117.47,74.05,30.9,1.93,1.53,0.0,0.0,0.1,0.01,1.15
2022-08-24,Complet - avec 1 rappel de 6 mois ou plus,33684.49,7306.12,5692.96,3495.61,202.99,166.04,29.76,23.82,23.49,18.83,61.73
2022-08-25,Complet - avec 1 rappel de moins de 3 mois,636.79,97.58,51.83,27.12,2.9,2.42,0.03,0.01,2.07,2.07,1.14
2022-08-27,Complet - avec 2 rappels de moins de 3 mois,5090.19,388.26,303.19,138.25,14.7,11.24,2.5,2.28,2.74,2.2,6.98
2022-08-27,Complet - avec 3 rappels entre 3 et 6 mois ou plus,7.77,0.08,0.14,0.04,0.0,0.0,0.0,0.0,0.0,0.0,0.01
2022-08-28,Primo dose récente,4.25,1.03,0.03,0.0,0.0,0.0,0.01,0.0,0.0,0.0,0.01
2022-08-28,Complet entre 3 mois et 6 mois - sans rappel,75.11,7.91,5.67,1.64,0.75,0.34,0.04,0.04,0.0,0.0,0.38
2022-08-29,Complet - avec 1 rappel entre 3 mois et 6 mois,1797.25,260.4,202.89,113.46,6.71,4.86,2.6,2.25,1.22,1.14,2.02
2022-08-30,Complet de moins de 3 mois - sans rappel,176.98,23.52,16.29,6.23,0.16,0.12,0.0,0.0,0.0,0.0,0.19
2022-08-30,Complet - avec 2 rappels de moins de 3 mois,6371.52,662.22,491.88,240.17,20.39,16.77,2.07,2.0,1.0,0.0,6.97
2022-08-31,Complet de moins de 3 mois - sans rappel,170.87,25.17,11.45,6.48,0.02,0.0,0.0,0.0,0.0,0.0,0.18
2022-09-01,Complet entre 3 mois et 6 mois - sans rappel,195.54,46.75,21.92,13.92,1.05,1.0,0.0,0.0,0.0,0.0,0.35
2022-09-02,Complet - avec 3 rappels entre 3 et 6 mois ou plus,10.44,1.25,1.26,1.14,0.0,0.0,0.0,0.0,0.0,0.0,0.01
2022-09-03,Primo dose récente,12.07,1.05,0.09,0.0,1.0,1.0,0.0,0.0,0.0,0.0,0.01
2022-09-03,Complet - avec 3 rappels entre 3 et 6 mois ou plus,10.93,3.05,3.05,2.03,0.0,0.0,0.0,0.0,0.0,0.0,0.01
2022-09-04,Complet entre 3 mois et 6 mois - sans rappel,75.32,10.65,9.14,2.15,0.0,0.0,0.04,0.04,0.02,0.02,0.32
2022-09-06,Non-vaccinés,11082.38,2372.18,1671.46,1011.45,48.82,34.1,4.42,3.74,3.03,1.66,
2022-09-06,Complet entre 3 mois et 6 mois - sans rappel,274.54,50.26,31.34,19.32,0.2,0.17,0.0,0.0,0.0,0.0,0.31
2022-09-07,Complet - avec 1 rappel entre 3 mois et 6 mois,1261.17,161.96,114.87,55.81,11.23,9.78,1.36,1.36,1.0,1.0,1.66
2022-09-08,Complet de 6 mois ou plus - sans rappel,9615.35,2076.8,1188.07,735.49,36.16,27.19,7.52,7.0,4.22,4.0,22.4
2022-09-09,Complet de 6 mois ou plus - sans rappel,10551.14,2176.19,1233.32,747.09,36.98,31.33,3.49,2.92,3.48,2.0,22.4
2022-09-10,Non-vaccinés,9842.47,1905.09,1333.48,772.91,48.55,39.16,4.02,3.83,4.31,3.32,
2022-09-10,Primo dose récente,15.79,0.0,1.05,0.0,0.0,0.0,0.0,0.0,0.0,0.0,0.01
2022-09-10,Primo dose efficace,541.32,65.12,40.43,22.97,0.65,0.17,0.0,0.0,0.06,0.0,1.06
2022-09-12,Complet - avec 2 rappels entre 3 mois et 6 mois,5948.55,603.16,563.11,274.59,27.55,22.19,4.85,4.39,1.0,1.0,3.82
2022-09-13,Primo dose récente,13.39,1.09,0.09,0.0,0.06,0.0,0.01,0.01,0.0,0.0,0.01
2022-09-13,Complet - avec 2 rappels entre 3 mois et 6 mois,4805.87,554.18,466.22,217.54,46.84,33.93,6.58,5.7,2.26,2.26,3.85
2022-09-15,Complet - avec 2 rappels de moins de 3 mois,3870.53,812.16,573.33,353.65,31.29,24.15,2.55,2.0,0.34,0.2,6.72
2022-09-17,Complet entre 3 mois et 6 mois - sans rappel,212.09,37.26,21.05,12.73,0.11,0.0,0.0,0.0,1.0,1.0,0.27
2022-09-18,Primo dose efficace,198.55,25.64,18.56,6.99,6.29,3.03,0.19,0.19,0.06,0.0,1.06
2022-09-18,Complet - avec 1 rappel entre 3 mois et 6 mois,353.0,29.73,25.09,6.3,3.99,3.15,0.16,0.08,0.25,0.0,1.53
2022-09-20,Non-vaccinés,14395.27,4915.46,2597.98,1667.88,71.58,53.95,3.85,3.06,3.95,3.95,
2022-09-21,Non-vaccinés,14365.04,4721.8,2547.75,1570.1,71.96,55.27,10.66,7.83,3.48,1.22,
2022-09-23,Primo dose efficace,662.04,189.93,103.84,57.57,4.58,4.0,1.06,1.0,0.25,0.0,1.06
2022-09-23,Complet de moins de 3 mois - sans rappel,152.98,29.6,21.43,10.67,1.03,1.0,0.0,0.0,0.0,0.0,0.15
2022-09-24,Non-vaccinés,10537.62,2740.86,1574.41,954.25,73.21,50.86,4.46,2.41,5.48,4.91,
2022-09-24,Primo dose efficace,626.98,118.3,75.18,35.87,10.06,9.3,0.0,0.0,1.38,1.31,1.06
2022-09-24,Complet de moins de 3 mois - sans rappel,127.69,14.58,14.5,6.41,0.27,0.25,0.0,0.0,0.01,0.01,0.15
2022-09-25,Primo dose efficace,230.13,32.49,18.75,6.21,1.78,1.38,0.1,0.1,1.31,1.09,1.06
2022-09-25,Complet - avec 2 rappels de 6 mois ou plus,281.18,34.22,26.8,9.3,7.8,5.69,0.04,0.0,0.25,0.25,0.97
2022-09-26,Complet - avec 1 rappel de 6 mois ou plus,79969.81,25777.56,21443.02,14793.55,352.35,279.3,33.34,26.7,10.89,9.99,62.06
2022-09-27,Primo dose efficace,905.83,261.46,140.41,82.59,5.02,4.47,0.3,0.26,0.03,0.0,1.06
2022-09-28,Complet - avec 2 rappels de moins de 3 mois,6741.31,1319.23,1142.74,652.44,57.25,42.94,2.01,1.53,2.96,2.33,6.15
2022-09-30,Complet - avec 3 rappels de moins de 3 mois,99.39,21.96,18.93,10.87,0.08,0.06,0.0,0.0,0.0,0.0,0.08
2022-10-01,Complet - avec 1 rappel entre 3 mois et 6 mois,1045.03,165.85,123.43,52.38,6.13,3.5,1.65,1.65,0.26,0.1,1.48
2022-10-01,Complet - avec 1 rappel de 6 mois ou plus,45727.37,10495.46,9188.62,5690.34,233.23,187.85,24.05,17.57,20.66,16.51,61.98
2022-10-02,Complet entre 3 mois et 6 mois - sans rappel,48.99,9.92,9.13,5.28,1.31,1.21,0.0,0.0,0.07,0.0,0.24
2022-10-02,Complet - avec 2 rappels de moins de 3 mois,1538.43,189.98,167.91,69.27,31.01,22.16,7.67,6.95,2.5,2.0,5.67
2022-10-02,Complet - avec 3 rappels entre 3 et 6 mois ou plus,11.48,1.07,0.22,0.05,0.0,0.0,0.0,0.0,0.0,0.0,0.02
2022-10-03,Primo dose efficace,1057.35,270.44,192.64,109.82,7.44,6.91,1.0,1.0,0.0,0.0,1.06
2022-10-03,Complet entre 3 mois et 6 mois - sans rappel,322.23,92.22,79.78,43.89,4.11,3.3,0.0,0.0,0.0,0.0,0.24
2022-10-04,Complet - avec 1 rappel de 6 mois ou plus,67910.95,23132.25,18554.25,12450.51,421.01,329.4,48.18,38.76,23.65,20.33,61.97
2022-10-05,Complet - avec 1 rappel entre 3 mois et 6 mois,1612.95,390.52,284.97,147.47,12.46,10.92,2.15,2.05,2.34,2.0,1.49
2022-10-06,Non-vaccinés,12013.25,4664.81,2471.48,1578.17,134.07,106.67,10.09,8.47,11.25,7.85,
2022-10-06,Complet - avec 3 rappels de moins de 3 mois,76.83,26.08,23.17,14.08,0.3,0.28,1.0,1.0,0.0,0.0,0.08
2022-10-07,Complet - avec 1 rappel entre 3 mois et 6 mois,1400.33,377.28,264.79,145.32,18.17,14.56,0.24,0.03,1.47,1.25,1.49
2022-10-07,Complet - avec 2 rappels de moins de 3 mois,5767.49,1494.42,1261.41,756.28,56.64,44.49,6.17,4.2,2.77,2.0,4.96
2022-10-07,Complet - avec 2 rappels de 6 mois ou plus,1982.68,496.01,538.99,277.6,32.47,27.73,2.0,2.0,1.68,1.0,1.46
2022-10-07,Complet - avec 3 rappels de moins de 3 mois,95.64,23.18,16.55,7.04,2.11,1.11,0.25,0.25,0.0,0.0,0.08
2022-10-09,Non-vaccinés,3495.88,767.49,422.54,148.76,78.19,57.85,7.14,5.76,9.52,7.6,
2022-10-09,Complet - avec 1 rappel de 6 mois ou plus,11698.11,2149.89,2222.2,1016.08,276.24,209.77,28.32,21.49,19.84,16.6,61.91
2022-10-10,Complet - avec 1 rappel entre 3 mois et 6 mois,2314.16,552.46,453.66,236.67,13.69,9.64,3.36,3.02,1.15,1.12,1.49
2022-10-12,Primo dose récente,12.02,0.09,2.25,0.07,1.0,1.0,0.0,0.0,0.0,0.0,0.01
2022-10-13,Complet entre 3 mois et 6 mois - sans rappel,207.11,61.26,42.88,26.44,2.46,1.34,0.25,0.25,0.0,0.0,0.23
2022-10-14,Complet - avec 2 rappels entre 3 mois et 6 mois,8473.06,2226.41,2263.21,1198.28,125.01,94.92,16.12,13.02,6.98,4.2,6.17
2022-10-15,Complet - avec 1 rappel entre 3 mois et 6 mois,1134.68,210.64,158.01,75.8,6.16,4.55,2.71,2.46,0.19,0.11,1.48
2022-10-21,Complet - avec 2 rappels entre 3 mois et 6 mois,7694.11,2029.34,2019.79,1067.56,112.08,87.37,10.13,7.07,9.47,6.64,6.75
2022-10-21,Complet - avec 2 rappels de 6 mois ou plus,2601.81,611.14,648.01,302.6,65.69,54.04,3.15,2.53,2.87,1.67,2.07
2022-10-21,Complet - avec 3 rappels entre 3 et 6 mois ou plus,59.97,17.05,15.53,7.62,0.55,0.32,1.0,1.0,0.06,0.0,0.03
2022-10-22,Complet - avec 3 rappels entre 3 et 6 mois ou plus,45.49,4.59,2.82,1.28,1.15,1.13,0.1,0.0,0.06,0.0,0.04
2022-10-23,Complet de moins de 3 mois - sans rappel,27.45,1.97,3.4,0.13,0.18,0.15,0.0,0.0,0.0,0.0,0.1
2022-10-23,Complet - avec 3 rappels de moins de 3 mois,24.61,3.33,2.5,1.05,0.17,0.15,0.0,0.0,0.0,0.0,0.13
2022-10-23,Complet - avec 3 rappels entre 3 et 6 mois ou plus,21.0,4.29,2.56,1.1,0.23,0.23,0.0,0.0,0.0,0.0,0.04
2022-10-24,Complet entre 3 mois et 6 mois - sans rappel,321.53,59.32,52.31,29.72,1.29,1.18,0.04,0.01,0.0,0.0,0.23
2022-10-24,Complet - avec 1 rappel entre 3 mois et 6 mois,1841.87,383.68,309.76,161.37,17.11,15.2,1.14,1.13,1.13,0.0,1.47
2022-10-24,Complet - avec 2 rappels entre 3 mois et 6 mois,12452.63,2471.8,2693.7,1409.17,115.0,86.8,10.31,8.12,5.55,3.96,6.88
2022-10-25,Complet de 6 mois ou plus - sans rappel,14990.26,3672.41,2275.72,1348.03,87.47,65.33,11.77,10.09,3.62,2.01,22.4
2022-10-26,Primo dose récente,25.79,3.09,1.05,0.0,0.0,0.0,0.0,0.0,0.0,0.0,0.01
2022-10-26,Complet - avec 1 rappel de 6 mois ou plus,45536.95,13490.14,10109.71,6418.34,296.85,229.4,44.38,36.09,34.39,27.04,61.49
2022-10-26,Complet - avec 3 rappels de moins de 3 mois,150.06,25.97,24.25,9.68,2.15,2.11,0.0,0.0,0.0,0.0,0.15
2022-10-27,Complet - avec 1 rappel de 6 mois ou plus,16655.98,4573.91,3619.55,2088.43,319.35,232.8,44.93,34.89,19.91,14.7,61.44
2022-10-28,Complet - avec 1 rappel entre 3 mois et 6 mois,451.02,95.67,84.81,40.94,4.48,3.59,1.66,1.17,1.12,1.0,1.45
2022-10-28,Complet - avec 1 rappel de 6 mois ou plus,14628.24,3705.86,3016.75,1658.41,278.81,206.89,35.02,29.54,34.01,26.02,61.37
2022-10-28,Complet - avec 2 rappels de moins de 3 mois,1191.32,249.86,162.98,72.79,22.09,17.07,0.36,0.04,1.74,1.12,3.31
2022-10-29,Complet de moins de 3 mois - sans rappel,23.08,4.26,1.46,0.07,0.11,0.0,0.0,0.0,1.0,1.0,0.09
2022-10-29,Complet - avec 2 rappels entre 3 mois et 6 mois,1935.49,341.78,316.02,132.46,51.35,35.15,8.19,6.33,4.87,4.08,7.17
2022-10-29,Complet - avec 2 rappels de 6 mois ou plus,824.0,154.11,149.37,62.74,34.01,21.98,4.1,2.5,9.98,9.28,2.4
2022-10-30,Complet - avec 2 rappels de moins de 3 mois,592.06,80.82,56.59,11.05,18.92,14.62,1.62,1.58,2.51,2.17,3.29
2022-10-30,Complet - avec 2 rappels de 6 mois ou plus,653.7,95.45,86.07,25.28,30.85,22.79,2.21,2.08,4.03,3.49,2.41
2022-10-31,Non-vaccinés,5763.2,1315.44,660.48,273.39,89.83,62.85,12.01,10.86,7.86,5.49,
2022-10-31,Complet - avec 3 rappels entre 3 et 6 mois ou plus,51.06,6.93,11.18,6.51,0.02,0.0,0.0,0.0,2.02,2.0,0.04
2022-11-01,Primo dose récente,2.64,0.0,0.08,0.0,0.0,0.0,0.0,0.0,0.0,0.0,0.01
2022-11-01,Primo dose efficace,198.77,30.61,15.56,2.42,2.11,2.05,0.04,0.04,1.27,1.2,1.05
2022-11-01,Complet - avec 2 rappels de 6 mois ou plus,814.46,101.7,116.25,27.41,40.97,30.8,2.16,1.85,4.28,1.85,2.44
2022-11-02,Complet - avec 2 rappels de 6 mois ou plus,3833.6,675.13,664.52,302.26,48.83,41.92,4.81,3.63,3.04,1.41,2.48
2022-11-04,Primo dose récente,5.86,2.18,2.23,1.18,0.0,0.0,0.0,0.0,0.0,0.0,0.01
2022-11-05,Primo dose efficace,471.71,63.26,41.41,17.63,0.84,0.68,1.03,1.0,0.02,0.0,1.05
2022-11-07,Complet - avec 2 rappels de 6 mois ou plus,4987.59,725.93,792.57,328.11,52.21,43.33,3.53,0.88,5.72,4.0,2.63
2022-11-08,Non-vaccinés,9604.47,2370.32,1175.74,641.04,85.76,62.08,11.36,10.28,12.58,10.4,
2022-11-08,Complet - avec 1 rappel de moins de 3 mois,374.08,60.95,25.92,9.29,0.9,0.27,1.25,1.25,1.02,1.0,0.38
2022-11-09,Complet - avec 2 rappels entre 3 mois et 6 mois,5403.32,1317.57,1087.39,539.21,90.33,71.64,11.1,10.25,9.42,7.83,7.28
2022-11-09,Complet - avec 3 rappels de moins de 3 mois,255.25,49.62,47.6,23.5,2.32,1.26,0.05,0.05,0.0,0.0,0.33
2022-11-10,Non-vaccinés,6780.95,2213.27,1067.93,642.59,79.59,57.41,6.43,4.72,10.42,7.25,
2022-11-10,Complet entre 3 mois et 6 mois - sans rappel,119.26,28.25,24.41,9.86,0.15,0.11,0.12,0.12,0.0,0.0,0.2
2022-11-11,Complet - avec 1 rappel entre 3 mois et 6 mois,218.5,27.25,23.2,13.13,4.63,2.88,0.0,0.0,1.26,1.26,1.3
2022-11-12,Complet de moins de 3 mois - sans rappel,94.81,11.33,4.76,2.37,1.0,1.0,0.03,0.0,0.0,0.0,0.09
2022-11-13,Complet entre 3 mois et 6 mois - sans rappel,41.81,6.05,5.92,1.17,1.26,1.2,0.0,0.0,0.16,0.12,0.19
2022-11-14,Primo dose récente,10.02,1.93,0.03,0.0,0.0,0.0,0.0,0.0,0.0,0.0,0.01
2022-11-14,Complet de moins de 3 mois - sans rappel,70.04,8.42,9.05,5.08,0.0,0.0,0.0,0.0,0.0,0.0,0.09
2022-11-14,Complet de 6 mois ou plus - sans rappel,8947.64,1429.3,1161.31,623.97,60.38,50.17,8.47,7.48,7.14,3.23,22.38
2022-11-14,Complet - avec 1 rappel de moins de 3 mois,352.23,30.35,29.26,7.66,1.88,1.17,0.04,0.0,0.1,0.0,0.37
2022-11-16,Complet de moins de 3 mois - sans rappel,60.14,8.88,8.91,2.34,0.0,0.0,0.0,0.0,0.0,0.0,0.09
2022-11-16,Complet - avec 2 rappels entre 3 mois et 6 mois,4951.14,580.9,572.69,223.77,85.53,62.73,9.89,8.13,3.42,1.65,7.15
2022-11-16,Complet - avec 3 rappels de moins de 3 mois,388.39,34.36,26.03,8.89,5.11,3.88,1.21,1.15,0.0,0.0,0.46
2022-11-17,Primo dose récente,7.26,1.14,0.11,0.07,0.0,0.0,0.0,0.0,0.0,0.0,0.01
2022-11-18,Primo dose efficace,496.82,135.02,81.93,41.95,6.92,6.34,0.0,0.0,0.29,0.09,1.04
2022-11-18,Complet entre 3 mois et 6 mois - sans rappel,128.59,32.24,23.49,11.03,0.01,0.0,0.0,0.0,0.31,0.24,0.19
2022-11-19,Complet - avec 2 rappels de 6 mois ou plus,3215.18,349.37,373.99,138.26,49.35,37.93,4.38,2.78,8.28,7.89,3.1
2022-11-20,Primo dose récente,3.13,0.01,0.0,0.0,0.0,0.0,0.0,0.0,0.0,0.0,0.01
2022-11-21,Complet - avec 1 rappel de moins de 3 mois,577.37,97.46,69.27,38.65,3.41,3.03,1.0,1.0,0.04,0.0,0.36
2022-11-21,Complet - avec 2 rappels entre 3 mois et 6 mois,11824.25,1809.59,1906.58,967.65,97.5,75.16,12.07,9.45,8.16,7.87,7.08
2022-11-22,Complet - avec 1 rappel entre 3 mois et 6 mois,1058.22,271.6,165.33,98.64,9.42,8.09,1.01,1.01,1.05,1.0,1.18
2022-11-23,Non-vaccinés,12941.91,4506.67,2076.62,1231.2,100.72,83.52,12.8,11.38,12.5,11.38,
2022-11-23,Primo dose récente,8.65,1.06,1.08,1.01,0.0,0.0,0.0,0.0,0.0,0.0,0.01
2022-11-23,Complet - avec 1 rappel de 6 mois ou plus,46746.13,14483.83,11241.19,7439.35,354.63,283.4,38.8,36.97,29.51,20.9,60.55
2022-11-24,Complet - avec 3 rappels entre 3 et 6 mois ou plus,78.23,14.62,24.3,10.66,0.93,0.21,0.0,0.0,0.0,0.0,0.06
2022-11-25,Primo dose récente,12.47,2.04,1.15,0.02,0.0,0.0,0.0,0.0,0.0,0.0,0.01
2022-11-25,Complet - avec 1 rappel de moins de 3 mois,283.51,50.94,34.81,15.44,1.37,1.02,0.04,0.0,0.0,0.0,0.36
2022-11-26,Complet - avec 2 rappels entre 3 mois et 6 mois,7371.02,974.15,1012.37,512.16,83.68,68.05,5.46,3.8,9.12,6.24,7.07
2022-11-27,Complet - avec 2 rappels de 6 mois ou plus,1307.54,200.2,225.72,79.43,67.69,54.93,4.72,3.14,5.24,4.33,3.21
2022-11-28,Complet de 6 mois ou plus - sans rappel,21316.78,8434.58,5898.46,4150.68,94.01,78.49,15.84,13.52,10.3,8.53,22.36
2022-11-29,Complet de 6 mois ou plus - sans rappel,16797.13,6630.88,4167.96,2839.96,107.56,84.56,9.7,8.27,4.77,4.11,22.36
2022-11-29,Complet - avec 3 rappels entre 3 et 6 mois ou plus,118.08,27.68,18.52,9.16,3.0,2.21,0.04,0.0,2.08,1.0,0.07
2022-11-30,Complet - avec 2 rappels entre 3 mois et 6 mois,9158.72,2190.1,2073.62,1164.76,117.26,90.5,10.65,8.87,13.54,11.95,7.03
2022-12-01,Complet - avec 2 rappels de moins de 3 mois,1969.4,387.11,257.99,119.4,30.63,22.53,1.87,1.34,3.97,2.46,3.53
2022-12-03,Complet de moins de 3 mois - sans rappel,28.46,3.09,0.74,0.16,1.07,1.07,0.0,0.0,0.0,0.0,0.08
2022-12-03,Complet - avec 2 rappels entre 3 mois et 6 mois,4807.45,535.46,635.64,247.3,77.29,56.98,12.21,9.88,6.58,4.7,6.96
2022-12-04,Complet - avec 3 rappels de moins de 3 mois,302.22,50.49,38.69,10.7,5.58,3.52,0.02,0.01,1.03,1.0,0.8
2022-12-04,Complet - avec 3 rappels entre 3 et 6 mois ou plus,29.4,4.72,2.89,0.22,0.34,0.19,0.13,0.0,0.0,0.0,0.07
2022-12-08,Primo dose efficace,701.54,247.9,159.19,88.62,13.91,9.93,0.01,0.01,1.22,0.06,1.04
2022-12-12,Complet de moins de 3 mois - sans rappel,169.33,41.09,19.65,7.71,1.21,1.2,0.0,0.0,0.0,0.0,0.08
2022-12-15,Primo dose efficace,683.7,223.63,122.24,68.26,10.52,8.31,1.01,1.01,0.06,0.06,1.04
2022-12-16,Primo dose efficace,655.12,226.18,101.79,61.22,7.36,4.88,0.24,0.24,0.14,0.14,1.04
2022-12-17,Primo dose récente,13.8,0.05,1.11,0.0,1.04,1.0,0.0,0.0,0.0,0.0,0.01
2022-12-17,Complet de 6 mois ou plus - sans rappel,11695.32,3084.92,1652.12,913.87,57.28,43.77,7.86,5.86,10.33,7.24,22.31
2022-12-17,Complet - avec 3 rappels entre 3 et 6 mois ou plus,79.4,20.49,12.43,5.89,4.07,3.06,0.0,0.0,0.0,0.0,0.08
2022-12-21,Complet de 6 mois ou plus - sans rappel,14428.41,6379.38,2556.93,1614.67,112.77,93.67,9.57,8.13,9.81,7.1,22.3
2022-12-26,Primo dose récente,13.35,1.21,0.22,0.08,0.08,0.08,0.0,0.0,0.0,0.0,0.01
2022-12-27,Primo dose efficace,477.72,125.4,69.55,35.75,6.53,5.9,0.1,0.04,0.1,0.1,1.03
2022-12-27,Complet - avec 1 rappel de moins de 3 mois,413.44,115.59,51.96,22.96,3.65,3.29,2.0,1.0,0.03,0.0,0.4
2022-12-27,Complet - avec 1 rappel de 6 mois ou plus,31601.59,12405.46,6596.22,4024.6,334.12,268.99,46.2,38.23,41.43,29.8,58.13
2022-12-27,Complet - avec 2 rappels de moins de 3 mois,3941.6,1232.22,517.21,254.44,32.18,24.08,5.44,3.89,3.29,2.1,5.19
2022-12-28,Complet - avec 1 rappel de 6 mois ou plus,29062.67,11830.53,6022.08,3634.2,335.9,251.49,38.01,31.18,49.43,41.31,57.99
2022-12-29,Complet - avec 1 rappel entre 3 mois et 6 mois,500.68,159.15,88.75,38.79,3.91,3.42,1.24,1.17,2.25,2.2,0.81
2022-12-29,Complet - avec 2 rappels de moins de 3 mois,3508.55,1284.09,422.02,241.02,28.44,19.02,1.46,1.25,4.46,4.28,5.37
2022-12-29,Complet - avec 2 rappels de 6 mois ou plus,3721.07,1176.6,797.6,351.11,76.91,58.06,18.12,15.14,12.75,11.07,3.91
2022-12-31,Complet entre 3 mois et 6 mois - sans rappel,56.55,8.35,5.24,1.54,0.14,0.14,0.0,0.0,0.0,0.0,0.13
2022-12-31,Complet - avec 1 rappel de moins de 3 mois,271.91,43.42,17.32,7.06,2.55,2.2,0.0,0.0,0.35,0.07,0.41
2022-12-31,Complet - avec 2 rappels de moins de 3 mois,3696.11,630.33,274.52,112.57,19.15,13.36,4.12,3.05,5.96,4.89,5.42
2023-01-01,Complet de moins de 3 mois - sans rappel,16.59,4.17,0.23,0.01,0.0,0.0,0.0,0.0,0.0,0.0,0.08
2023-01-05,Complet - avec 2 rappels de moins de 3 mois,2545.51,667.3,168.77,69.53,29.16,19.46,0.69,0.55,3.26,0.65,5.47
2023-01-05,Complet - avec 2 rappels de 6 mois ou plus,2984.76,734.79,385.59,149.3,65.97,43.66,15.1,13.1,15.04,10.5,4.76
2023-01-06,Complet - avec 1 rappel de 6 mois ou plus,20921.99,5187.99,1906.66,918.85,185.43,139.81,23.4,16.83,38.48,30.09,57.74
2023-01-07,Complet de moins de 3 mois - sans rappel,58.63,1.64,2.33,0.08,0.15,0.09,0.0,0.0,0.02,0.01,0.08
2023-01-08,Complet - avec 2 rappels de 6 mois ou plus,1485.68,195.31,132.61,26.97,36.87,28.9,8.34,4.78,9.99,4.94,5.25
2023-01-12,Complet - avec 1 rappel entre 3 mois et 6 mois,257.06,68.69,27.33,11.31,3.59,3.31,0.01,0.01,2.0,1.0,0.57
2023-01-14,Complet entre 3 mois et 6 mois - sans rappel,48.87,3.3,0.57,0.01,0.02,0.0,0.0,0.0,0.07,0.02,0.11
2023-01-15,Complet de 6 mois ou plus - sans rappel,2073.45,254.33,90.26,31.95,18.94,14.77,1.4,1.0,2.81,2.39,22.24
2023-01-16,Non-vaccinés,10360.29,1990.31,490.23,234.08,47.28,35.16,8.49,6.05,14.23,11.9,
2023-01-17,Complet - avec 2 rappels de 6 mois ou plus,6170.32,522.37,322.75,79.0,50.95,40.72,4.92,3.28,15.95,14.46,5.85
2023-01-18,Complet - avec 1 rappel de moins de 3 mois,358.95,42.75,10.73,5.88,0.34,0.28,1.06,1.01,0.0,0.0,0.4
2023-01-19,Primo dose récente,5.43,0.69,0.14,0.0,0.0,0.0,0.0,0.0,0.0,0.0,0.01
2023-01-19,Complet - avec 2 rappels de 6 mois ou plus,3050.36,479.38,228.22,75.28,38.55,30.17,5.76,4.08,8.93,8.12,6.06
2023-01-20,Complet de 6 mois ou plus - sans rappel,5495.57,1005.77,267.88,143.01,17.22,14.11,1.86,1.76,2.59,1.29,22.24
2023-01-21,Primo dose efficace,353.82,34.52,13.46,3.44,1.17,1.09,0.0,0.0,0.0,0.0,1.03
2023-01-23,Complet - avec 2 rappels de 6 mois ou plus,8315.71,560.17,350.94,100.49,46.26,40.31,4.93,4.28,8.22,6.64,6.28
2023-01-26,Primo dose efficace,323.77,60.12,19.14,8.02,2.52,2.42,0.01,0.0,0.0,0.0,1.03
2023-01-28,Complet - avec 3 rappels de moins de 3 mois,2331.44,112.23,49.63,13.08,6.22,4.03,0.2,0.0,2.2,2.2,2.86
2023-01-28,Complet - avec 3 rappels entre 3 et 6 mois ou plus,285.23,18.34,10.58,1.17,0.1,0.1,0.0,0.0,0.0,0.0,0.36
2023-01-30,Complet - avec 3 rappels de moins de 3 mois,3625.84,220.39,82.78,27.21,9.76,5.03,2.5,2.42,3.14,3.14,2.87
2023-01-31,Complet - avec 1 rappel entre 3 mois et 6 mois,284.17,45.55,12.08,6.22,2.59,0.34,0.0,0.0,1.0,1.0,0.42
2023-02-02,Complet de moins de 3 mois - sans rappel,,,,,2.0,,0.0,,0.0,,0.07
2023-02-02,Complet - avec 1 rappel entre 3 mois et 6 mois,,,,,0.26,,0.0,,0.0,,0.4
2023-02-04,Complet - avec 3 rappels de moins de 3 mois,,,,,9.2,,0.0,,2.14,,3.0
2023-02-04,Complet - avec 3 rappels entre 3 et 6 mois ou plus,,,,,1.17,,0.1,,0.14,,0.45
2023-02-05,Complet - avec 2 rappels entre 3 mois et 6 mois,,,,,7.37,,1.36,,1.17,,3.44
2023-02-05,Complet - avec 3 rappels entre 3 et 6 mois ou plus,,,,,0.16,,0.01,,0.0,,0.45
2023-02-07,Complet - avec 3 rappels entre 3 et 6 mois ou plus,,,,,2.68,,0.02,,0.0,,0.47
2023-02-08,Complet - avec 3 rappels de moins de 3 mois,,,,,11.77,,1.67,,1.01,,3.01
2023-02-10,Complet de 6 mois ou plus - sans rappel,,,,,17.02,,2.25,,2.4,,22.22
2023-02-11,Primo dose récente,,,,,0.0,,0.0,,0.0,,0.01
2023-02-12,Complet - avec 2 rappels de 6 mois ou plus,,,,,14.81,,4.3,,1.16,,6.94
2023-02-13,Complet - avec 1 rappel de moins de 3 mois,,,,,0.64,,0.01,,0.34,,0.36
2023-02-15,Primo dose récente,,,,,0.0,,0.0,,0.0,,0.01
2023-02-15,Complet - avec 3 rappels entre 3 et 6 mois ou plus,,,,,2.05,,0.08,,0.14,,0.62
2023-02-17,Complet - avec 1 rappel de 6 mois ou plus,16083.23,2466.36,891.79,414.5,85.05,61.99,12.26,7.77,8.41,6.14,56.87
2023-02-19,Complet - avec 1 rappel de moins de 3 mois,60.26,4.9,1.4,0.0,0.0,0.0,0.28,0.28,0.0,0.0,0.34
2023-02-19,Complet - avec 2 rappels de moins de 3 mois,713.49,82.27,22.56,6.17,4.72,3.08,0.09,0.09,0.17,0.07,4.61
2023-02-21,Non-vaccinés,6235.29,1046.31,211.66,82.18,28.57,21.02,3.6,3.1,1.82,0.29,
2023-02-21,Complet - avec 2 rappels de 6 mois ou plus,5485.62,512.19,309.04,96.18,43.73,31.55,4.5,2.5,8.56,6.17,7.02
2023-02-22,Complet - avec 2 rappels entre 3 mois et 6 mois,2193.01,212.86,87.75,38.77,11.39,9.09,1.07,1.0,1.0,0.0,3.68
2023-02-23,Complet - avec 3 rappels entre 3 et 6 mois ou plus,376.61,59.41,28.21,11.31,3.88,2.45,0.19,0.14,1.0,0.0,0.79
2023-02-24,Complet - avec 2 rappels entre 3 mois et 6 mois,1967.34,230.96,90.77,40.48,11.54,8.52,0.09,0.03,0.06,0.0,3.73
2023-02-26,Complet - avec 1 rappel de 6 mois ou plus,5013.23,521.45,223.48,58.11,38.19,26.86,5.75,4.75,4.66,3.93,56.84
2023-02-27,Complet de 6 mois ou plus - sans rappel,8108.27,864.9,350.17,166.83,27.85,21.64,2.37,2.37,1.83,0.63,22.22
2023-02-28,Non-vaccinés,5909.94,927.79,212.82,78.33,18.75,12.94,3.21,1.36,2.0,2.0,
2023-02-28,Complet - avec 3 rappels de moins de 3 mois,2249.47,144.61,85.44,22.17,10.73,5.81,0.43,0.38,5.0,3.0,2.96
2023-03-02,Complet - avec 3 rappels entre 3 et 6 mois ou plus,464.63,63.86,47.05,16.0,5.23,1.65,0.04,0.03,2.0,1.0,0.96
2023-03-03,Complet entre 3 mois et 6 mois - sans rappel,31.67,3.86,5.16,1.0,0.03,0.03,0.0,0.0,0.0,0.0,0.08
2023-03-05,Complet - avec 1 rappel de 6 mois ou plus,4903.64,493.86,317.48,71.84,69.56,53.87,13.44,10.9,3.58,2.67,56.84
2023-03-06,Complet de 6 mois ou plus - sans rappel,7680.35,891.16,427.86,206.26,36.26,25.13,2.24,1.55,2.18,2.0,22.22
2023-03-06,Complet - avec 1 rappel de moins de 3 mois,258.12,18.66,8.24,3.28,1.2,1.2,0.0,0.0,0.0,0.0,0.3
2023-03-07,Complet de moins de 3 mois - sans rappel,38.98,8.96,2.23,0.05,0.0,0.0,0.17,0.0,0.0,0.0,0.06
2023-03-07,Complet entre 3 mois et 6 mois - sans rappel,39.05,4.47,3.31,2.0,1.26,1.14,0.0,0.0,0.0,0.0,0.08
2023-03-07,Complet - avec 1 rappel de moins de 3 mois,228.42,24.34,7.61,6.74,0.14,0.14,0.0,0.0,0.0,0.0,0.3
2023-03-08,Complet de 6 mois ou plus - sans rappel,5689.27,782.28,370.01,163.09,24.21,16.56,0.36,0.36,3.08,1.0,22.22
2023-03-09,Primo dose récente,2.18,0.0,0.03,0.0,0.0,0.0,0.0,0.0,0.0,0.0,0.0
2023-03-10,Complet - avec 1 rappel de moins de 3 mois,138.43,20.59,16.39,3.56,1.2,1.2,0.11,0.11,0.0,0.0,0.28
2023-03-10,Complet - avec 2 rappels entre 3 mois et 6 mois,1998.67,238.52,129.33,46.08,11.88,7.29,3.03,3.0,1.88,1.39,4.36
2023-03-12,Complet - avec 2 rappels entre 3 mois et 6 mois,649.36,87.76,43.55,17.15,12.14,9.49,0.6,0.43,1.29,0.0,4.55
2023-03-15,Complet de moins de 3 mois - sans rappel,29.14,1.67,1.09,0.0,1.02,1.0,0.0,0.0,0.0,0.0,0.06
2023-03-17,Complet entre 3 mois et 6 mois - sans rappel,37.42,8.05,4.42,0.16,1.03,1.0,0.0,0.0,0.0,0.0,0.08
2023-03-18,Complet - avec 3 rappels de moins de 3 mois,1145.77,89.1,52.45,14.83,2.14,1.33,0.05,0.03,0.04,0.0,2.12
2023-03-19,Complet - avec 1 rappel de moins de 3 mois,21.3,3.72,2.44,1.08,0.0,0.0,0.0,0.0,0.0,0.0,0.21
2023-03-20,Complet de moins de 3 mois - sans rappel,38.76,9.34,6.45,2.12,1.05,1.04,0.0,0.0,0.01,0.0,0.05
2023-03-21,Complet de moins de 3 mois - sans rappel,21.76,4.3,1.45,0.1,0.25,0.25,0.0,0.0,0.0,0.0,0.05
2023-03-21,Complet - avec 2 rappels entre 3 mois et 6 mois,3035.55,355.95,271.46,115.28,29.57,25.51,2.62,2.0,1.38,1.0,5.38
2023-05-10,Complet - avec 2 rappels de 6 mois ou plus,3134.7,572.24,331.15,153.24,41.24,28.22,5.65,2.22,3.4,3.29,9.61
2023-05-17,Primo dose efficace,98.71,32.2,13.53,6.6,1.11,1.07,0.0,0.0,0.0,0.0,1.03
2023-05-18,Complet - avec 2 rappels entre 3 mois et 6 mois,260.91,60.44,24.56,10.99,6.5,4.07,0.22,0.22,0.14,0.14,4.8
2023-05-18,Complet - avec 3 rappels entre 3 et 6 mois ou plus,382.46,75.72,37.64,14.3,9.68,7.05,1.0,1.0,1.14,0.14,3.77
2023-05-20,Primo dose efficace,115.52,15.68,8.18,3.51,0.42,0.05,0.0,0.0,1.15,1.0,1.03
2023-05-23,Non-vaccinés,2520.68,552.5,224.9,110.78,15.11,10.19,2.36,2.07,2.8,2.0,
2023-05-23,Primo dose récente,0.05,0.0,0.0,0.0,0.0,0.0,0.0,0.0,0.0,0.0,0.0
2023-05-24,Complet - avec 2 rappels de moins de 3 mois,49.6,12.09,5.27,2.16,0.13,0.12,0.0,0.0,0.0,0.0,0.18
2023-05-25,Primo dose récente,0.0,0.0,0.0,0.0,0.0,0.0,0.0,0.0,0.0,0.0,0.0
2023-05-25,Complet de 6 mois ou plus - sans rappel,1531.42,486.76,181.68,119.13,12.07,9.35,3.89,2.49,1.25,1.0,22.27
2023-05-26,Primo dose efficace,78.95,12.51,11.64,0.5,3.0,3.0,0.04,0.0,0.06,0.06,1.03
2023-05-28,Primo dose récente,0.02,0.0,0.0,0.0,0.0,0.0,0.0,0.0,0.0,0.0,0.0
2023-05-30,Complet de 6 mois ou plus - sans rappel,2959.03,589.66,269.52,147.79,11.28,6.11,2.62,1.99,0.0,0.0,22.28
2023-06-04,Non-vaccinés,692.26,164.56,45.62,15.85,10.18,5.4,1.1,0.5,1.0,1.0,
2023-06-05,Complet - avec 1 rappel de 6 mois ou plus,8603.84,1637.6,677.54,382.88,36.66,26.62,4.52,3.52,3.95,3.0,57.1
2023-06-05,Complet - avec 3 rappels entre 3 et 6 mois ou plus,1405.66,222.51,128.27,70.28,5.84,3.59,1.0,1.0,1.23,1.0,3.93
2023-06-06,Primo dose récente,0.72,0.0,0.0,0.0,0.0,0.0,0.0,0.0,0.0,0.0,0.0
2021-11-15,Complet - avec 1 rappel entre 3 mois et 6 mois,1.3,0.11,0.21,0.11,0.0,0.0,0.0,0.0,0.0,0.0,0.0
2021-11-25,Non-vaccinés,77247.92,16745.78,9377.33,4578.3,270.37,207.51,91.18,78.12,26.09,21.08,
2021-11-26,Non-vaccinés,88083.31,16970.04,10456.59,4614.38,271.91,212.79,69.12,57.86,20.54,18.01,
2021-11-27,Primo dose récente,854.17,109.16,83.63,46.94,1.41,1.25,0.26,0.06,0.0,0.0,0.53
2021-11-28,Complet entre 3 mois et 6 mois - sans rappel,18472.93,2370.68,1695.03,694.39,111.72,88.34,30.11,24.04,17.26,13.97,59.65
2021-11-30,Complet - avec 2 rappels de moins de 3 mois,32.78,1.66,2.57,0.1,0.0,0.0,0.0,0.0,0.0,0.0,0.01
2021-11-30,Complet - avec 3 rappels de moins de 3 mois,0.0,0.0,0.0,0.0,0.0,0.0,0.0,0.0,0.0,0.0,0.0
2021-12-03,Complet - avec 2 rappels de moins de 3 mois,26.03,3.57,0.16,0.06,0.0,0.0,0.0,0.0,0.0,0.0,0.01
2021-12-04,Complet - avec 3 rappels de moins de 3 mois,0.0,0.0,0.0,0.0,0.0,0.0,0.0,0.0,0.0,0.0,0.0
2021-12-06,Complet - avec 2 rappels entre 3 mois et 6 mois,0.0,0.0,0.0,0.0,0.0,0.0,0.0,0.0,0.0,0.0,0.0
2021-12-07,Complet de moins de 3 mois - sans rappel,24107.47,5062.7,2053.61,997.26,46.93,34.28,10.63,9.69,1.31,0.27,10.1
2021-12-08,Non-vaccinés,94382.15,21932.58,15821.76,7368.34,489.48,384.64,141.99,115.29,61.4,54.73,
2021-12-09,Non-vaccinés,97337.36,21815.72,16116.71,7421.89,474.72,367.36,149.92,122.62,48.92,37.43,
2021-12-13,Complet - avec 1 rappel de 6 mois ou plus,0.0,0.0,0.0,0.0,0.0,0.0,0.0,0.0,0.0,0.0,0.0
2021-12-15,Complet - avec 1 rappel de moins de 3 mois,60414.4,6778.56,2175.97,685.67,92.79,68.78,21.48,15.19,13.07,10.99,21.91
2021-08-28,Primo dose efficace,25017.75,950.63,520.48,194.3,29.53,21.86,2.62,0.92,5.93,3.62,12.53
2021-08-31,Non-vaccinés,71455.97,8936.06,8434.42,3560.99,384.61,270.42,91.82,67.17,53.05,36.36,
2021-09-01,Complet entre 3 mois et 6 mois - sans rappel,26362.97,2637.5,964.08,395.6,61.3,46.39,11.55,8.76,14.32,12.71,22.06
2021-09-12,Primo dose récente,1057.86,65.54,29.43,12.14,7.85,3.84,1.78,0.58,0.0,0.0,2.18
2021-09-12,Complet de moins de 3 mois - sans rappel,12015.43,1060.65,289.57,102.18,34.48,23.88,6.75,4.04,6.35,4.4,59.08
2021-09-26,Complet - avec 2 rappels de moins de 3 mois,0.0,0.0,0.0,0.0,0.0,0.0,0.0,0.0,0.0,0.0,0.0
2021-10-02,Primo dose efficace,7506.89,372.07,70.18,21.14,7.34,4.57,1.29,0.19,4.97,4.45,4.79
2021-10-03,Primo dose efficace,1979.75,101.47,29.28,3.47,8.96,5.82,3.9,1.82,2.25,2.14,4.64
2021-10-04,Non-vaccinés,58268.28,6692.34,2475.8,1056.27,104.33,75.94,29.95,20.65,17.93,15.75,
2021-10-04,Complet - avec 1 rappel de moins de 3 mois,3879.4,196.51,31.59,3.6,0.18,0.05,0.23,0.18,1.06,1.06,1.84
2021-10-04,Complet - avec 1 rappel entre 3 mois et 6 mois,0.16,0.0,0.0,0.0,0.0,0.0,0.0,0.0,0.0,0.0,0.0
2021-10-04,Complet - avec 2 rappels de moins de 3 mois,3.9,0.07,0.0,0.0,0.0,0.0,0.0,0.0,0.0,0.0,0.0
2021-10-05,Primo dose récente,2062.1,131.7,30.15,10.11,0.78,0.4,0.67,0.32,0.01,0.01,0.87
2021-10-05,Complet de 6 mois ou plus - sans rappel,7375.47,671.28,159.1,57.31,12.94,11.31,1.49,1.08,3.04,2.19,4.66
2021-10-07,Complet - avec 2 rappels de moins de 3 mois,6.66,1.1,0.0,0.0,0.0,0.0,0.0,0.0,0.0,0.0,0.0
2021-10-09,Non-vaccinés,32831.14,2601.23,1079.7,383.1,64.69,46.63,28.45,21.26,13.58,10.18,
2021-10-12,Complet entre 3 mois et 6 mois - sans rappel,49258.42,5983.38,1225.96,585.21,53.43,44.52,7.36,3.62,6.55,3.81,46.56
2021-10-13,Primo dose efficace,6873.85,506.88,104.85,22.39,4.2,2.81,0.29,0.19,0.02,0.01,3.93
2021-10-13,Complet de moins de 3 mois - sans rappel,30944.46,4723.14,515.22,197.4,15.34,11.84,4.0,2.41,0.2,0.08,39.49
2021-10-14,Complet - avec 1 rappel entre 3 mois et 6 mois,0.21,0.0,0.05,0.0,0.0,0.0,0.0,0.0,0.0,0.0,0.0
2021-10-15,Complet de 6 mois ou plus - sans rappel,7524.71,766.17,238.5,114.9,17.77,13.75,6.19,5.24,1.32,1.28,6.1
2021-10-16,Complet entre 3 mois et 6 mois - sans rappel,37849.26,2684.08,731.28,322.84,43.89,36.26,14.74,11.04,6.06,6.06,48.92
2021-10-17,Primo dose récente,300.83,15.95,4.9,1.75,0.28,0.12,0.07,0.01,0.0,0.0,0.73
2021-10-17,Complet de moins de 3 mois - sans rappel,6524.11,437.73,97.53,41.47,9.9,7.82,4.55,3.82,1.09,1.0,36.64
2021-10-21,Non-vaccinés,41099.59,5849.95,1953.61,901.5,97.84,74.76,26.41,21.62,16.47,14.61,
2021-10-24,Complet entre 3 mois et 6 mois - sans rappel,12348.45,770.45,223.36,89.59,30.74,25.26,12.52,10.67,2.49,2.29,52.81
2021-10-24,Complet de 6 mois ou plus - sans rappel,2641.76,215.58,42.54,21.22,13.61,11.53,5.42,5.3,3.69,2.35,7.62
2021-10-25,Complet entre 3 mois et 6 mois - sans rappel,67182.79,7149.23,2232.52,1134.89,60.23,45.3,21.42,18.95,7.4,6.2,52.92
2021-10-25,Complet - avec 1 rappel de moins de 3 mois,7223.47,487.36,69.37,16.66,3.88,2.22,2.55,2.25,2.08,1.0,4.04
2021-10-26,Primo dose efficace,5406.81,516.37,99.64,42.39,5.33,2.96,3.66,2.23,1.74,1.28,3.33
2021-10-26,Complet entre 3 mois et 6 mois - sans rappel,53723.0,7367.35,1849.21,950.69,57.9,44.43,14.72,9.78,6.39,4.11,53.31
2021-10-27,Primo dose efficace,4958.79,450.19,101.84,44.1,8.45,5.89,0.27,0.22,1.24,0.73,3.3
2021-10-28,Primo dose efficace,4410.42,437.78,101.31,39.89,7.91,6.01,1.46,1.17,0.38,0.38,3.26
2021-10-28,Complet de moins de 3 mois - sans rappel,20059.36,2984.59,541.76,258.56,13.07,9.97,4.8,4.16,0.17,0.17,29.35
2021-10-29,Complet de 6 mois ou plus - sans rappel,9380.87,1298.8,441.55,182.93,30.87,24.85,7.55,7.25,7.41,6.89,8.58
2021-10-29,Complet - avec 2 rappels de moins de 3 mois,3.87,0.1,0.0,0.0,0.0,0.0,0.0,0.0,0.0,0.0,0.0
2021-10-30,Complet de moins de 3 mois - sans rappel,18622.83,1368.81,410.06,149.41,18.88,14.31,3.14,2.03,0.54,0.44,28.1
2021-10-31,Primo dose récente,270.06,7.19,6.4,2.21,0.38,0.31,0.7,0.64,0.0,0.0,0.55
2021-10-31,Complet de moins de 3 mois - sans rappel,6716.4,359.24,130.45,52.35,11.09,9.37,3.38,1.62,1.13,1.0,27.73
2021-11-03,Complet de 6 mois ou plus - sans rappel,12703.58,1766.58,648.5,329.99,45.42,35.23,8.16,6.73,7.41,7.11,9.37
2021-11-05,Complet - avec 1 rappel de moins de 3 mois,8743.85,662.21,94.52,25.42,5.97,3.52,0.14,0.0,2.21,2.21,5.79
2021-11-05,Complet - avec 1 rappel entre 3 mois et 6 mois,0.02,0.0,0.0,0.0,0.0,0.0,0.0,0.0,0.0,0.0,0.0
2021-11-06,Primo dose efficace,3962.31,274.63,83.04,35.01,7.53,6.35,1.62,1.45,2.35,1.35,3.03
2021-11-07,Primo dose efficace,1243.26,76.53,25.83,8.42,6.87,5.66,1.68,1.58,0.16,0.0,3.01
2021-11-07,Complet - avec 1 rappel de 6 mois ou plus,0.0,0.0,0.0,0.0,0.0,0.0,0.0,0.0,0.0,0.0,0.0
2021-11-08,Complet - avec 1 rappel entre 3 mois et 6 mois,0.25,0.0,0.0,0.0,0.02,0.02,0.0,0.0,0.2,0.1,0.0
2021-11-09,Complet - avec 3 rappels de moins de 3 mois,0.0,0.0,0.0,0.0,0.0,0.0,0.0,0.0,0.0,0.0,0.0
2021-11-11,Complet de moins de 3 mois - sans rappel,5557.29,455.71,188.93,61.76,16.75,12.58,3.13,1.5,1.22,0.0,23.0
2021-11-11,Complet - avec 1 rappel entre 3 mois et 6 mois,0.01,0.0,0.0,0.0,0.0,0.0,0.0,0.0,0.0,0.0,0.0
2021-11-13,Non-vaccinés,26402.75,3582.34,2477.87,1096.42,148.1,114.09,38.22,28.77,17.65,14.04,
2021-11-14,Complet - avec 1 rappel de moins de 3 mois,2746.05,204.54,27.18,5.23,9.74,7.05,3.34,2.98,1.4,1.17,7.23
2021-11-14,Complet - avec 1 rappel de 6 mois ou plus,0.0,0.0,0.0,0.0,0.0,0.0,0.0,0.0,0.0,0.0,0.0
2021-11-14,Complet - avec 3 rappels de moins de 3 mois,0.0,0.0,0.0,0.0,0.0,0.0,0.0,0.0,0.0,0.0,0.0
2021-11-15,Complet - avec 1 rappel de 6 mois ou plus,0.0,0.0,0.0,0.0,0.0,0.0,0.0,0.0,0.0,0.0,0.0
2021-11-15,Complet - avec 3 rappels de moins de 3 mois,0.0,0.0,0.0,0.0,0.0,0.0,0.0,0.0,0.0,0.0,0.0
2021-11-16,Non-vaccinés,54832.84,9245.28,5601.18,2697.06,158.76,119.58,48.84,39.19,6.96,4.13,
2021-11-16,Complet - avec 1 rappel de moins de 3 mois,13975.84,1190.01,217.64,63.48,19.43,16.02,2.48,1.21,2.31,2.31,7.5
2021-11-18,Complet entre 3 mois et 6 mois - sans rappel,69003.62,15514.25,6471.06,3526.81,102.44,78.08,22.73,16.38,9.56,8.47,57.13
2021-11-18,Complet - avec 1 rappel entre 3 mois et 6 mois,1.5,0.06,0.45,0.06,0.02,0.02,0.01,0.0,0.1,0.0,0.0
2021-11-20,Primo dose récente,699.22,60.64,57.85,30.9,0.1,0.09,0.48,0.28,0.19,0.17,0.47
2021-11-20,Complet de 6 mois ou plus - sans rappel,16750.64,1980.48,1149.39,533.25,52.31,45.06,19.0,15.81,13.02,11.14,12.23
2021-11-20,Complet - avec 2 rappels de moins de 3 mois,9.15,1.11,0.0,0.0,0.05,0.0,0.0,0.0,0.0,0.0,0.01
2021-11-23,Primo dose efficace,5941.53,841.75,303.03,132.01,12.96,10.51,1.16,1.0,3.43,2.32,2.68
2021-11-24,Primo dose récente,1114.04,190.84,133.76,67.55,2.58,2.36,1.0,1.0,0.05,0.0,0.49
2021-11-24,Complet entre 3 mois et 6 mois - sans rappel,105455.04,24581.18,9931.56,5312.54,135.86,105.54,27.56,25.1,14.58,13.09,58.95
2021-11-24,Complet de 6 mois ou plus - sans rappel,28518.9,5582.75,2554.6,1290.54,114.4,93.84,22.6,19.52,17.72,15.77,12.12
2021-11-27,Non-vaccinés,47601.4,8436.3,5985.65,2530.61,218.84,161.78,91.45,81.6,28.51,26.98,
2021-11-27,Complet - avec 1 rappel de 6 mois ou plus,0.0,0.0,0.0,0.0,0.0,0.0,0.0,0.0,0.0,0.0,0.0
2021-11-29,Complet de moins de 3 mois - sans rappel,28085.48,5566.61,2509.44,1264.07,43.28,35.63,6.87,5.82,5.08,3.8,13.59
2021-11-29,Complet de 6 mois ou plus - sans rappel,43669.91,7825.18,4728.14,2415.32,176.75,155.53,37.67,32.36,22.52,20.14,12.54
2021-11-29,Complet - avec 1 rappel de 6 mois ou plus,0.0,0.0,0.0,0.0,0.0,0.0,0.0,0.0,0.0,0.0,0.0
2021-11-30,Complet entre 3 mois et 6 mois - sans rappel,133649.3,32410.6,15081.17,7883.81,188.9,144.0,54.75,46.32,26.06,22.36,59.91
2021-12-01,Complet - avec 1 rappel entre 3 mois et 6 mois,89.86,12.98,4.3,1.32,0.06,0.06,0.02,0.02,0.16,0.16,0.03
2021-12-02,Complet - avec 1 rappel de 6 mois ou plus,0.0,0.0,0.0,0.0,0.0,0.0,0.0,0.0,0.0,0.0,0.0
2021-12-03,Primo dose efficace,6197.81,965.94,445.82,189.24,23.2,18.29,3.97,3.58,4.4,3.8,2.42
2021-12-04,Non-vaccinés,53991.94,9896.63,8017.31,3265.0,318.71,255.9,107.8,94.3,34.23,28.75,
2021-12-05,Primo dose récente,229.99,27.45,27.85,12.48,4.2,4.07,1.3,1.26,0.0,0.0,0.5
2021-12-05,Primo dose efficace,1281.58,127.79,73.47,32.76,21.24,15.6,1.98,1.49,4.61,3.8,2.37
2021-12-06,Primo dose efficace,8078.73,1192.75,675.31,322.16,20.69,15.72,6.5,4.62,1.42,0.81,2.37
2021-12-07,Complet entre 3 mois et 6 mois - sans rappel,149948.4,36914.25,18788.85,9744.34,232.24,172.58,54.88,48.62,26.94,21.28,58.91
2021-12-08,Complet de 6 mois ou plus - sans rappel,39695.04,7728.02,4310.26,2107.93,168.74,135.53,28.66,22.77,26.28,22.64,12.99
2021-12-09,Primo dose récente,1413.78,293.26,235.98,134.91,7.12,6.15,0.58,0.36,0.0,0.0,0.49
2021-12-09,Complet - avec 3 rappels de moins de 3 mois,0.0,0.0,0.0,0.0,0.0,0.0,0.0,0.0,0.0,0.0,0.0
2021-12-10,Non-vaccinés,97612.62,20824.62,15702.34,6993.63,469.93,368.43,169.01,141.31,56.44,42.72,
2021-12-11,Complet entre 3 mois et 6 mois - sans rappel,85330.05,13952.08,9324.69,4354.12,163.12,131.51,46.07,38.95,33.24,25.72,56.51
2021-12-11,Complet - avec 1 rappel de moins de 3 mois,29860.34,2505.69,872.63,256.06,55.2,40.36,13.87,11.52,10.09,7.75,18.82
2021-12-12,Complet de 6 mois ou plus - sans rappel,6458.48,850.01,629.67,240.25,103.65,89.8,33.1,27.59,36.31,30.79,12.49
2021-12-13,Complet entre 3 mois et 6 mois - sans rappel,162494.4,36674.9,24508.26,12938.07,208.34,171.48,49.84,44.2,20.33,17.14,55.94
2021-12-13,Complet - avec 2 rappels de moins de 3 mois,83.08,6.83,2.58,2.3,0.0,0.0,0.0,0.0,0.0,0.0,0.02
2021-12-14,Primo dose récente,1615.67,295.25,274.21,148.58,13.69,8.85,1.9,1.13,1.16,0.14,0.48
2021-12-15,Complet entre 3 mois et 6 mois - sans rappel,144560.31,30034.1,19227.42,9313.5,197.76,161.38,41.3,28.74,20.39,18.32,54.24
2021-12-15,Complet - avec 2 rappels entre 3 mois et 6 mois,2.08,0.0,0.0,0.0,0.0,0.0,0.0,0.0,0.0,0.0,0.0
2021-12-16,Complet - avec 1 rappel entre 3 mois et 6 mois,2715.53,216.94,96.44,16.8,8.56,6.45,0.17,0.14,1.16,1.0,0.91
2021-12-17,Complet - avec 1 rappel de 6 mois ou plus,0.0,0.0,0.0,0.0,0.0,0.0,0.0,0.0,0.0,0.0,0.0
2021-12-17,Complet - avec 3 rappels de moins de 3 mois,0.0,0.0,0.0,0.0,0.0,0.0,0.0,0.0,0.0,0.0,0.0
2021-12-18,Complet de moins de 3 mois - sans rappel,12280.01,1276.67,954.53,370.12,42.38,34.42,9.76,7.99,6.48,5.49,7.38
2021-12-18,Complet - avec 2 rappels entre 3 mois et 6 mois,1.0,0.0,0.0,0.0,0.0,0.0,0.0,0.0,0.0,0.0,0.0
2021-12-19,Complet de moins de 3 mois - sans rappel,4081.46,354.39,312.05,101.65,29.88,24.11,14.11,12.51,4.73,4.29,7.16
2021-12-20,Non-vaccinés,82730.35,21241.31,20816.57,9908.1,599.14,456.47,166.43,130.63,67.43,49.35,
2021-12-20,Primo dose efficace,7287.26,1117.36,865.99,413.7,22.78,18.01,7.77,6.76,4.7,3.87,2.06
2021-12-21,Complet de 6 mois ou plus - sans rappel,40014.53,7923.18,6864.8,3092.97,165.83,146.9,28.05,22.12,29.93,24.53,11.22
2021-12-21,Complet - avec 2 rappels de moins de 3 mois,125.25,18.23,4.99,1.32,0.04,0.04,0.0,0.0,0.0,0.0,0.02
2021-12-22,Complet - avec 2 rappels entre 3 mois et 6 mois,1.67,0.07,0.19,0.0,0.0,0.0,0.0,0.0,0.0,0.0,0.0
2021-12-23,Complet de 6 mois ou plus - sans rappel,54007.42,9033.82,8302.62,3481.3,157.63,133.46,26.94,22.9,38.03,33.07,10.5
2021-12-23,Complet - avec 2 rappels entre 3 mois et 6 mois,8.91,0.05,4.27,0.0,0.0,0.0,0.0,0.0,0.0,0.0,0.0
2021-12-24,Complet de moins de 3 mois - sans rappel,17059.08,2517.03,2530.06,1053.39,42.33,38.04,7.95,4.96,6.23,5.45,6.53
2021-12-25,Non-vaccinés,8920.95,1818.39,2077.07,740.51,506.23,393.1,133.86,103.84,87.69,70.48,
2021-12-25,Complet de moins de 3 mois - sans rappel,2822.52,341.49,343.82,123.34,42.97,31.91,9.93,9.55,4.77,3.82,6.36
2021-12-25,Complet entre 3 mois et 6 mois - sans rappel,17162.63,2778.02,3457.75,1382.46,159.16,123.1,31.53,27.92,25.36,23.02,45.74
2021-12-26,Complet - avec 1 rappel de 6 mois ou plus,0.0,0.0,0.0,0.0,0.0,0.0,0.0,0.0,0.0,0.0,0.0
2021-12-27,Non-vaccinés,91565.39,27781.6,36086.75,17475.23,673.13,537.4,201.39,165.16,81.19,63.09,
2021-12-27,Complet entre 3 mois et 6 mois - sans rappel,192084.68,60639.44,73383.78,38914.24,254.77,212.11,39.95,33.16,19.7,14.79,44.72
2021-12-28,Primo dose récente,2196.58,643.82,818.53,438.93,12.28,10.95,2.86,1.81,0.37,0.3,0.54
2021-12-28,Complet entre 3 mois et 6 mois - sans rappel,185722.46,60793.94,70651.87,37425.78,269.22,220.62,39.7,32.45,19.62,13.92,43.75
2021-12-30,Complet de moins de 3 mois - sans rappel,26695.23,6310.11,6818.84,3207.38,72.7,61.85,10.68,10.05,5.93,4.59,5.84
2021-12-31,Complet de moins de 3 mois - sans rappel,20602.67,4456.99,5347.63,2417.72,76.96,63.46,9.99,8.8,8.09,7.47,5.75
2021-12-31,Complet - avec 3 rappels de moins de 3 mois,0.0,0.0,0.0,0.0,0.0,0.0,0.0,0.0,0.0,0.0,0.0
2022-01-01,Complet - avec 1 rappel de 6 mois ou plus,0.0,0.0,0.0,0.0,0.0,0.0,0.0,0.0,0.0,0.0,0.0
2022-01-02,Complet - avec 1 rappel de moins de 3 mois,33757.45,5782.64,5178.42,2068.67,154.26,118.76,33.66,28.36,15.66,12.24,39.9
2022-01-03,Complet de moins de 3 mois - sans rappel,31449.68,8486.64,9735.64,4812.79,85.58,66.64,13.44,11.66,5.38,4.8,5.4
2022-01-03,Complet entre 3 mois et 6 mois - sans rappel,245639.51,86404.97,103486.77,55974.22,366.24,299.89,40.74,33.09,26.17,23.96,39.93
2022-01-04,Complet - avec 1 rappel de moins de 3 mois,185455.24,41418.55,35707.21,15456.65,289.45,221.43,42.33,28.93,32.7,22.34,40.85
2022-01-05,Complet - avec 1 rappel entre 3 mois et 6 mois,18975.07,1920.23,1992.71,591.03,52.59,39.14,4.85,3.65,6.06,4.16,2.55
2022-01-05,Complet - avec 2 rappels entre 3 mois et 6 mois,32.99,0.1,5.41,0.05,0.02,0.0,0.0,0.0,0.0,0.0,0.0
2022-01-07,Complet - avec 2 rappels de moins de 3 mois,311.05,62.25,50.48,21.34,0.39,0.02,0.27,0.0,0.0,0.0,0.05
2022-01-07,Complet - avec 2 rappels entre 3 mois et 6 mois,20.94,1.16,1.4,0.04,0.01,0.0,0.0,0.0,0.0,0.0,0.0
2022-01-07,Complet - avec 3 rappels de moins de 3 mois,0.02,0.0,0.02,0.0,0.0,0.0,0.0,0.0,0.0,0.0,0.0
2022-01-08,Complet de 6 mois ou plus - sans rappel,25701.05,6163.99,8030.26,3302.86,176.12,140.91,28.42,20.68,30.23,26.86,10.36
2022-01-09,Primo dose efficace,1369.65,248.0,331.95,119.69,33.4,27.0,4.2,3.92,6.82,5.67,1.83
2022-01-10,Non-vaccinés,158026.15,33345.93,47807.35,19110.36,805.47,607.48,177.39,147.26,94.56,82.13,
2022-01-10,Primo dose efficace,9783.96,2012.1,2355.81,1030.32,65.09,48.58,11.32,10.82,8.22,7.36,1.83
2022-01-10,Complet de 6 mois ou plus - sans rappel,57487.36,15540.25,20559.9,9119.01,241.44,201.22,44.43,38.47,32.09,27.32,10.8
2022-01-11,Complet - avec 2 rappels entre 3 mois et 6 mois,43.64,0.1,5.77,0.01,0.04,0.0,0.0,0.0,0.0,0.0,0.0
2022-01-12,Complet de moins de 3 mois - sans rappel,18877.99,4658.23,5198.68,2347.91,76.48,58.38,16.37,13.07,8.2,6.42,4.71
2022-01-14,Complet entre 3 mois et 6 mois - sans rappel,119299.57,37873.2,46547.68,22321.0,356.95,262.94,43.73,34.09,26.71,17.69,30.91
2022-01-14,Complet - avec 1 rappel de moins de 3 mois,149096.32,29451.32,29222.78,11611.59,367.45,285.32,52.75,40.74,27.8,24.28,47.89
2022-01-15,Complet - avec 1 rappel entre 3 mois et 6 mois,7089.06,785.21,950.0,303.6,98.27,61.89,11.99,11.1,12.65,8.64,3.73
2022-01-16,Primo dose récente,629.72,138.76,248.44,98.76,14.25,10.42,2.36,2.21,0.6,0.14,0.92
2022-01-17,Primo dose efficace,8724.61,2131.12,2912.69,1291.16,79.83,65.2,6.37,5.67,9.5,7.72,1.67
2022-01-17,Complet - avec 3 rappels de moins de 3 mois,0.04,0.0,0.0,0.0,0.0,0.0,0.0,0.0,0.0,0.0,0.0
2022-01-18,Primo dose efficace,7638.11,1980.37,2535.15,1162.43,59.09,46.96,5.66,4.88,5.81,4.38,1.66
2022-01-19,Complet - avec 3 rappels de moins de 3 mois,1.01,1.0,0.0,0.0,0.0,0.0,0.0,0.0,0.0,0.0,0.0
2022-01-31,Complet - avec 1 rappel de moins de 3 mois,210426.6,54080.73,60459.23,29789.51,699.36,521.06,95.49,80.58,55.77,42.61,58.04
2022-02-03,Complet de moins de 3 mois - sans rappel,11768.86,3439.28,3563.84,1858.4,78.46,65.55,17.03,12.65,10.18,9.0,4.26
2022-02-03,Complet - avec 3 rappels de moins de 3 mois,1.21,0.01,1.06,0.01,0.0,0.0,0.0,0.0,0.0,0.0,0.0
2022-02-04,Complet - avec 2 rappels entre 3 mois et 6 mois,17.94,6.48,3.49,3.22,0.01,0.0,0.0,0.0,1.47,0.0,0.0
2022-02-06,Complet - avec 2 rappels entre 3 mois et 6 mois,3.37,0.19,0.05,0.03,0.0,0.0,0.0,0.0,0.22,0.0,0.0
2022-02-07,Complet - avec 3 rappels de moins de 3 mois,2.96,0.02,1.86,0.0,0.0,0.0,0.0,0.0,0.0,0.0,0.0
2022-02-08,Complet de moins de 3 mois - sans rappel,10917.12,2615.89,2895.29,1383.25,77.92,58.88,11.2,8.39,11.09,10.19,4.21
2022-02-09,Complet entre 3 mois et 6 mois - sans rappel,32127.6,10503.3,11275.38,6084.2,188.38,151.21,32.66,24.34,25.11,19.72,15.97
2022-02-10,Complet de 6 mois ou plus - sans rappel,19058.87,5066.82,5010.5,2569.06,121.12,92.09,22.18,17.82,32.97,25.24,10.54
2022-02-11,Complet - avec 2 rappels entre 3 mois et 6 mois,21.05,3.43,2.61,1.07,0.0,0.0,0.0,0.0,0.28,0.0,0.0
2022-02-14,Complet de moins de 3 mois - sans rappel,10667.96,2384.89,2574.03,1302.86,65.5,50.08,6.21,5.69,10.05,9.81,4.19
2022-02-15,Complet de moins de 3 mois - sans rappel,7960.71,1687.05,1772.45,829.94,44.68,37.94,7.35,5.82,9.16,7.9,4.17
2022-02-18,Complet - avec 3 rappels entre 3 et 6 mois ou plus,0.0,0.0,0.0,0.0,0.0,0.0,0.0,0.0,0.0,0.0,0.0
2022-02-20,Complet de 6 mois ou plus - sans rappel,4330.7,599.15,629.58,229.6,59.33,47.35,8.64,5.89,21.98,16.27,11.78
2022-02-22,Primo dose efficace,2353.37,333.76,374.56,137.71,26.07,19.5,4.05,2.88,8.19,6.67,1.47
2022-02-23,Complet - avec 1 rappel de 6 mois ou plus,0.43,0.06,0.43,0.06,0.0,0.0,0.0,0.0,0.0,0.0,0.0
2022-02-26,Complet de 6 mois ou plus - sans rappel,10558.5,1299.59,1256.01,537.02,54.1,42.39,7.64,5.53,14.84,10.28,12.96
2022-02-27,Complet - avec 1 rappel entre 3 mois et 6 mois,5666.57,618.56,665.95,223.76,121.51,98.59,16.63,13.95,25.5,15.88,13.33
2022-03-05,Complet - avec 1 rappel de moins de 3 mois,54067.43,7104.45,6776.45,3247.74,131.43,107.32,21.6,17.89,18.23,15.65,54.18
2022-03-06,Complet - avec 1 rappel de 6 mois ou plus,83.6,10.47,11.68,1.23,4.77,3.3,0.37,0.2,0.5,0.18,0.19
2022-03-07,Non-vaccinés,32493.25,9165.43,8344.76,4820.44,223.94,176.13,32.81,27.38,34.27,28.17,
2022-03-07,Complet - avec 1 rappel de moins de 3 mois,85778.13,18282.64,16341.06,9183.97,218.59,175.05,17.63,16.94,21.28,16.92,53.39
2022-03-08,Primo dose récente,146.84,21.65,22.37,8.93,1.18,1.14,0.0,0.0,0.0,0.0,0.06
2022-03-09,Complet - avec 2 rappels entre 3 mois et 6 mois,54.84,4.61,5.16,1.23,0.2,0.17,0.0,0.0,0.0,0.0,0.02
2022-03-10,Primo dose efficace,1573.1,281.79,256.35,116.99,12.32,11.15,0.46,0.19,1.75,0.46,1.27
2022-03-11,Primo dose récente,88.86,16.37,11.52,5.68,1.17,1.14,0.14,0.14,0.04,0.0,0.05
2022-03-14,Non-vaccinés,37063.92,11801.38,10263.14,6025.06,241.75,177.71,19.03,14.86,18.79,14.96,
2022-05-07,Complet - avec 3 rappels de moins de 3 mois,3.22,0.1,0.11,0.09,0.0,0.0,0.0,0.0,0.0,0.0,0.0
2022-05-08,Complet entre 3 mois et 6 mois - sans rappel,1112.61,150.05,129.38,57.2,14.39,9.72,1.25,1.12,3.26,3.12,4.12
2022-05-08,Complet - avec 2 rappels de moins de 3 mois,955.51,83.97,65.27,15.14,21.27,16.34,0.48,0.15,6.53,5.42,2.31
2022-05-08,Complet - avec 2 rappels de 6 mois ou plus,3.16,1.02,0.06,0.0,0.0,0.0,0.0,0.0,1.01,1.01,0.0
2022-05-08,Complet - avec 3 rappels entre 3 et 6 mois ou plus,1.0,0.0,0.0,0.0,0.0,0.0,0.0,0.0,0.1,0.1,0.0
2022-05-09,Complet - avec 1 rappel de moins de 3 mois,8812.11,1512.02,1408.89,790.33,11.74,8.34,3.63,2.29,1.33,1.08,5.94
2022-05-09,Complet - avec 1 rappel de 6 mois ou plus,12664.15,1682.01,2280.18,973.64,102.59,80.78,15.0,13.65,21.82,17.75,5.17
2022-05-10,Primo dose efficace,1129.86,158.78,134.56,61.71,11.2,9.07,0.22,0.0,1.1,1.0,1.14
2022-05-10,Complet de 6 mois ou plus - sans rappel,16046.0,2897.21,2063.0,1093.68,78.8,66.09,9.85,7.63,10.13,6.39,19.15
2022-05-11,Primo dose récente,61.77,5.93,3.73,3.4,0.0,0.0,0.0,0.0,0.0,0.0,0.03
2022-05-11,Complet - avec 2 rappels entre 3 mois et 6 mois,511.36,67.72,66.34,26.74,4.65,3.27,1.1,1.08,0.46,0.34,0.37
2022-05-12,Non-vaccinés,15802.76,3743.34,2984.47,1703.36,108.57,76.93,9.94,7.52,16.75,11.52,
2022-05-12,Complet - avec 1 rappel entre 3 mois et 6 mois,46025.28,11063.4,10413.53,6151.52,267.73,207.36,23.44,19.77,27.57,22.6,60.96
2022-05-13,Non-vaccinés,15299.38,3458.34,2753.83,1519.61,87.5,66.98,11.4,10.22,12.46,9.18,
2022-05-14,Non-vaccinés,12619.82,1972.58,1770.14,823.5,60.99,48.75,8.26,6.58,21.68,16.79,
2022-05-14,Complet - avec 1 rappel de moins de 3 mois,4466.4,407.41,323.47,151.31,8.8,7.19,1.69,1.1,0.2,0.13,4.26
2022-05-15,Primo dose efficace,306.27,24.46,26.11,7.15,7.78,5.01,0.01,0.01,2.0,2.0,1.13
2022-05-16,Non-vaccinés,22328.75,4615.37,3982.84,2170.81,108.58,74.1,11.44,7.83,13.42,11.09,
2022-05-16,Complet de moins de 3 mois - sans rappel,982.14,178.34,153.45,90.04,6.11,5.69,0.22,0.17,1.11,1.08,0.72
2022-05-16,Complet entre 3 mois et 6 mois - sans rappel,5028.76,899.73,808.68,434.87,22.54,18.69,3.77,2.49,3.63,3.54,4.07
2022-05-16,Complet de 6 mois ou plus - sans rappel,19921.73,3433.16,2470.92,1366.37,44.86,36.22,9.55,6.77,2.24,1.88,19.31
2022-05-16,Complet - avec 3 rappels entre 3 et 6 mois ou plus,2.04,0.0,0.0,0.0,0.07,0.0,0.0,0.0,0.1,0.1,0.0
2022-05-17,Primo dose récente,58.36,7.76,3.68,1.11,0.0,0.0,0.0,0.0,0.0,0.0,0.03
2022-05-18,Complet - avec 2 rappels de moins de 3 mois,3443.31,327.67,301.75,103.35,27.76,23.29,0.08,0.0,3.19,3.0,2.64
2022-05-19,Non-vaccinés,13840.26,2815.08,2065.3,1115.03,83.68,59.49,9.38,8.29,12.92,8.48,
2022-05-19,Primo dose efficace,872.2,119.34,82.28,35.22,5.44,2.57,0.23,0.0,0.13,0.08,1.13
2022-05-19,Complet entre 3 mois et 6 mois - sans rappel,2705.88,568.78,427.33,238.11,16.59,12.2,3.67,3.0,4.63,4.31,4.0
2022-05-19,Complet - avec 1 rappel entre 3 mois et 6 mois,37373.38,8598.72,7602.5,4460.27,183.17,144.85,27.26,19.81,16.97,13.88,61.25
2022-05-20,Non-vaccinés,13540.35,2557.7,1946.04,949.28,76.24,60.1,8.4,7.81,10.93,6.41,
2022-05-20,Complet de 6 mois ou plus - sans rappel,12161.19,2028.0,1189.29,640.72,47.44,37.72,4.41,3.82,3.51,2.49,19.46
2022-05-20,Complet - avec 1 rappel entre 3 mois et 6 mois,42506.33,8089.94,7631.84,4104.19,141.33,107.12,19.44,15.41,19.69,17.13,61.05
2022-05-20,Complet - avec 3 rappels de moins de 3 mois,6.61,1.12,0.01,0.01,0.0,0.0,0.0,0.0,0.0,0.0,0.0
2022-05-21,Complet - avec 3 rappels entre 3 et 6 mois ou plus,1.0,0.0,0.0,0.0,0.0,0.0,0.0,0.0,0.0,0.0,0.0
2022-05-22,Complet entre 3 mois et 6 mois - sans rappel,884.01,105.92,78.68,29.96,8.69,6.15,2.41,2.0,2.37,2.25,3.9
2022-05-23,Primo dose récente,64.4,2.6,4.01,0.34,1.0,1.0,0.0,0.0,0.0,0.0,0.03
2022-05-23,Complet - avec 1 rappel de 6 mois ou plus,14213.05,1615.13,1914.62,853.26,100.18,75.65,11.39,7.24,9.73,8.52,8.2
2022-05-24,Primo dose récente,48.68,2.62,2.91,0.54,0.06,0.0,0.0,0.0,0.07,0.0,0.03
2022-05-24,Complet - avec 3 rappels de moins de 3 mois,6.94,0.09,0.07,0.03,0.0,0.0,0.0,0.0,0.0,0.0,0.0
2022-05-25,Complet de moins de 3 mois - sans rappel,465.19,68.4,43.62,22.5,0.35,0.0,0.32,0.01,0.0,0.0,0.51
2022-05-25,Complet de 6 mois ou plus - sans rappel,11695.3,1875.95,1094.84,572.38,43.94,34.15,7.49,5.28,6.0,5.0,19.61
2022-05-25,Complet - avec 3 rappels entre 3 et 6 mois ou plus,2.04,1.04,1.04,1.04,0.0,0.0,0.0,0.0,0.0,0.0,0.0
2022-05-26,Primo dose récente,13.6,2.52,0.16,0.0,0.0,0.0,0.0,0.0,0.0,0.0,0.03
2022-05-26,Primo dose efficace,291.0,23.63,11.14,3.92,2.06,2.0,0.0,0.0,1.34,1.34,1.12
2022-05-31,Primo dose récente,43.13,3.21,2.21,2.11,0.0,0.0,0.0,0.0,0.0,0.0,0.02
2022-05-31,Complet - avec 1 rappel de moins de 3 mois,2100.22,255.41,134.37,59.41,6.4,4.75,1.04,1.0,0.0,0.0,1.91
2022-06-04,Complet - avec 2 rappels entre 3 mois et 6 mois,492.31,42.68,40.03,16.88,0.32,0.0,0.02,0.02,0.1,0.02,0.58
2022-06-05,Complet - avec 3 rappels de moins de 3 mois,3.17,0.05,0.03,0.0,0.0,0.0,0.0,0.0,0.0,0.0,0.01
2022-06-06,Complet entre 3 mois et 6 mois - sans rappel,1040.51,124.42,104.96,45.74,8.82,8.24,1.4,1.05,0.14,0.0,3.48
2022-06-07,Non-vaccinés,19606.03,3651.16,3241.15,1784.38,85.72,67.71,6.22,4.96,7.96,3.26,
2022-06-13,Complet entre 3 mois et 6 mois - sans rappel,3604.05,786.45,778.23,447.95,12.8,8.42,0.25,0.07,0.0,0.0,3.19
2022-06-13,Complet - avec 3 rappels de moins de 3 mois,21.86,3.16,2.2,1.04,0.0,0.0,0.0,0.0,0.0,0.0,0.01
2022-06-14,Primo dose efficace,1095.73,155.14,139.84,59.83,7.73,5.33,0.12,0.0,0.45,0.0,1.11
2022-06-15,Primo dose récente,35.14,4.61,3.07,0.13,0.0,0.0,0.0,0.0,1.0,0.0,0.02
2022-06-17,Complet - avec 2 rappels entre 3 mois et 6 mois,692.1,127.03,123.58,62.09,2.95,0.68,1.1,1.02,0.02,0.0,0.7
2022-06-18,Complet - avec 3 rappels de moins de 3 mois,8.98,0.1,0.09,0.02,0.0,0.0,0.0,0.0,0.0,0.0,0.01
2022-06-19,Complet entre 3 mois et 6 mois - sans rappel,676.13,98.11,103.84,42.3,9.57,7.63,1.36,1.25,0.64,0.12,2.87
2022-06-19,Complet - avec 1 rappel de moins de 3 mois,529.06,65.32,44.05,13.44,5.55,5.06,1.11,1.03,1.12,1.04,1.46
2022-06-20,Complet - avec 1 rappel entre 3 mois et 6 mois,48782.96,14643.95,16425.18,10412.92,142.15,111.6,11.12,9.12,5.23,4.55,37.23
2022-06-20,Complet - avec 1 rappel de 6 mois ou plus,58747.71,14786.7,17816.09,10671.29,289.13,233.99,29.21,21.81,14.27,10.63,31.99
2022-06-20,Complet - avec 3 rappels entre 3 et 6 mois ou plus,1.25,0.04,0.13,0.03,0.0,0.0,0.0,0.0,0.0,0.0,0.0
2022-06-21,Complet de moins de 3 mois - sans rappel,470.5,73.04,73.63,35.7,4.4,3.1,0.12,0.12,0.01,0.0,0.28
2022-06-21,Complet - avec 2 rappels de 6 mois ou plus,74.7,12.14,19.3,9.73,0.24,0.0,0.0,0.0,0.0,0.0,0.03
2022-06-25,Complet de moins de 3 mois - sans rappel,408.32,59.51,53.69,29.32,3.42,1.01,0.02,0.0,0.0,0.0,0.27
2022-06-28,Complet - avec 3 rappels de moins de 3 mois,27.49,7.55,2.22,1.15,0.01,0.0,0.0,0.0,0.0,0.0,0.01
2022-06-30,Primo dose efficace,1470.11,391.17,338.01,182.29,11.48,7.88,0.27,0.25,0.24,0.2,1.1
2022-07-06,Complet - avec 3 rappels entre 3 et 6 mois ou plus,6.69,3.11,1.17,1.04,0.0,0.0,0.0,0.0,0.0,0.0,0.0
2022-07-07,Complet - avec 1 rappel de moins de 3 mois,2504.98,544.76,450.26,237.13,18.16,10.36,2.26,2.02,2.05,2.01,1.36
2022-07-08,Complet - avec 3 rappels entre 3 et 6 mois ou plus,4.56,0.12,2.11,0.05,0.0,0.0,0.0,0.0,0.0,0.0,0.0
2022-07-10,Complet - avec 2 rappels de moins de 3 mois,1657.17,261.36,292.53,100.09,56.11,44.41,8.04,6.13,7.47,6.16,4.62
2022-07-11,Complet de 6 mois ou plus - sans rappel,40661.85,11110.96,10858.74,6429.14,151.09,116.72,19.27,18.09,12.44,10.33,21.05
2022-07-13,Complet - avec 2 rappels de moins de 3 mois,6644.25,1599.89,1804.7,861.77,73.0,51.17,5.6,5.32,6.6,5.24,4.91
2022-07-13,Complet - avec 2 rappels de 6 mois ou plus,202.04,59.7,64.86,33.73,0.37,0.29,0.0,0.0,0.0,0.0,0.12
2022-07-14,Non-vaccinés,6471.73,1196.84,1253.18,470.73,191.75,136.42,17.22,12.59,8.6,7.19,
2022-07-14,Complet entre 3 mois et 6 mois - sans rappel,547.68,109.18,122.37,50.06,11.88,7.78,1.39,1.23,2.68,2.32,1.93
2022-07-14,Complet - avec 2 rappels de 6 mois ou plus,49.59,7.58,14.04,5.4,4.3,3.21,0.0,0.0,0.0,0.0,0.12
2022-07-14,Complet - avec 3 rappels entre 3 et 6 mois ou plus,1.08,1.01,0.05,0.0,0.0,0.0,0.0,0.0,0.0,0.0,0.0
2022-07-15,Complet - avec 1 rappel de 6 mois ou plus,77537.83,30036.86,34291.34,21125.19,505.24,402.69,56.96,49.33,52.29,37.37,50.45
2022-07-16,Complet entre 3 mois et 6 mois - sans rappel,1710.8,366.45,398.11,205.03,11.67,7.83,1.35,1.13,2.95,2.37,1.81
2022-07-18,Complet - avec 3 rappels de moins de 3 mois,36.82,3.9,3.09,0.33,0.01,0.0,0.0,0.0,0.0,0.0,0.02
2022-07-19,Non-vaccinés,25438.63,6178.29,5836.96,3202.37,231.76,170.87,30.01,26.1,21.49,17.61,
2022-07-21,Complet - avec 1 rappel entre 3 mois et 6 mois,11465.46,4085.62,4015.58,2458.4,59.92,47.29,9.22,8.55,4.15,2.83,12.66
2022-07-23,Complet entre 3 mois et 6 mois - sans rappel,1243.04,225.72,268.48,126.69,9.2,5.52,0.17,0.04,2.12,2.0,1.53
2022-07-27,Complet - avec 1 rappel entre 3 mois et 6 mois,8526.78,2419.56,2253.81,1357.8,49.28,39.28,4.91,4.16,3.97,3.7,9.93
2022-07-28,Primo dose efficace,1096.03,194.12,143.86,78.55,5.03,2.92,2.08,2.08,3.29,3.0,1.08
2022-07-29,Complet entre 3 mois et 6 mois - sans rappel,1094.17,242.66,206.78,115.82,11.93,7.86,1.49,1.04,1.0,1.0,1.3
2022-07-30,Complet de 6 mois ou plus - sans rappel,18046.92,2134.39,1784.64,820.17,53.06,40.89,6.18,5.79,5.6,4.6,21.61
2022-12-12,Primo dose efficace,1194.98,383.12,197.4,117.8,10.0,5.23,0.12,0.0,0.0,0.0,1.04
2022-12-12,Complet - avec 1 rappel entre 3 mois et 6 mois,1602.86,443.24,292.57,173.08,9.98,7.47,1.55,1.46,0.0,0.0,1.01
2022-12-14,Complet de 6 mois ou plus - sans rappel,18144.63,6844.58,3496.47,2224.08,117.56,96.8,17.68,14.91,11.84,8.16,22.33
2022-12-15,Complet - avec 3 rappels de moins de 3 mois,1339.14,390.92,260.8,122.59,23.11,17.18,1.36,1.24,0.85,0.3,1.17
2022-12-16,Complet de moins de 3 mois - sans rappel,105.97,27.53,15.45,6.01,0.01,0.0,0.0,0.0,1.0,1.0,0.08
2022-12-16,Complet - avec 2 rappels entre 3 mois et 6 mois,7005.35,2304.92,1998.31,1103.43,141.3,107.75,14.3,13.6,18.55,14.26,6.67
2022-12-16,Complet - avec 3 rappels de moins de 3 mois,1604.63,391.39,306.46,128.18,27.16,18.43,2.52,2.46,3.44,1.19,1.25
2022-12-17,Complet - avec 2 rappels de 6 mois ou plus,3730.58,760.67,737.47,330.45,116.15,92.24,10.66,8.51,11.97,8.27,3.61
2022-12-18,Complet - avec 2 rappels de moins de 3 mois,1155.71,222.25,157.75,50.75,37.6,31.13,2.84,2.58,3.53,2.23,4.37
2022-12-18,Complet - avec 3 rappels de moins de 3 mois,500.4,106.29,70.77,26.38,17.85,14.66,0.1,0.09,0.55,0.36,1.36
2022-12-19,Complet entre 3 mois et 6 mois - sans rappel,231.71,54.1,33.85,13.65,1.66,0.62,1.0,1.0,0.0,0.0,0.15
2022-12-19,Complet - avec 3 rappels entre 3 et 6 mois ou plus,181.23,39.38,43.85,21.36,1.34,1.3,0.27,0.2,1.17,1.17,0.08
2022-12-20,Complet - avec 1 rappel de moins de 3 mois,572.95,121.42,66.94,21.91,7.85,5.62,0.0,0.0,0.0,0.0,0.37
2022-12-21,Non-vaccinés,12960.91,5670.99,1626.39,854.73,166.0,127.67,10.52,8.2,28.45,21.53,
2022-12-23,Complet - avec 2 rappels entre 3 mois et 6 mois,5871.8,2186.62,1655.67,899.41,122.45,93.05,15.76,12.69,22.42,17.7,6.36
2022-12-24,Complet - avec 1 rappel entre 3 mois et 6 mois,375.61,108.95,62.64,35.89,9.08,7.48,1.22,0.05,1.15,1.0,0.87
2022-12-25,Complet - avec 2 rappels de 6 mois ou plus,1311.99,263.3,231.07,63.39,64.42,51.9,9.46,7.6,20.23,16.18,3.71
2022-12-26,Complet - avec 3 rappels entre 3 et 6 mois ou plus,119.63,26.4,23.88,8.64,0.59,0.58,1.0,1.0,0.17,0.17,0.09
2022-12-27,Complet de 6 mois ou plus - sans rappel,8895.47,3255.75,1470.98,862.9,63.03,47.03,7.76,5.31,7.69,3.79,22.27
2022-12-29,Complet - avec 2 rappels entre 3 mois et 6 mois,4514.75,1715.56,1047.87,611.73,97.82,75.27,6.7,5.67,12.71,8.62,5.94
2022-12-31,Complet - avec 2 rappels de 6 mois ou plus,3417.63,600.65,454.22,156.77,65.16,48.86,3.72,3.46,16.72,11.96,4.21
2023-01-01,Complet - avec 3 rappels de moins de 3 mois,632.54,128.22,48.12,10.98,11.1,9.88,3.59,3.36,3.45,1.35,2.11
2023-01-02,Complet de moins de 3 mois - sans rappel,107.43,12.79,9.69,2.28,1.42,0.09,0.02,0.0,0.0,0.0,0.08
2023-01-03,Complet - avec 2 rappels de 6 mois ou plus,4123.43,735.04,497.5,148.65,90.39,69.18,8.87,7.4,14.23,9.1,4.41
2023-01-04,Complet de moins de 3 mois - sans rappel,69.83,11.08,2.98,2.2,0.39,0.09,0.01,0.0,0.0,0.0,0.08
2023-01-04,Complet - avec 2 rappels de 6 mois ou plus,3585.52,643.29,405.13,134.34,79.74,55.0,10.98,9.4,16.34,10.32,4.61
2023-01-08,Complet entre 3 mois et 6 mois - sans rappel,22.06,5.68,1.21,0.05,0.0,0.0,0.0,0.0,0.0,0.0,0.11
2023-01-11,Complet - avec 1 rappel de moins de 3 mois,352.18,38.2,15.94,5.32,0.28,0.15,0.02,0.0,0.23,0.0,0.4
2023-01-12,Complet de 6 mois ou plus - sans rappel,5541.64,1223.4,382.55,190.24,30.14,23.54,5.0,4.12,0.64,0.25,22.25
2023-01-12,Complet - avec 2 rappels de 6 mois ou plus,3380.61,595.36,334.84,104.57,49.51,41.12,10.29,9.88,11.27,9.81,5.72
2023-01-13,Non-vaccinés,5622.46,1444.95,325.57,163.79,39.45,29.07,4.07,3.67,11.29,9.17,
2023-01-14,Complet - avec 2 rappels entre 3 mois et 6 mois,3545.05,241.43,121.3,27.34,11.18,8.37,4.13,4.05,1.73,0.25,4.24
2023-01-15,Complet - avec 2 rappels entre 3 mois et 6 mois,951.35,119.46,59.0,13.71,21.64,16.56,1.8,1.5,1.44,1.39,4.22
2023-01-16,Complet - avec 2 rappels de moins de 3 mois,6650.84,504.21,182.94,62.54,11.34,8.82,3.44,3.44,0.23,0.0,5.48
2023-01-17,Primo dose efficace,453.49,54.91,22.3,6.22,3.6,3.34,0.0,0.0,0.0,0.0,1.03
2023-01-18,Non-vaccinés,7821.39,1559.89,324.17,134.43,34.79,27.12,8.96,6.34,12.56,9.33,
2023-01-19,Complet - avec 1 rappel entre 3 mois et 6 mois,207.75,35.68,14.51,3.4,0.37,0.26,0.0,0.0,0.0,0.0,0.51
2023-01-19,Complet - avec 3 rappels entre 3 et 6 mois ou plus,126.69,27.33,9.73,2.49,1.97,1.76,0.0,0.0,0.03,0.0,0.21
2023-01-21,Complet - avec 2 rappels de moins de 3 mois,4115.99,201.66,78.66,16.0,7.29,2.08,0.0,0.0,1.9,1.4,5.38
2023-01-22,Complet - avec 1 rappel de 6 mois ou plus,6392.69,652.44,312.22,78.69,53.69,43.85,17.28,16.13,12.37,9.51,57.24
2023-01-22,Complet - avec 2 rappels entre 3 mois et 6 mois,830.7,91.18,35.45,4.6,7.57,5.18,0.14,0.14,2.49,2.12,3.83
2023-01-25,Complet - avec 1 rappel de moins de 3 mois,339.84,39.46,9.17,4.3,1.04,1.01,1.0,1.0,0.17,0.17,0.39
2023-01-26,Complet - avec 2 rappels de moins de 3 mois,2005.53,342.79,80.71,45.02,9.59,8.24,1.3,1.27,0.2,0.12,5.29
2023-01-26,Complet - avec 2 rappels entre 3 mois et 6 mois,1593.44,252.76,118.8,60.32,7.06,5.06,0.19,0.07,2.75,1.42,3.68
2023-01-26,Complet - avec 2 rappels de 6 mois ou plus,3185.43,465.46,204.42,72.75,41.05,29.18,3.31,2.36,4.86,3.17,6.49
2023-02-02,Complet - avec 1 rappel de moins de 3 mois,,,,,3.18,,0.0,,0.0,,0.38
2023-02-02,Complet - avec 3 rappels entre 3 et 6 mois ou plus,,,,,2.4,,0.01,,0.02,,0.4
2023-02-03,Complet - avec 1 rappel entre 3 mois et 6 mois,,,,,0.06,,0.0,,0.0,,0.4
2023-02-07,Complet entre 3 mois et 6 mois - sans rappel,,,,,0.21,,0.0,,0.0,,0.08
2023-02-08,Complet - avec 1 rappel entre 3 mois et 6 mois,,,,,2.11,,0.08,,0.0,,0.39
2023-02-09,Complet de moins de 3 mois - sans rappel,,,,,0.0,,0.0,,0.0,,0.07
2023-02-09,Complet - avec 1 rappel de moins de 3 mois,,,,,0.03,,0.28,,0.0,,0.36
2023-02-10,Complet de moins de 3 mois - sans rappel,,,,,0.03,,0.0,,0.0,,0.07
2023-02-12,Complet de 6 mois ou plus - sans rappel,,,,,11.38,,5.11,,0.15,,22.22
2023-02-16,Non-vaccinés,,,,,26.46,,2.31,,4.74,,
2023-02-17,Complet de moins de 3 mois - sans rappel,43.87,8.83,0.51,0.0,0.0,0.0,0.0,0.0,0.01,0.01,0.07
2023-02-18,Primo dose efficace,292.03,22.36,9.58,2.34,2.14,1.0,0.01,0.0,0.0,0.0,1.03
2023-02-19,Complet - avec 1 rappel de 6 mois ou plus,5388.56,619.28,248.36,66.03,60.17,40.89,8.57,7.21,3.2,2.33,56.86
2023-02-20,Complet - avec 1 rappel de moins de 3 mois,306.62,33.29,15.79,8.56,1.0,1.0,0.19,0.01,0.0,0.0,0.34
2023-02-21,Complet - avec 2 rappels entre 3 mois et 6 mois,2657.22,252.63,112.33,37.28,4.94,3.23,1.1,1.1,0.45,0.25,3.66
2023-02-22,Complet - avec 1 rappel entre 3 mois et 6 mois,205.67,30.14,12.05,6.17,3.32,3.27,0.0,0.0,0.0,0.0,0.38
2023-02-23,Complet - avec 2 rappels de 6 mois ou plus,2863.63,455.61,239.94,78.91,29.15,18.92,8.56,7.47,0.96,0.2,7.08
2023-02-24,Complet de moins de 3 mois - sans rappel,34.96,2.37,1.11,0.0,1.0,1.0,0.08,0.0,0.0,0.0,0.07
2023-02-24,Complet - avec 1 rappel de moins de 3 mois,182.35,16.9,6.77,0.31,2.26,2.1,0.12,0.0,0.0,0.0,0.33
2023-02-27,Complet - avec 2 rappels entre 3 mois et 6 mois,3628.42,241.91,131.78,61.32,7.08,5.24,1.08,0.16,0.55,0.38,3.77
2023-02-28,Primo dose récente,3.36,0.0,0.0,0.0,0.0,0.0,0.0,0.0,0.0,0.0,0.0
2023-03-01,Complet de 6 mois ou plus - sans rappel,5792.43,667.0,272.74,116.24,30.21,22.59,2.83,2.72,0.47,0.4,22.22
2023-03-02,Complet - avec 2 rappels entre 3 mois et 6 mois,1098.97,176.46,98.21,46.63,11.96,8.48,0.13,0.1,3.0,1.0,3.86
2023-03-04,Complet - avec 1 rappel entre 3 mois et 6 mois,152.81,10.82,3.07,0.38,0.04,0.0,0.1,0.0,0.0,0.0,0.38
2023-03-07,Non-vaccinés,5784.91,922.77,284.21,115.45,52.44,39.85,2.67,1.5,4.21,4.0,
2023-03-08,Complet de moins de 3 mois - sans rappel,30.56,3.7,2.31,0.0,1.0,1.0,0.0,0.0,0.01,0.0,0.06
2023-03-08,Complet - avec 1 rappel de 6 mois ou plus,19058.32,2382.17,1503.46,741.8,119.6,92.82,11.42,10.42,4.15,2.5,56.84
2023-03-11,Complet de 6 mois ou plus - sans rappel,4793.24,430.03,244.91,100.82,15.07,12.71,1.91,0.58,1.0,1.0,22.22
2023-03-12,Complet - avec 1 rappel de 6 mois ou plus,4576.9,560.39,334.47,92.21,80.06,64.19,9.52,8.18,4.44,3.67,56.84
2023-03-13,Complet - avec 2 rappels entre 3 mois et 6 mois,4005.38,342.68,228.69,103.63,20.09,16.15,3.43,2.74,1.0,0.0,4.56
2023-03-14,Primo dose récente,1.02,0.0,0.0,0.0,0.0,0.0,0.0,0.0,0.0,0.0,0.0
2023-03-18,Complet entre 3 mois et 6 mois - sans rappel,35.32,6.11,1.16,0.04,0.0,0.0,0.0,0.0,0.0,0.0,0.08
2023-03-20,Complet - avec 2 rappels de moins de 3 mois,1544.13,165.09,105.97,50.49,7.46,4.49,1.36,1.0,0.08,0.0,2.22
2023-03-22,Primo dose récente,3.39,0.0,0.18,0.0,0.0,0.0,0.0,0.0,0.0,0.0,0.0
2023-03-22,Complet - avec 3 rappels de moins de 3 mois,961.33,120.12,78.65,34.89,9.8,6.3,1.52,0.29,0.0,0.0,1.95
2023-03-27,Non-vaccinés,6068.3,1250.2,507.73,246.15,47.79,29.95,10.09,7.25,3.54,1.34,
2023-03-29,Complet - avec 2 rappels de moins de 3 mois,659.23,115.31,61.63,34.92,4.14,4.11,0.05,0.05,0.0,0.0,1.63
2023-04-04,Complet de moins de 3 mois - sans rappel,17.14,0.18,2.25,0.0,0.16,0.0,0.0,0.0,0.01,0.01,0.05
2023-04-04,Complet - avec 1 rappel de moins de 3 mois,74.92,7.74,4.25,2.24,0.03,0.0,0.02,0.0,0.0,0.0,0.17
2021-06-03,Primo dose récente,17990.43,1182.37,408.97,162.16,11.24,9.01,4.84,4.28,0.02,0.0,17.88
2021-06-05,Primo dose récente,9855.78,446.46,197.63,67.22,3.94,3.11,4.86,4.42,0.01,0.01,17.04
2021-06-07,Complet - avec 1 rappel de moins de 3 mois,0.0,0.0,0.0,0.0,0.0,0.0,0.0,0.0,0.0,0.0,0.0
2021-06-08,Complet entre 3 mois et 6 mois - sans rappel,7981.3,361.54,56.42,11.83,6.26,5.44,2.06,2.0,1.84,1.13,6.77
2022-01-11,Complet - avec 1 rappel de moins de 3 mois,155092.0,28474.04,26210.54,10110.13,362.03,278.05,62.35,49.39,36.27,29.54,44.51
2022-01-12,Primo dose efficace,7885.08,1747.86,2024.17,881.32,64.69,50.75,3.29,3.0,7.39,5.04,1.8
2022-01-15,Complet entre 3 mois et 6 mois - sans rappel,64551.75,18514.36,25170.07,11495.33,266.11,191.64,29.66,24.28,31.46,25.74,29.68
2022-01-17,Complet de 6 mois ou plus - sans rappel,50741.86,15802.37,21630.73,10502.33,281.73,226.05,41.54,36.87,37.21,26.62,10.12
2022-01-17,Complet - avec 1 rappel de moins de 3 mois,202702.68,41699.88,46273.82,20370.68,506.17,402.09,65.08,53.59,34.35,26.73,50.21
2022-01-18,Complet - avec 3 rappels entre 3 et 6 mois ou plus,0.0,0.0,0.0,0.0,0.0,0.0,0.0,0.0,0.0,0.0,0.0
2022-01-19,Primo dose récente,3985.63,1248.07,1687.76,830.77,28.64,21.79,0.81,0.52,1.46,1.25,0.87
2022-01-22,Complet de 6 mois ou plus - sans rappel,22215.42,6501.54,8787.39,4095.46,182.57,146.9,30.22,26.96,40.13,31.76,9.85
2022-01-23,Complet de moins de 3 mois - sans rappel,3098.96,705.31,932.14,379.75,69.02,55.31,7.31,6.15,10.54,9.72,4.38
2022-01-24,Complet - avec 1 rappel de 6 mois ou plus,2.05,0.0,0.0,0.0,0.0,0.0,0.0,0.0,0.0,0.0,0.0
2022-01-25,Complet - avec 2 rappels entre 3 mois et 6 mois,34.82,1.3,6.05,1.13,0.0,0.0,0.0,0.0,1.04,1.04,0.0
2022-01-28,Complet - avec 2 rappels entre 3 mois et 6 mois,16.65,2.3,2.78,1.14,0.05,0.0,0.0,0.0,1.04,1.04,0.0
2022-01-29,Primo dose efficace,3913.5,987.36,1350.59,600.35,55.68,39.17,9.99,9.17,12.59,9.72,1.81
2022-01-29,Complet de 6 mois ou plus - sans rappel,19280.46,5694.28,7479.52,3553.49,161.88,127.88,32.59,27.0,45.7,34.94,9.86
2022-01-29,Complet - avec 1 rappel entre 3 mois et 6 mois,10225.83,1400.63,1933.5,722.95,173.38,130.34,22.35,19.86,30.49,19.93,5.62
2022-01-30,Primo dose efficace,1316.31,301.89,442.52,173.76,51.05,38.63,5.69,5.26,7.0,6.35,1.83
2022-02-01,Primo dose récente,1764.04,601.67,818.01,431.25,19.21,13.79,2.17,2.09,1.34,1.34,0.45
2022-02-01,Complet - avec 1 rappel entre 3 mois et 6 mois,24347.1,3139.84,5179.31,1540.35,255.33,197.23,19.06,15.07,45.88,30.31,5.71
2022-02-01,Complet - avec 1 rappel de 6 mois ou plus,1.23,0.0,1.22,0.0,0.19,0.13,0.27,0.26,0.02,0.02,0.0
2022-02-01,Complet - avec 3 rappels entre 3 et 6 mois ou plus,0.0,0.0,0.0,0.0,0.0,0.0,0.0,0.0,0.0,0.0,0.0
2022-02-02,Complet - avec 2 rappels entre 3 mois et 6 mois,21.9,0.42,5.52,0.18,0.0,0.0,0.0,0.0,0.5,0.03,0.0
2022-02-03,Non-vaccinés,59561.13,21382.69,23861.6,12445.72,678.64,495.88,103.31,80.39,99.71,77.68,
2022-02-04,Primo dose récente,1133.38,342.81,414.57,219.38,11.38,10.38,0.32,0.2,1.52,1.26,0.37
2022-02-04,Complet de moins de 3 mois - sans rappel,11750.89,3293.65,3508.32,1693.79,88.52,74.16,9.19,7.14,9.7,5.1,4.25
2022-02-05,Non-vaccinés,36206.51,10067.0,12428.85,5579.28,489.39,373.94,80.23,63.48,96.84,73.97,
2022-02-07,Complet - avec 3 rappels entre 3 et 6 mois ou plus,0.0,0.0,0.0,0.0,0.0,0.0,0.0,0.0,0.0,0.0,0.0
2022-02-08,Non-vaccinés,48427.16,15599.42,17547.43,8678.35,585.94,439.96,87.62,73.56,86.41,69.24,
2022-02-08,Complet - avec 1 rappel de moins de 3 mois,125695.93,29062.28,29040.48,13993.4,531.89,425.64,71.14,52.5,51.06,39.25,59.8
2022-02-08,Complet - avec 2 rappels entre 3 mois et 6 mois,53.46,9.69,5.75,0.15,0.0,0.0,0.0,0.0,0.14,0.0,0.0
2022-02-09,Complet de moins de 3 mois - sans rappel,9974.13,2414.74,2535.1,1251.12,59.5,42.36,4.89,2.48,11.91,9.83,4.18
2022-02-09,Complet - avec 3 rappels de moins de 3 mois,2.37,2.01,0.33,0.0,0.0,0.0,0.0,0.0,0.0,0.0,0.0
2022-02-10,Primo dose récente,642.55,146.23,186.62,89.28,6.24,5.6,0.04,0.0,1.06,0.06,0.27
2022-02-10,Complet - avec 1 rappel de moins de 3 mois,104481.61,25012.34,23176.45,11547.65,486.82,379.31,70.06,61.51,50.83,40.6,59.79
2022-02-11,Primo dose efficace,3247.64,764.3,853.99,394.84,43.1,31.3,5.65,5.3,12.57,9.19,1.68
2022-02-11,Complet - avec 3 rappels entre 3 et 6 mois ou plus,0.0,0.0,0.0,0.0,0.0,0.0,0.0,0.0,0.0,0.0,0.0
2022-02-12,Complet - avec 1 rappel entre 3 mois et 6 mois,11524.97,1329.06,1770.28,641.75,176.21,134.67,11.69,8.03,45.2,33.41,8.01
2022-02-13,Complet - avec 1 rappel entre 3 mois et 6 mois,4348.74,555.84,707.57,217.19,142.69,109.15,20.44,16.09,39.09,29.71,8.17
2022-02-13,Complet - avec 3 rappels de moins de 3 mois,0.02,0.01,0.01,0.0,0.0,0.0,0.0,0.0,0.0,0.0,0.0
2022-02-14,Primo dose récente,600.63,128.55,186.36,94.06,4.43,2.65,0.13,0.11,2.24,1.24,0.22
2022-02-14,Complet de 6 mois ou plus - sans rappel,22404.93,5592.28,6015.92,3058.36,115.35,91.84,13.31,9.85,29.04,21.64,10.84
2022-02-14,Complet - avec 1 rappel entre 3 mois et 6 mois,28166.3,3428.88,5165.57,1775.61,250.71,198.1,22.53,18.5,42.03,32.45,8.18
2022-02-15,Primo dose récente,456.84,101.51,129.99,66.07,4.31,1.44,0.14,0.11,0.45,0.06,0.21
2022-02-15,Complet - avec 1 rappel de moins de 3 mois,97312.15,20320.44,19262.96,9326.35,425.16,334.93,58.98,44.83,44.83,35.11,60.38
2022-02-15,Complet - avec 1 rappel entre 3 mois et 6 mois,22010.27,2689.92,3980.47,1267.55,270.4,211.55,18.62,16.03,44.12,31.6,8.5
2022-02-17,Primo dose récente,332.5,63.55,77.51,37.19,2.74,1.65,0.24,0.11,0.07,0.01,0.18
2022-02-17,Primo dose efficace,2460.73,450.04,520.77,229.89,37.73,25.86,4.98,4.37,10.37,5.82,1.55
2022-02-17,Complet - avec 2 rappels de moins de 3 mois,716.15,97.51,94.18,34.71,7.22,5.88,0.04,0.0,1.0,0.0,0.39
2022-02-18,Complet - avec 1 rappel entre 3 mois et 6 mois,17236.34,2578.84,3249.86,1183.86,217.68,165.85,20.02,15.75,40.21,33.28,9.65
2022-02-18,Complet - avec 2 rappels entre 3 mois et 6 mois,20.26,2.24,3.39,1.12,0.02,0.0,0.0,0.0,0.28,0.0,0.01
2022-02-19,Non-vaccinés,21129.64,4165.76,4564.56,2089.52,237.49,175.08,51.21,42.77,58.52,42.85,
2022-02-19,Complet - avec 3 rappels de moins de 3 mois,4.11,0.0,0.0,0.0,0.0,0.0,0.0,0.0,0.0,0.0,0.0
2022-02-20,Complet - avec 2 rappels de moins de 3 mois,234.82,23.3,19.8,4.33,1.12,0.12,0.01,0.0,0.2,0.0,0.42
2022-02-20,Complet - avec 2 rappels entre 3 mois et 6 mois,10.24,1.03,0.07,0.0,0.0,0.0,0.0,0.0,0.0,0.0,0.01
2022-02-20,Complet - avec 3 rappels entre 3 et 6 mois ou plus,0.0,0.0,0.0,0.0,0.0,0.0,0.0,0.0,0.0,0.0,0.0
2022-02-22,Complet de moins de 3 mois - sans rappel,6580.74,1238.03,1148.28,554.9,36.38,29.53,1.78,1.41,10.45,10.01,4.04
2022-02-22,Complet - avec 1 rappel entre 3 mois et 6 mois,23317.44,2708.9,3517.02,1188.98,248.28,184.48,23.16,19.0,37.24,30.33,10.71
2022-02-22,Complet - avec 3 rappels de moins de 3 mois,7.14,0.01,1.01,0.0,0.0,0.0,0.0,0.0,0.0,0.0,0.0
2022-02-24,Complet - avec 1 rappel entre 3 mois et 6 mois,16847.78,2551.87,2997.42,1167.71,220.92,168.76,22.24,20.65,24.44,17.75,11.61
2022-02-24,Complet - avec 1 rappel de 6 mois ou plus,1.16,0.05,0.16,0.05,0.0,0.0,0.0,0.0,0.0,0.0,0.0
2022-02-25,Complet - avec 1 rappel de moins de 3 mois,70270.45,13439.39,11798.15,5752.97,216.86,176.37,39.25,33.97,27.32,20.73,59.46
2022-02-25,Complet - avec 2 rappels entre 3 mois et 6 mois,20.42,3.52,4.09,2.42,0.0,0.0,0.0,0.0,0.0,0.0,0.01
2022-02-27,Complet entre 3 mois et 6 mois - sans rappel,2756.83,339.89,367.15,135.32,43.38,30.0,6.53,5.11,9.08,5.92,9.08
2022-02-28,Primo dose efficace,2287.11,351.24,386.69,167.09,14.97,12.14,4.64,4.24,5.16,3.71,1.38
2022-02-28,Complet de moins de 3 mois - sans rappel,6984.19,1408.4,1262.58,661.33,26.56,24.38,3.46,3.04,5.61,3.16,3.88
2022-03-01,Complet - avec 1 rappel de moins de 3 mois,72367.61,13933.93,11051.06,5758.11,248.02,209.17,26.74,21.02,24.27,20.25,57.93
2022-03-01,Complet - avec 3 rappels entre 3 et 6 mois ou plus,0.0,0.0,0.0,0.0,0.0,0.0,0.0,0.0,0.0,0.0,0.0
2022-03-02,Complet - avec 1 rappel entre 3 mois et 6 mois,24982.61,3337.7,3545.93,1490.22,234.44,185.26,22.82,17.15,29.91,22.82,15.05
2022-03-05,Non-vaccinés,16456.47,3442.47,3160.62,1591.54,136.18,107.49,31.13,26.24,33.17,28.88,
2022-03-05,Complet entre 3 mois et 6 mois - sans rappel,6038.14,873.7,902.82,429.42,32.46,25.37,4.45,4.0,7.19,6.41,7.49
2022-03-06,Primo dose récente,46.1,5.04,6.78,3.35,1.03,1.0,0.0,0.0,0.06,0.02,0.07
2022-03-06,Complet - avec 1 rappel entre 3 mois et 6 mois,7310.69,888.12,900.4,326.08,162.07,124.15,27.72,22.28,27.94,20.52,18.82
2022-03-07,Primo dose efficace,2148.51,335.51,344.07,151.75,15.76,13.91,1.18,1.18,0.77,0.55,1.3
2022-03-07,Complet - avec 1 rappel de 6 mois ou plus,606.39,59.7,103.27,29.07,5.5,3.75,0.11,0.04,1.15,0.73,0.2
2022-03-09,Complet de moins de 3 mois - sans rappel,5143.9,1170.4,994.0,555.4,27.55,22.14,0.2,0.2,5.09,4.98,3.62
2022-03-09,Complet entre 3 mois et 6 mois - sans rappel,8181.75,1976.51,1634.74,880.3,44.82,35.17,8.3,8.23,7.68,6.23,6.91
2022-03-10,Complet - avec 1 rappel de moins de 3 mois,54867.58,14717.16,11148.82,6699.42,179.63,141.32,23.1,19.09,20.98,18.54,50.05
2022-03-10,Complet - avec 1 rappel entre 3 mois et 6 mois,29613.41,6188.59,6127.45,3097.71,271.34,206.23,32.6,27.19,34.29,31.13,22.38
2022-03-11,Complet - avec 3 rappels de moins de 3 mois,3.21,0.06,0.03,0.0,0.0,0.0,0.0,0.0,0.0,0.0,0.0
2022-03-12,Complet de 6 mois ou plus - sans rappel,11881.8,1990.29,1662.33,847.69,48.42,36.11,8.1,7.5,12.25,10.57,15.29
2022-03-12,Complet - avec 2 rappels entre 3 mois et 6 mois,38.47,2.49,4.81,1.16,0.0,0.0,0.25,0.25,0.0,0.0,0.02
2022-03-12,Complet - avec 2 rappels de 6 mois ou plus,0.0,0.0,0.0,0.0,0.0,0.0,0.0,0.0,0.0,0.0,0.0
2022-03-14,Primo dose récente,145.71,19.59,22.64,11.39,1.29,1.26,0.0,0.0,0.0,0.0,0.05
2022-03-14,Complet entre 3 mois et 6 mois - sans rappel,10270.96,2700.98,2497.69,1433.63,40.38,29.05,5.09,4.73,3.12,2.75,6.23
2022-03-14,Complet - avec 2 rappels de 6 mois ou plus,0.14,0.0,0.04,0.0,0.0,0.0,0.0,0.0,0.0,0.0,0.0
2022-03-16,Complet - avec 1 rappel de moins de 3 mois,61782.91,18425.87,14834.74,8949.39,169.36,130.91,21.75,18.81,14.25,13.16,43.35
2022-03-17,Complet de moins de 3 mois - sans rappel,4669.32,1521.22,1215.56,739.21,20.65,18.73,2.49,2.36,2.12,1.8,3.26
2022-03-17,Complet - avec 2 rappels entre 3 mois et 6 mois,77.58,11.27,18.54,8.95,2.08,2.08,0.08,0.0,0.0,0.0,0.03
2022-03-17,Complet - avec 3 rappels de moins de 3 mois,5.03,2.03,2.03,1.03,0.0,0.0,0.0,0.0,0.0,0.0,0.0
2022-03-18,Complet de moins de 3 mois - sans rappel,5076.32,1555.76,1362.0,799.54,18.37,14.68,0.09,0.07,0.72,0.14,3.2
2022-03-18,Complet de 6 mois ou plus - sans rappel,17740.58,5555.93,4227.11,2636.83,62.51,41.8,7.12,4.2,7.42,6.84,16.03
2022-03-19,Primo dose récente,84.83,13.96,17.55,12.28,1.42,1.34,0.0,0.0,0.0,0.0,0.04
2022-03-21,Complet - avec 2 rappels entre 3 mois et 6 mois,173.63,37.85,48.33,25.99,0.01,0.0,0.33,0.25,0.0,0.0,0.03
2022-03-21,Complet - avec 2 rappels de 6 mois ou plus,0.45,0.06,0.16,0.06,0.09,0.09,0.0,0.0,0.0,0.0,0.0
2022-03-22,Complet - avec 1 rappel de 6 mois ou plus,3452.27,673.87,980.68,446.8,41.43,32.64,1.51,0.31,3.24,3.11,1.11
2022-03-23,Complet - avec 2 rappels entre 3 mois et 6 mois,110.8,29.38,31.51,18.61,0.0,0.0,0.0,0.0,0.03,0.0,0.04
2022-03-24,Complet de 6 mois ou plus - sans rappel,23149.55,9502.08,7591.21,4948.67,99.35,69.94,8.15,5.82,7.09,5.94,16.72
2022-03-25,Complet de moins de 3 mois - sans rappel,5493.52,2045.61,1863.64,1111.24,15.5,11.61,1.53,0.16,4.48,4.4,2.87
2022-03-26,Primo dose récente,76.09,25.57,26.4,18.1,1.07,1.06,0.0,0.0,0.0,0.0,0.03
2022-03-26,Complet - avec 1 rappel de 6 mois ou plus,2607.7,512.0,675.44,331.12,48.25,37.6,5.17,4.0,4.09,1.94,1.47
2022-03-27,Complet - avec 1 rappel de 6 mois ou plus,914.82,159.52,183.09,75.35,47.31,38.72,3.58,2.4,6.56,6.42,1.49
2022-03-28,Complet - avec 2 rappels de 6 mois ou plus,5.83,1.07,0.26,0.06,0.0,0.0,0.0,0.0,0.0,0.0,0.0
2022-03-28,Complet - avec 3 rappels de moins de 3 mois,9.33,3.02,5.08,3.02,0.0,0.0,0.0,0.0,0.0,0.0,0.0
2022-03-29,Complet de 6 mois ou plus - sans rappel,29662.14,12038.44,9379.13,5945.33,113.27,92.83,11.3,7.82,15.88,13.29,17.18
2022-03-29,Complet - avec 3 rappels entre 3 et 6 mois ou plus,0.0,0.0,0.0,0.0,0.0,0.0,0.0,0.0,0.0,0.0,0.0
2022-03-30,Complet - avec 1 rappel de moins de 3 mois,60264.99,23779.5,21522.67,13685.52,188.3,153.64,19.59,13.79,9.91,6.79,30.28
2022-03-30,Complet - avec 1 rappel de 6 mois ou plus,5728.27,1150.4,1739.12,758.85,72.17,54.87,3.59,1.73,7.44,6.15,1.64
2022-03-30,Complet - avec 2 rappels de moins de 3 mois,1788.79,400.5,389.68,215.7,16.14,11.27,0.5,0.38,1.82,1.64,0.83
2022-03-30,Complet - avec 3 rappels entre 3 et 6 mois ou plus,0.0,0.0,0.0,0.0,0.0,0.0,0.0,0.0,0.0,0.0,0.0
2022-04-01,Complet de 6 mois ou plus - sans rappel,22805.57,8711.7,7110.41,4359.08,102.81,78.8,10.47,9.08,10.58,8.0,17.44
2022-04-02,Complet de 6 mois ou plus - sans rappel,16816.6,4689.65,4464.73,2485.73,81.38,64.1,3.74,3.24,9.76,7.83,17.54
2022-04-03,Primo dose efficace,451.37,74.6,82.79,31.12,10.24,8.86,0.14,0.14,1.59,1.57,1.18
2022-04-03,Complet entre 3 mois et 6 mois - sans rappel,1681.13,335.97,363.21,172.19,28.9,19.39,3.4,3.27,1.67,1.57,4.46
2022-04-07,Complet - avec 1 rappel de 6 mois ou plus,6797.71,1544.05,2212.9,1019.06,117.55,86.77,9.99,7.72,8.57,4.84,2.16
2022-04-07,Complet - avec 3 rappels de moins de 3 mois,5.12,0.0,1.04,0.0,0.0,0.0,0.0,0.0,0.0,0.0,0.0
2022-04-11,Complet de moins de 3 mois - sans rappel,5591.48,2004.95,2062.17,1250.23,29.7,24.85,1.39,1.1,2.21,2.11,2.28
2022-04-13,Complet - avec 1 rappel entre 3 mois et 6 mois,106200.66,37464.92,41670.87,25137.01,633.4,504.82,78.66,64.75,52.05,42.44,51.61
2022-04-13,Complet - avec 1 rappel de 6 mois ou plus,8822.98,1739.17,2623.85,1115.9,118.12,91.35,13.06,11.99,16.47,11.85,2.61
2022-04-13,Complet - avec 3 rappels de moins de 3 mois,5.51,0.12,1.08,0.03,0.0,0.0,0.0,0.0,0.0,0.0,0.0
2022-04-14,Primo dose récente,68.26,16.35,15.34,9.85,0.17,0.13,0.0,0.0,0.0,0.0,0.04
2022-04-15,Complet entre 3 mois et 6 mois - sans rappel,5640.16,1805.13,1871.15,1054.12,48.33,34.42,5.65,5.26,5.6,4.05,4.25
2022-04-17,Primo dose efficace,398.09,52.8,50.54,22.38,8.14,7.3,1.54,0.44,2.52,1.23,1.16
2022-04-18,Primo dose récente,36.25,1.26,5.32,1.09,0.0,0.0,0.0,0.0,0.0,0.0,0.03
2022-04-20,Complet de 6 mois ou plus - sans rappel,21733.27,5713.76,4951.35,2818.9,112.64,90.43,10.05,8.71,16.5,14.54,18.5
2022-04-22,Complet de moins de 3 mois - sans rappel,2331.21,593.37,600.91,339.29,15.57,12.0,0.88,0.38,0.09,0.0,1.71
2022-04-24,Complet de 6 mois ou plus - sans rappel,4976.17,692.38,616.13,254.36,48.87,39.88,3.68,2.74,9.69,8.26,18.7
2022-04-24,Complet - avec 2 rappels de 6 mois ou plus,3.18,0.04,0.14,0.0,0.0,0.0,0.0,0.0,0.0,0.0,0.0
2022-04-25,Complet de moins de 3 mois - sans rappel,2673.65,713.65,791.7,450.15,11.19,8.42,1.09,1.04,0.31,0.23,1.61
2022-04-26,Complet - avec 1 rappel de moins de 3 mois,13007.06,3217.83,2924.35,1668.57,48.7,37.4,10.71,9.25,5.09,5.0,10.35
2022-04-27,Complet - avec 3 rappels entre 3 et 6 mois ou plus,4.04,1.02,1.02,1.02,0.0,0.0,0.0,0.0,0.0,0.0,0.0
2022-04-28,Complet - avec 2 rappels entre 3 mois et 6 mois,329.31,73.54,80.01,38.5,4.09,3.59,0.14,0.0,0.15,0.11,0.25
2022-04-30,Complet de 6 mois ou plus - sans rappel,13107.28,1741.6,1542.85,734.16,46.2,33.99,6.54,3.51,6.11,4.93,18.88
2022-04-30,Complet - avec 1 rappel de moins de 3 mois,7896.4,1147.19,1156.4,589.79,19.54,15.9,1.87,1.52,3.64,3.62,8.49
2022-05-02,Complet - avec 1 rappel de moins de 3 mois,11451.94,2422.8,2305.73,1337.05,31.89,26.71,1.83,1.17,1.43,1.29,8.03
2022-05-02,Complet - avec 1 rappel entre 3 mois et 6 mois,97460.13,22900.83,26274.34,15101.17,422.44,351.12,43.16,32.09,41.18,34.04,59.73
2022-05-02,Complet - avec 2 rappels entre 3 mois et 6 mois,631.34,77.77,87.41,36.54,4.44,2.08,1.49,1.46,0.16,0.12,0.28
2022-05-06,Complet - avec 1 rappel de moins de 3 mois,7070.67,1181.25,1004.14,534.43,20.68,14.81,1.74,1.63,0.15,0.1,6.78
2022-05-07,Complet de 6 mois ou plus - sans rappel,12882.24,1590.7,1299.29,640.76,36.32,24.47,8.49,7.11,8.54,6.98,19.07
2022-05-08,Complet - avec 1 rappel de moins de 3 mois,1849.35,190.93,162.36,61.34,15.49,13.88,3.41,3.15,1.32,1.18,6.0
2022-05-08,Complet - avec 1 rappel entre 3 mois et 6 mois,15005.25,1917.12,2071.66,876.72,172.53,140.97,26.41,20.81,28.13,21.46,60.8
2022-05-08,Complet - avec 1 rappel de 6 mois ou plus,2165.13,250.01,273.59,82.75,51.85,40.09,11.02,9.04,7.04,4.88,5.16
2022-05-10,Complet entre 3 mois et 6 mois - sans rappel,4296.21,838.1,781.14,402.31,21.68,13.35,2.12,1.04,2.19,1.4,4.11
2022-05-10,Complet - avec 3 rappels entre 3 et 6 mois ou plus,1.02,0.01,0.0,0.0,0.0,0.0,0.0,0.0,0.0,0.0,0.0
2022-05-11,Non-vaccinés,17619.48,3949.11,3237.96,1809.85,116.0,94.72,14.38,13.18,15.52,12.5,
2022-05-11,Complet - avec 2 rappels de 6 mois ou plus,6.9,1.2,0.3,0.18,0.0,0.0,0.0,0.0,0.05,0.0,0.0
2022-07-07,Complet de 6 mois ou plus - sans rappel,29846.21,8869.71,7617.8,4558.26,125.11,99.81,18.95,16.24,9.64,6.73,20.92
2022-07-08,Complet - avec 2 rappels entre 3 mois et 6 mois,2420.43,610.46,710.29,381.53,26.38,19.02,2.34,1.29,0.56,0.29,1.46
2022-07-09,Non-vaccinés,24520.26,5034.08,4822.82,2487.28,156.45,113.15,22.39,17.78,13.7,9.64,
2022-07-11,Complet - avec 3 rappels entre 3 et 6 mois ou plus,10.61,3.36,4.48,2.22,0.09,0.0,0.0,0.0,0.0,0.0,0.0
2022-07-12,Complet - avec 2 rappels entre 3 mois et 6 mois,2801.07,730.26,872.44,416.01,52.53,39.6,3.18,2.12,4.26,4.2,1.6
2022-07-13,Non-vaccinés,30911.0,7892.53,7299.2,4023.93,233.72,175.44,24.61,15.28,14.98,11.98,
2022-07-14,Complet de moins de 3 mois - sans rappel,123.14,19.29,14.26,5.58,2.81,2.26,0.14,0.01,0.0,0.0,0.24
2022-07-15,Non-vaccinés,31594.14,8246.78,7977.09,4529.49,219.12,166.85,22.36,18.71,22.29,14.36,
2022-07-18,Primo dose récente,92.05,12.79,15.52,8.43,0.08,0.07,0.01,0.01,0.0,0.0,0.02
2022-07-19,Primo dose récente,64.03,7.56,9.0,3.21,3.21,3.05,0.01,0.01,0.0,0.0,0.02
2022-07-19,Complet - avec 3 rappels entre 3 et 6 mois ou plus,11.58,3.21,3.9,3.17,1.09,0.0,0.08,0.0,0.0,0.0,0.0
2022-07-21,Complet de moins de 3 mois - sans rappel,420.36,76.97,68.58,28.52,0.18,0.08,0.16,0.14,0.02,0.01,0.24
2022-07-23,Complet - avec 2 rappels de 6 mois ou plus,228.16,38.8,52.68,21.75,3.12,3.03,0.01,0.01,0.05,0.0,0.2
2022-07-24,Complet - avec 1 rappel de 6 mois ou plus,11999.23,2189.89,2686.85,1131.72,318.73,252.59,33.71,30.52,32.51,27.17,55.08
2022-07-25,Complet de moins de 3 mois - sans rappel,566.28,82.66,66.83,32.52,2.17,1.0,1.19,1.0,0.04,0.01,0.24
2022-07-26,Complet - avec 2 rappels de moins de 3 mois,7372.04,1316.39,1348.19,652.38,82.53,64.06,7.71,6.36,5.54,3.88,6.14
2022-07-29,Complet de 6 mois ou plus - sans rappel,21722.02,3741.23,2790.67,1450.86,74.68,59.14,9.07,8.23,10.31,9.52,21.56
2022-08-03,Complet - avec 3 rappels entre 3 et 6 mois ou plus,3.17,1.12,1.36,1.04,0.06,0.06,0.16,0.08,0.0,0.0,0.0
2022-08-04,Complet de 6 mois ou plus - sans rappel,15064.32,2610.71,1973.78,1048.14,71.34,59.62,4.01,2.37,7.58,5.6,21.77
2022-08-08,Complet - avec 1 rappel de moins de 3 mois,1677.5,181.01,144.23,56.25,8.25,6.43,0.22,0.04,0.07,0.07,1.31
2022-08-10,Primo dose récente,25.35,2.77,0.42,0.02,0.02,0.0,0.0,0.0,0.0,0.0,0.01
2022-08-10,Complet - avec 3 rappels entre 3 et 6 mois ou plus,10.04,1.13,1.13,0.02,0.02,0.0,0.0,0.0,0.0,0.0,0.0
2022-08-11,Complet - avec 2 rappels de 6 mois ou plus,244.3,52.05,39.2,18.44,0.06,0.0,1.14,1.02,1.35,0.14,0.36
2022-08-12,Complet - avec 2 rappels entre 3 mois et 6 mois,2130.81,398.33,413.24,167.67,36.01,31.0,3.68,2.22,4.77,3.37,2.77
2022-08-13,Non-vaccinés,9490.73,1253.63,942.19,492.68,65.0,49.82,6.74,5.15,7.96,3.37,
2022-08-13,Primo dose récente,14.59,1.37,0.02,0.0,0.0,0.0,0.0,0.0,0.0,0.0,0.01
2022-08-13,Complet - avec 1 rappel de 6 mois ou plus,25088.21,4368.69,4130.31,2289.06,154.43,113.51,30.26,24.75,41.66,34.23,60.06
2022-08-13,Complet - avec 2 rappels de 6 mois ou plus,225.1,33.11,30.68,15.19,0.08,0.0,0.18,0.18,1.0,1.0,0.39
2022-08-15,Complet - avec 2 rappels de moins de 3 mois,1862.72,192.93,184.83,56.59,22.91,16.5,4.18,3.28,5.26,2.77,7.04
2022-08-15,Complet - avec 2 rappels de 6 mois ou plus,122.35,8.21,15.82,4.49,3.49,3.32,1.1,1.0,0.0,0.0,0.39
2022-08-16,Complet de moins de 3 mois - sans rappel,308.93,31.65,27.72,16.26,1.08,1.0,0.0,0.0,0.01,0.0,0.2
2022-08-16,Complet - avec 2 rappels de 6 mois ou plus,448.47,71.51,75.62,35.92,3.83,2.33,0.26,0.26,0.0,0.0,0.4
2022-08-17,Primo dose récente,20.46,4.51,3.91,1.42,0.01,0.01,0.0,0.0,0.0,0.0,0.01
2022-08-18,Primo dose récente,17.86,2.21,2.39,2.12,1.0,1.0,0.0,0.0,0.0,0.0,0.01
2022-08-19,Primo dose efficace,580.77,71.3,65.06,27.14,3.3,3.06,0.27,0.27,1.06,1.0,1.07
2022-08-20,Complet - avec 1 rappel entre 3 mois et 6 mois,1450.83,182.8,150.95,81.35,10.43,7.31,0.03,0.03,0.46,0.22,2.82
2022-08-20,Complet - avec 2 rappels de moins de 3 mois,4458.2,430.24,337.71,137.9,23.81,15.28,2.09,2.09,2.53,2.26,7.01
2022-08-20,Complet - avec 3 rappels de moins de 3 mois,40.35,2.55,6.69,2.33,0.0,0.0,0.0,0.0,0.0,0.0,0.05
2022-08-21,Complet de 6 mois ou plus - sans rappel,3292.69,308.67,204.31,68.96,25.14,17.86,2.44,2.24,2.14,2.0,22.23
2022-08-21,Complet - avec 2 rappels entre 3 mois et 6 mois,963.85,115.36,90.64,28.59,15.84,12.5,0.31,0.11,4.07,3.4,3.11
2022-08-22,Primo dose efficace,860.02,133.28,97.38,57.93,4.26,4.06,0.45,0.25,0.31,0.2,1.07
2022-08-22,Complet - avec 1 rappel de 6 mois ou plus,48873.99,10766.51,9414.81,5890.89,204.15,165.49,24.73,20.05,28.33,23.91,61.54
2022-08-23,Primo dose récente,17.3,0.2,0.59,0.06,0.0,0.0,0.0,0.0,0.0,0.0,0.01
2022-08-23,Complet - avec 1 rappel entre 3 mois et 6 mois,1634.85,328.73,219.67,136.74,4.68,3.33,0.06,0.0,1.22,1.0,2.56
2022-08-25,Complet de 6 mois ou plus - sans rappel,8962.21,1880.49,1155.99,707.83,42.05,31.14,8.3,6.62,1.91,1.77,22.29
2022-08-25,Complet - avec 2 rappels de moins de 3 mois,3394.55,649.87,450.23,239.52,24.44,20.36,0.74,0.33,2.19,2.19,6.92
2022-08-26,Primo dose récente,14.07,0.21,0.65,0.1,0.01,0.01,0.0,0.0,0.0,0.0,0.01
2022-08-26,Complet de moins de 3 mois - sans rappel,151.92,22.38,10.99,3.92,0.06,0.0,0.0,0.0,0.06,0.0,0.19
2022-08-27,Non-vaccinés,8005.58,1084.85,821.69,418.64,50.83,35.25,4.17,3.6,9.79,6.82,
2022-08-27,Complet de 6 mois ou plus - sans rappel,9368.88,1098.46,724.95,392.74,20.07,14.99,6.36,4.45,1.85,0.75,22.31
2022-08-28,Primo dose efficace,224.88,17.78,14.09,4.79,1.41,1.0,0.17,0.03,0.0,0.0,1.06
2022-08-28,Complet - avec 2 rappels entre 3 mois et 6 mois,1000.05,90.83,63.55,18.2,13.07,7.45,3.55,3.45,4.27,3.0,3.28
2022-08-28,Complet - avec 3 rappels de moins de 3 mois,16.61,0.18,0.08,0.02,0.0,0.0,0.01,0.01,0.0,0.0,0.05
2022-08-28,Complet - avec 3 rappels entre 3 et 6 mois ou plus,4.18,1.07,0.01,0.0,0.0,0.0,0.0,0.0,0.0,0.0,0.01
2022-08-29,Complet de 6 mois ou plus - sans rappel,14452.93,2540.19,1733.12,1057.04,46.18,36.95,4.17,2.61,5.86,3.94,22.34
2022-08-30,Primo dose récente,6.68,1.15,1.0,1.0,0.0,0.0,0.0,0.0,0.0,0.0,0.01
2022-08-30,Complet entre 3 mois et 6 mois - sans rappel,256.31,34.48,28.17,11.43,0.0,0.0,0.0,0.0,0.0,0.0,0.37
2022-08-31,Complet - avec 1 rappel de moins de 3 mois,827.4,104.61,59.47,31.84,0.33,0.06,0.12,0.02,0.21,0.0,1.11
2022-08-31,Complet - avec 3 rappels de moins de 3 mois,60.06,6.59,3.75,1.24,0.0,0.0,0.0,0.0,0.0,0.0,0.06
2022-08-31,Complet - avec 3 rappels entre 3 et 6 mois ou plus,13.25,1.2,1.13,0.05,0.0,0.0,0.0,0.0,0.0,0.0,0.01
2022-09-01,Complet - avec 2 rappels entre 3 mois et 6 mois,2439.92,346.11,280.89,115.84,21.94,13.6,4.42,2.2,3.21,2.75,3.41
2022-09-01,Complet - avec 3 rappels de moins de 3 mois,37.43,1.63,5.63,0.32,1.0,1.0,0.0,0.0,0.0,0.0,0.06
2022-09-01,Complet - avec 3 rappels entre 3 et 6 mois ou plus,10.96,1.12,0.15,0.04,0.0,0.0,0.0,0.0,0.0,0.0,0.01
2022-09-04,Complet - avec 1 rappel de moins de 3 mois,241.58,19.51,11.03,3.54,2.53,2.27,0.01,0.01,0.02,0.02,1.05
2022-09-05,Complet - avec 2 rappels entre 3 mois et 6 mois,5535.35,520.86,494.44,206.2,35.29,26.81,1.26,1.04,2.81,1.45,3.55
2022-09-05,Complet - avec 3 rappels entre 3 et 6 mois ou plus,15.97,0.14,1.15,0.11,0.0,0.0,0.0,0.0,0.0,0.0,0.01
2022-09-06,Primo dose efficace,738.5,91.43,62.15,34.57,4.3,3.66,0.21,0.0,0.55,0.45,1.06
2022-09-06,Complet - avec 2 rappels de 6 mois ou plus,486.06,52.63,35.66,20.48,5.27,5.06,0.13,0.0,0.0,0.0,0.55
2022-09-07,Primo dose récente,10.06,0.08,1.16,0.08,0.0,0.0,0.0,0.0,0.0,0.0,0.01
2022-09-07,Complet - avec 1 rappel de moins de 3 mois,798.55,82.46,36.37,18.25,1.41,1.12,1.0,1.0,0.0,0.0,1.04
2022-09-07,Complet - avec 1 rappel de 6 mois ou plus,38515.99,7138.06,5396.6,3406.3,143.94,112.65,21.41,17.15,15.51,14.68,62.22
2022-09-07,Complet - avec 3 rappels entre 3 et 6 mois ou plus,4.92,0.05,0.1,0.05,0.0,0.0,0.0,0.0,0.0,0.0,0.01
2022-09-08,Complet - avec 1 rappel entre 3 mois et 6 mois,846.33,160.94,85.25,49.87,4.87,4.39,1.05,1.0,0.0,0.0,1.64
2022-09-09,Complet entre 3 mois et 6 mois - sans rappel,186.82,40.83,24.46,14.93,1.74,1.42,0.22,0.05,0.0,0.0,0.3
2022-09-10,Complet de moins de 3 mois - sans rappel,130.83,13.88,8.99,3.28,0.0,0.0,0.0,0.0,0.01,0.0,0.17
2022-09-10,Complet - avec 1 rappel de 6 mois ou plus,35891.79,4509.05,3502.9,2093.31,93.23,68.12,12.28,11.82,12.59,10.86,62.19
2022-09-11,Non-vaccinés,3327.99,563.66,407.5,170.66,36.88,28.89,4.26,4.0,5.48,2.32,
2022-09-12,Complet - avec 1 rappel de 6 mois ou plus,61837.95,13083.16,10467.2,6992.99,147.22,116.6,23.82,20.36,16.48,15.25,62.21
2022-09-12,Complet - avec 2 rappels de moins de 3 mois,9457.71,887.99,725.56,413.66,27.69,21.48,0.79,0.39,0.3,0.0,6.79
2022-09-12,Complet - avec 3 rappels entre 3 et 6 mois ou plus,18.81,2.22,0.16,0.08,0.0,0.0,0.01,0.0,0.0,0.0,0.01
2022-09-13,Complet - avec 1 rappel de 6 mois ou plus,48414.88,11027.06,7967.98,5186.49,164.44,128.09,22.86,19.3,11.73,10.73,62.2
2022-09-13,Complet - avec 3 rappels entre 3 et 6 mois ou plus,11.26,0.22,0.1,0.04,0.0,0.0,0.0,0.0,0.0,0.0,0.01
2022-09-14,Primo dose récente,10.84,2.08,1.07,0.0,0.02,0.0,0.01,0.01,0.0,0.0,0.01
2022-09-14,Complet entre 3 mois et 6 mois - sans rappel,252.5,59.43,36.0,20.28,1.01,1.0,0.05,0.04,0.0,0.0,0.28
2022-09-14,Complet - avec 2 rappels de moins de 3 mois,6088.17,844.29,580.39,343.1,25.42,23.08,0.4,0.34,2.33,2.33,6.75
2022-09-14,Complet - avec 3 rappels entre 3 et 6 mois ou plus,13.17,2.32,1.15,1.03,0.0,0.0,0.0,0.0,0.0,0.0,0.01
2022-09-15,Primo dose efficace,635.33,160.68,103.38,70.5,5.72,5.46,1.3,1.0,0.0,0.0,1.06
2022-09-16,Complet - avec 2 rappels de moins de 3 mois,5188.01,817.24,583.85,337.77,34.01,26.3,2.19,2.19,1.69,1.39,6.69
2022-09-16,Complet - avec 3 rappels entre 3 et 6 mois ou plus,10.88,3.3,2.12,1.04,0.0,0.0,0.0,0.0,0.0,0.0,0.01
2022-09-17,Complet de moins de 3 mois - sans rappel,128.11,16.04,6.57,3.62,1.0,0.0,0.0,0.0,0.0,0.0,0.16
2022-09-17,Complet - avec 2 rappels entre 3 mois et 6 mois,3817.94,364.42,292.59,137.86,29.46,25.8,0.31,0.16,2.12,1.29,4.05
2022-09-18,Non-vaccinés,3549.41,687.63,393.79,169.82,50.53,35.6,8.1,7.39,5.89,4.62,
2022-09-18,Complet - avec 2 rappels entre 3 mois et 6 mois,1278.44,118.26,101.54,34.04,24.29,21.03,2.05,1.17,3.13,3.08,4.05
2022-09-19,Primo dose récente,21.37,4.06,2.21,1.05,0.0,0.0,0.0,0.0,0.0,0.0,0.01
2022-09-20,Complet - avec 2 rappels entre 3 mois et 6 mois,5271.87,756.41,635.99,317.62,37.29,28.89,2.81,2.37,9.24,7.91,4.07
2022-09-21,Complet entre 3 mois et 6 mois - sans rappel,242.74,70.65,39.75,24.48,1.07,1.0,0.06,0.0,0.02,0.0,0.26
2022-09-22,Complet - avec 1 rappel de moins de 3 mois,661.45,147.63,72.13,39.15,3.34,3.23,0.03,0.01,0.04,0.0,0.9
2022-09-23,Complet - avec 1 rappel de moins de 3 mois,741.26,163.15,75.46,39.7,3.27,3.12,1.03,1.0,0.0,0.0,0.89
2022-09-23,Complet - avec 2 rappels entre 3 mois et 6 mois,4513.07,879.54,747.27,411.0,54.76,41.6,6.12,4.15,1.54,1.19,4.22
2022-09-23,Complet - avec 2 rappels de 6 mois ou plus,847.83,177.4,135.92,79.33,10.08,6.85,0.36,0.08,0.27,0.27,0.89
2022-09-23,Complet - avec 3 rappels entre 3 et 6 mois ou plus,12.67,2.79,2.71,1.42,0.02,0.0,0.0,0.0,0.0,0.0,0.01
2022-09-25,Primo dose récente,5.11,0.0,0.04,0.0,0.06,0.0,0.0,0.0,0.0,0.0,0.01
2022-09-27,Complet de moins de 3 mois - sans rappel,178.85,51.41,27.37,16.99,0.08,0.04,1.0,1.0,0.0,0.0,0.14
2022-09-27,Complet - avec 1 rappel de 6 mois ou plus,60181.18,19098.51,14234.7,9552.71,317.14,256.32,32.61,23.51,15.27,11.25,62.06
2022-09-28,Primo dose efficace,929.13,248.4,142.51,79.19,4.15,3.68,0.08,0.08,1.04,0.0,1.06
2022-09-28,Complet entre 3 mois et 6 mois - sans rappel,260.48,56.26,27.93,14.95,0.28,0.21,0.0,0.0,0.0,0.0,0.24
2022-09-28,Complet de 6 mois ou plus - sans rappel,17416.78,5694.22,3125.75,2052.09,73.4,53.9,9.31,7.91,3.37,1.8,22.42
2022-09-28,Complet - avec 2 rappels de 6 mois ou plus,1272.41,282.2,253.48,142.13,25.8,19.87,1.1,1.0,0.06,0.0,1.06
2022-09-29,Non-vaccinés,11460.05,4108.1,2212.88,1352.5,115.1,80.02,14.67,10.7,8.87,6.45,
2022-09-29,Complet - avec 3 rappels entre 3 et 6 mois ou plus,23.65,5.6,7.72,4.38,0.0,0.0,0.01,0.0,0.0,0.0,0.01
2022-09-30,Complet - avec 1 rappel de moins de 3 mois,722.65,167.35,100.59,62.2,4.62,4.47,0.07,0.01,0.0,0.0,0.79
2022-09-30,Complet - avec 2 rappels de 6 mois ou plus,1303.94,308.99,274.73,154.5,27.37,17.89,2.17,2.01,0.19,0.0,1.16
2022-09-30,Complet - avec 3 rappels entre 3 et 6 mois ou plus,22.99,5.69,5.71,3.45,0.02,0.0,0.0,0.0,0.0,0.0,0.01
2022-10-01,Complet - avec 1 rappel de moins de 3 mois,649.42,85.33,54.06,20.42,4.67,4.32,0.01,0.01,1.0,1.0,0.76
2022-10-02,Primo dose efficace,237.49,38.92,31.7,4.78,6.97,2.43,0.0,0.0,0.07,0.0,1.06
2022-10-02,Complet - avec 1 rappel de moins de 3 mois,201.51,16.82,14.39,1.52,2.58,1.33,1.09,1.09,0.0,0.0,0.75
2022-10-02,Complet - avec 3 rappels de moins de 3 mois,14.75,1.44,1.51,0.18,0.0,0.0,0.0,0.0,0.0,0.0,0.08
2022-10-03,Complet - avec 2 rappels de moins de 3 mois,10444.18,2063.91,1950.7,1183.38,65.48,55.16,8.13,7.56,4.9,3.7,5.66
2022-10-03,Complet - avec 2 rappels de 6 mois ou plus,2651.59,541.41,596.54,328.83,34.8,25.14,1.39,1.22,2.26,2.26,1.25
2022-10-03,Complet - avec 3 rappels de moins de 3 mois,158.84,24.13,26.31,11.3,1.36,1.25,0.0,0.0,0.0,0.0,0.08
2022-10-04,Complet - avec 2 rappels de 6 mois ou plus,2009.96,452.77,455.12,254.09,44.12,33.57,1.89,1.33,1.14,1.14,1.28
2022-10-05,Complet - avec 1 rappel de 6 mois ou plus,63555.73,22730.83,18102.14,12261.12,409.23,314.09,40.85,34.26,19.79,17.35,61.95
2022-10-05,Complet - avec 2 rappels entre 3 mois et 6 mois,7952.76,1814.32,1932.76,1042.64,113.81,86.61,8.29,7.1,9.49,8.89,5.24
2022-10-06,Complet de moins de 3 mois - sans rappel,117.95,27.77,22.81,10.21,2.1,2.1,0.0,0.0,0.0,0.0,0.12
2022-10-06,Complet entre 3 mois et 6 mois - sans rappel,236.84,71.57,54.51,26.57,2.11,1.1,1.07,1.0,1.16,1.0,0.24
2022-10-07,Complet - avec 2 rappels entre 3 mois et 6 mois,7734.44,1929.13,2042.31,1043.35,101.9,77.28,13.36,10.36,5.44,4.25,5.56
2022-10-08,Complet de 6 mois ou plus - sans rappel,12344.22,2898.09,1906.64,1132.92,53.12,36.13,10.98,9.99,6.63,6.32,22.41
2022-10-08,Complet - avec 3 rappels de moins de 3 mois,78.77,10.94,11.28,4.37,0.42,0.4,0.1,0.0,0.0,0.0,0.08
2022-10-11,Primo dose efficace,916.49,230.88,140.36,84.01,7.98,6.76,0.07,0.01,0.0,0.0,1.05
2022-10-11,Complet de moins de 3 mois - sans rappel,148.07,29.46,20.74,10.78,1.31,1.19,0.0,0.0,0.0,0.0,0.12
2022-10-11,Complet - avec 1 rappel de moins de 3 mois,801.62,179.96,107.69,59.27,2.15,1.56,0.04,0.0,1.0,1.0,0.61
2022-10-11,Complet - avec 1 rappel entre 3 mois et 6 mois,1783.65,439.53,314.37,176.96,14.05,10.7,2.29,2.29,2.05,2.05,1.49
2022-10-11,Complet - avec 2 rappels de 6 mois ou plus,3047.77,720.97,659.26,351.88,56.01,43.64,3.39,3.01,5.08,3.82,1.63
2022-10-12,Complet - avec 1 rappel entre 3 mois et 6 mois,1613.84,426.26,319.22,172.27,12.01,8.9,0.37,0.15,1.14,0.05,1.5
2022-10-12,Complet - avec 2 rappels de moins de 3 mois,5726.9,1371.39,1186.19,688.73,58.27,47.4,5.94,5.59,3.18,3.04,4.29
2022-10-12,Complet - avec 2 rappels de 6 mois ou plus,2809.24,699.14,729.76,359.69,68.43,50.35,6.91,6.55,3.93,3.17,1.7
2022-10-14,Complet de moins de 3 mois - sans rappel,108.82,25.48,17.75,7.71,1.37,1.34,0.0,0.0,0.27,0.17,0.11
2022-10-17,Non-vaccinés,21798.77,6504.7,3752.74,2297.01,161.1,123.27,8.61,7.89,12.89,9.44,
2022-10-17,Complet - avec 2 rappels de moins de 3 mois,8101.1,1674.92,1535.32,892.6,54.99,45.48,5.22,5.18,5.29,3.25,4.02
2022-10-17,Complet - avec 2 rappels entre 3 mois et 6 mois,14715.06,3135.63,3562.3,1900.22,141.97,103.18,11.72,9.13,9.97,8.78,6.3
2022-10-18,Complet - avec 1 rappel entre 3 mois et 6 mois,1741.87,435.21,296.18,163.17,11.77,8.06,1.11,1.01,0.05,0.0,1.49
2022-10-18,Complet - avec 2 rappels de 6 mois ou plus,3533.42,736.87,831.2,387.51,63.69,51.24,4.38,2.9,9.62,7.2,1.91
2022-10-19,Complet - avec 3 rappels de moins de 3 mois,119.06,32.52,22.76,14.22,1.05,1.05,0.01,0.01,0.01,0.01,0.1
2022-10-20,Primo dose efficace,665.25,190.27,99.59,62.18,7.0,5.48,1.06,1.06,2.1,2.0,1.05
2022-10-20,Complet - avec 2 rappels de 6 mois ou plus,2497.57,674.22,668.42,340.72,56.98,43.91,4.04,3.64,7.56,6.4,2.01
2022-10-20,Complet - avec 3 rappels entre 3 et 6 mois ou plus,58.6,14.3,10.72,4.71,2.59,2.31,0.0,0.0,0.18,0.0,0.03
2022-10-21,Complet entre 3 mois et 6 mois - sans rappel,221.0,53.83,37.92,16.04,0.75,0.47,0.0,0.0,0.0,0.0,0.23
2022-10-22,Complet - avec 2 rappels de moins de 3 mois,3240.46,476.59,390.71,191.04,23.13,18.67,0.15,0.01,0.28,0.02,3.53
2022-10-24,Complet de moins de 3 mois - sans rappel,137.53,21.35,18.92,9.1,0.06,0.06,0.0,0.0,0.0,0.0,0.1
2022-10-24,Complet - avec 1 rappel de 6 mois ou plus,72401.93,21260.21,18277.2,11599.74,387.77,294.23,46.16,40.82,38.76,31.86,61.59
2022-10-25,Complet - avec 1 rappel de moins de 3 mois,506.99,91.2,59.25,27.08,1.77,1.39,0.02,0.0,0.02,0.0,0.45
2022-10-25,Complet - avec 1 rappel de 6 mois ou plus,52170.17,14694.34,11489.44,7091.61,374.07,291.16,26.31,20.41,19.88,15.26,61.55
2022-10-25,Complet - avec 2 rappels de moins de 3 mois,3956.02,707.92,571.33,281.87,36.0,27.46,2.51,2.13,1.08,1.08,3.47
2022-10-26,Non-vaccinés,12072.82,3125.77,1436.97,767.81,99.14,77.47,9.01,6.46,15.33,14.79,
2022-10-27,Non-vaccinés,5127.29,1361.93,582.36,242.87,99.87,76.37,9.22,7.66,10.97,8.15,
2022-10-27,Complet de moins de 3 mois - sans rappel,46.95,10.59,7.71,2.18,1.05,1.0,0.0,0.0,0.0,0.0,0.1
2022-10-28,Complet de 6 mois ou plus - sans rappel,4239.0,884.38,667.99,338.44,73.38,51.39,13.46,12.58,10.44,7.66,22.39
2022-10-29,Complet de 6 mois ou plus - sans rappel,3257.71,584.13,385.22,189.06,35.58,24.75,3.67,3.28,6.63,5.89,22.39
2022-10-29,Complet - avec 1 rappel entre 3 mois et 6 mois,316.87,50.47,44.2,22.78,3.12,2.25,0.12,0.08,2.34,2.25,1.43
2022-10-29,Complet - avec 1 rappel de 6 mois ou plus,10682.73,2215.51,1903.18,974.73,185.62,135.79,23.71,20.41,39.08,32.43,61.29
2022-10-29,Complet - avec 2 rappels de moins de 3 mois,848.72,145.81,98.68,40.23,10.67,8.93,4.36,4.01,0.67,0.21,3.29
2022-11-01,Complet de 6 mois ou plus - sans rappel,2309.99,284.28,212.27,68.46,47.03,40.01,8.91,7.09,8.14,3.09,22.39
2022-11-01,Complet - avec 1 rappel entre 3 mois et 6 mois,233.02,30.2,24.66,6.89,7.55,6.94,1.01,1.0,2.32,2.0,1.42
2022-11-02,Complet de moins de 3 mois - sans rappel,94.39,21.17,8.04,3.31,0.0,0.0,0.0,0.0,0.0,0.0,0.09
2022-11-02,Complet - avec 2 rappels de moins de 3 mois,4065.22,778.6,500.75,271.3,25.63,21.57,5.59,4.44,0.51,0.0,3.26
2022-11-03,Non-vaccinés,7682.47,2352.59,1073.1,632.57,76.57,54.36,8.67,7.08,7.06,4.99,
2022-11-03,Primo dose récente,3.76,0.11,0.19,0.11,0.0,0.0,0.0,0.0,0.0,0.0,0.01
2022-11-03,Complet - avec 2 rappels de 6 mois ou plus,2606.54,525.07,506.69,216.18,58.33,45.58,6.64,6.48,4.18,3.58,2.52
2022-11-04,Complet - avec 1 rappel de 6 mois ou plus,35040.01,10109.65,7163.23,4436.57,266.48,208.48,32.81,26.57,37.85,31.64,61.07
2022-11-05,Complet de 6 mois ou plus - sans rappel,9060.41,1479.31,976.65,552.89,41.61,30.71,3.68,3.31,6.64,5.97,22.38
2022-11-05,Complet - avec 2 rappels entre 3 mois et 6 mois,7306.48,773.01,720.48,321.68,61.43,41.4,2.76,2.53,7.13,5.32,7.28
2022-11-05,Complet - avec 3 rappels de moins de 3 mois,349.25,33.44,22.26,9.62,1.1,1.0,0.0,0.0,0.07,0.0,0.32
2022-11-06,Non-vaccinés,3051.13,641.53,241.18,81.18,53.33,38.53,5.62,3.77,6.64,1.68,
2022-11-06,Complet de 6 mois ou plus - sans rappel,2778.16,372.64,268.52,99.21,40.34,31.42,6.87,6.11,8.35,6.83,22.38
2022-11-07,Complet - avec 1 rappel de moins de 3 mois,551.66,96.01,49.82,30.03,4.26,3.07,0.0,0.0,3.0,3.0,0.38
2022-11-07,Complet - avec 1 rappel entre 3 mois et 6 mois,1498.96,292.53,214.43,122.0,10.76,8.88,1.16,1.09,1.04,1.0,1.35
2022-11-08,Primo dose efficace,603.05,112.44,66.56,40.06,2.0,1.88,1.02,1.0,3.0,2.0,1.05
2022-11-08,Complet - avec 3 rappels de moins de 3 mois,399.41,62.01,42.7,16.62,5.04,2.08,0.02,0.0,0.0,0.0,0.33
2022-11-09,Non-vaccinés,7798.44,2267.26,1131.65,636.08,84.82,66.26,8.9,7.62,9.36,8.03,
2022-11-09,Primo dose efficace,487.96,118.43,57.92,25.56,1.14,0.72,0.06,0.01,0.12,0.0,1.05
2022-11-09,Complet - avec 1 rappel de moins de 3 mois,298.5,61.06,22.68,11.04,1.33,1.0,0.26,0.26,0.02,0.0,0.37
2022-11-10,Complet - avec 3 rappels entre 3 et 6 mois ou plus,53.28,9.09,9.64,4.46,0.87,0.07,0.0,0.0,0.0,0.0,0.05
2022-11-12,Complet - avec 1 rappel entre 3 mois et 6 mois,983.73,125.68,99.98,46.63,7.62,6.67,1.18,1.0,1.24,1.0,1.28
2022-11-13,Non-vaccinés,3237.51,781.27,316.43,131.07,56.72,45.9,5.51,4.64,11.09,9.31,
2022-11-13,Complet - avec 1 rappel entre 3 mois et 6 mois,256.65,31.77,21.08,6.25,5.05,3.4,0.1,0.0,0.09,0.0,1.27
2022-11-13,Complet - avec 1 rappel de 6 mois ou plus,9693.45,1463.08,1288.65,589.89,150.27,107.89,17.93,13.82,19.05,17.13,60.86
2022-11-14,Non-vaccinés,8256.67,1583.55,887.72,439.84,90.55,66.99,12.78,10.56,7.49,5.89,
2022-11-15,Complet entre 3 mois et 6 mois - sans rappel,113.44,20.46,14.87,5.37,1.25,1.0,0.0,0.0,0.0,0.0,0.19
2022-11-17,Complet - avec 2 rappels de 6 mois ou plus,3368.52,692.94,699.59,320.39,72.72,56.55,4.39,3.9,4.96,3.86,2.99
2022-11-18,Complet - avec 1 rappel de 6 mois ou plus,34019.01,10353.9,7842.39,5081.76,291.9,225.14,37.07,32.43,28.01,23.13,60.63
2022-11-18,Complet - avec 3 rappels entre 3 et 6 mois ou plus,48.51,7.42,13.48,6.72,3.11,3.11,1.28,1.28,1.0,1.0,0.06
2022-11-19,Complet - avec 1 rappel de moins de 3 mois,284.62,30.87,16.74,7.58,1.92,1.12,0.04,0.0,0.17,0.17,0.36
2022-11-19,Complet - avec 1 rappel entre 3 mois et 6 mois,729.44,113.13,69.76,46.4,2.85,2.6,0.2,0.02,0.17,0.0,1.2
2022-11-20,Non-vaccinés,3505.0,975.26,331.2,120.19,66.71,46.64,10.36,8.1,11.74,10.87,
2022-11-20,Complet de moins de 3 mois - sans rappel,18.69,4.98,1.69,0.13,0.04,0.0,0.0,0.0,0.0,0.0,0.08
2022-11-21,Complet de moins de 3 mois - sans rappel,104.1,18.89,15.61,7.67,0.01,0.01,0.08,0.08,0.0,0.0,0.08
2022-11-21,Complet - avec 1 rappel entre 3 mois et 6 mois,1357.78,312.67,237.89,136.72,4.87,2.87,0.45,0.37,1.0,1.0,1.19
2022-11-22,Primo dose efficace,693.4,195.48,123.11,74.44,4.1,3.64,3.0,3.0,0.0,0.0,1.04
2022-11-22,Complet - avec 3 rappels de moins de 3 mois,777.49,104.14,78.06,30.99,5.93,3.29,0.23,0.23,1.01,1.0,0.54
2022-11-22,Complet - avec 3 rappels entre 3 et 6 mois ou plus,118.35,15.43,18.75,6.56,3.03,2.38,0.0,0.0,0.04,0.0,0.06
2022-11-23,Complet - avec 3 rappels entre 3 et 6 mois ou plus,79.75,17.88,17.79,7.84,3.4,3.08,0.0,0.0,0.07,0.0,0.06
2022-11-24,Primo dose efficace,555.66,184.31,117.2,71.25,8.22,7.91,0.2,0.0,0.32,0.2,1.04
2022-11-24,Complet - avec 2 rappels de moins de 3 mois,2377.83,610.49,390.74,226.8,25.92,21.0,1.15,1.15,2.52,1.35,3.4
2022-11-24,Complet - avec 2 rappels de 6 mois ou plus,3277.8,817.31,777.43,391.36,84.92,68.02,9.45,9.0,6.71,5.4,3.21
2022-11-25,Complet de moins de 3 mois - sans rappel,76.98,21.5,11.4,7.65,0.05,0.01,0.11,0.0,0.0,0.0,0.08
2022-11-25,Complet de 6 mois ou plus - sans rappel,11323.67,4529.34,2953.29,2012.0,75.26,63.03,7.54,6.87,5.97,4.81,22.36
2022-11-25,Complet - avec 1 rappel entre 3 mois et 6 mois,860.92,228.51,180.37,95.99,15.46,12.61,1.1,1.02,0.09,0.0,1.16
2022-11-26,Primo dose efficace,548.37,100.9,71.5,37.27,2.73,2.24,1.0,1.0,0.11,0.07,1.04
2022-11-26,Complet - avec 2 rappels de 6 mois ou plus,3619.92,482.95,555.32,239.82,59.48,42.15,7.2,6.93,6.93,6.44,3.2
2022-11-27,Complet - avec 1 rappel entre 3 mois et 6 mois,245.63,44.89,33.2,15.22,3.39,2.58,0.33,0.3,0.1,0.0,1.14
2022-11-27,Complet - avec 3 rappels de moins de 3 mois,238.59,44.55,28.09,16.74,8.56,7.9,0.04,0.02,0.0,0.0,0.66
2022-11-28,Complet - avec 3 rappels entre 3 et 6 mois ou plus,152.64,28.01,34.33,18.49,5.02,3.19,0.51,0.26,0.25,0.0,0.07
2022-11-30,Complet de moins de 3 mois - sans rappel,126.52,32.51,21.73,10.07,1.28,1.24,1.03,1.0,0.0,0.0,0.08
2022-12-02,Complet de 6 mois ou plus - sans rappel,7173.6,2049.93,1430.19,842.36,92.25,73.97,6.2,3.59,5.59,4.93,22.35
2022-12-02,Complet - avec 1 rappel entre 3 mois et 6 mois,551.57,104.24,93.37,37.57,13.26,10.31,2.05,2.01,0.0,0.0,1.09
2022-12-03,Complet de 6 mois ou plus - sans rappel,6413.4,1188.05,959.5,481.52,58.0,46.81,12.52,9.06,7.81,7.6,22.35
2022-12-03,Complet - avec 1 rappel de moins de 3 mois,195.91,17.77,18.04,2.64,1.74,1.36,0.03,0.0,0.0,0.0,0.35
2022-12-04,Complet de moins de 3 mois - sans rappel,27.15,5.59,3.65,2.05,0.15,0.15,0.0,0.0,0.0,0.0,0.08
2022-12-04,Complet entre 3 mois et 6 mois - sans rappel,40.83,6.14,6.08,0.22,1.9,1.0,0.0,0.0,0.0,0.0,0.17
2022-12-05,Primo dose récente,24.01,3.74,1.49,1.35,0.04,0.0,0.0,0.0,0.0,0.0,0.01
2022-12-06,Complet de moins de 3 mois - sans rappel,120.26,25.39,20.44,6.05,0.05,0.05,0.0,0.0,0.0,0.0,0.08
2022-12-06,Complet - avec 3 rappels entre 3 et 6 mois ou plus,135.02,22.81,26.42,11.25,4.47,3.0,0.04,0.0,0.03,0.0,0.07
2022-12-07,Complet - avec 2 rappels entre 3 mois et 6 mois,9141.93,2325.51,2178.98,1223.19,141.71,99.87,18.65,16.13,6.81,3.83,6.96
2022-12-07,Complet - avec 3 rappels entre 3 et 6 mois ou plus,131.26,29.79,27.19,13.33,4.64,3.18,0.0,0.0,0.0,0.0,0.07
2022-12-08,Non-vaccinés,13087.07,5874.96,2241.73,1385.34,152.57,115.7,15.39,14.17,13.47,10.98,
2022-12-08,Primo dose récente,17.16,3.35,1.15,1.07,0.0,0.0,0.04,0.0,0.0,0.0,0.01
2022-12-08,Complet - avec 2 rappels entre 3 mois et 6 mois,6731.19,2348.44,2050.78,1206.38,133.57,101.44,11.43,7.42,5.52,3.94,6.94
2022-12-09,Complet - avec 2 rappels entre 3 mois et 6 mois,8079.48,2252.4,2099.53,1172.05,171.64,126.24,17.95,17.48,13.29,8.05,6.9
2022-12-10,Non-vaccinés,11098.45,3314.01,1313.76,703.66,93.56,67.12,10.93,7.79,14.63,11.52,
2022-12-10,Complet - avec 3 rappels entre 3 et 6 mois ou plus,105.73,23.53,26.02,13.71,1.55,0.0,0.04,0.0,0.17,0.17,0.08
2022-12-11,Complet - avec 1 rappel de 6 mois ou plus,11159.55,2592.88,2364.86,1106.04,345.44,259.05,53.72,47.27,47.74,41.51,59.74
2022-12-12,Complet - avec 2 rappels de 6 mois ou plus,8533.12,1790.86,2064.4,961.99,130.71,103.1,18.29,14.77,7.84,5.3,3.53
2022-12-13,Complet de moins de 3 mois - sans rappel,138.62,26.26,19.41,5.92,1.01,1.01,0.0,0.0,0.0,0.0,0.08
2022-12-13,Complet - avec 1 rappel de moins de 3 mois,640.57,125.57,83.13,37.7,6.51,5.55,0.01,0.01,0.04,0.0,0.36
2022-12-13,Complet - avec 2 rappels de 6 mois ou plus,6855.64,1394.47,1647.97,676.58,154.96,116.74,11.33,7.24,15.14,13.26,3.54
2022-12-15,Complet entre 3 mois et 6 mois - sans rappel,136.43,41.69,29.26,13.34,4.22,3.15,0.01,0.01,0.0,0.0,0.15
2022-12-15,Complet - avec 1 rappel de moins de 3 mois,437.42,108.17,61.61,28.32,5.14,4.24,0.11,0.0,0.07,0.0,0.36
2022-12-15,Complet - avec 3 rappels entre 3 et 6 mois ou plus,108.6,24.62,37.3,11.21,2.56,2.46,0.0,0.0,0.0,0.0,0.08
2022-12-16,Non-vaccinés,12487.73,5454.87,1649.83,923.03,157.55,119.22,13.64,12.05,22.61,18.55,
2022-12-16,Complet entre 3 mois et 6 mois - sans rappel,147.61,46.87,34.05,14.66,3.62,3.58,0.0,0.0,1.0,1.0,0.15
2022-12-17,Primo dose efficace,564.81,116.5,75.75,31.94,4.86,3.06,0.05,0.0,3.11,3.0,1.04
2022-12-17,Complet - avec 1 rappel entre 3 mois et 6 mois,697.39,178.98,110.29,57.37,7.05,5.21,2.11,1.02,2.33,2.21,0.95
2022-12-17,Complet - avec 3 rappels de moins de 3 mois,1232.18,251.42,202.13,88.54,21.63,16.74,1.43,1.26,3.45,2.09,1.34
2022-12-18,Complet de moins de 3 mois - sans rappel,27.47,4.07,5.47,1.5,0.01,0.0,0.0,0.0,0.2,0.2,0.08
2022-12-18,Complet entre 3 mois et 6 mois - sans rappel,48.27,14.71,11.32,3.13,1.6,1.57,0.0,0.0,0.14,0.14,0.15
2022-12-19,Complet - avec 1 rappel de 6 mois ou plus,69396.95,27353.06,18303.23,12115.89,545.78,420.25,54.78,45.67,45.01,32.35,59.06
2022-12-20,Complet - avec 2 rappels de moins de 3 mois,5165.75,1467.6,746.89,372.34,57.75,46.2,2.03,1.38,1.6,1.45,4.5
2022-12-20,Complet - avec 3 rappels de moins de 3 mois,2292.79,571.05,433.51,208.38,30.71,27.27,1.36,0.23,2.07,1.87,1.43
2022-12-21,Primo dose récente,22.71,5.35,3.51,2.08,0.16,0.12,0.0,0.0,0.0,0.0,0.01
2022-12-22,Non-vaccinés,11279.13,5227.59,1466.78,812.33,162.53,124.04,13.27,10.2,14.26,9.65,
2022-12-22,Complet - avec 2 rappels de moins de 3 mois,4139.28,1515.52,733.64,392.51,48.53,37.35,5.57,3.24,2.94,2.33,4.76
2022-12-24,Complet - avec 1 rappel de 6 mois ou plus,20504.6,7140.7,4827.91,2828.97,269.46,199.05,33.44,26.28,43.15,33.77,58.28
2022-12-25,Primo dose efficace,154.09,25.77,17.83,3.68,7.55,6.05,0.18,0.1,0.03,0.0,1.03
2022-12-26,Primo dose efficace,551.75,135.35,77.94,36.47,5.34,2.87,3.2,3.01,2.4,1.2,1.03
2022-12-26,Complet de 6 mois ou plus - sans rappel,9896.37,3250.18,1708.13,994.52,88.88,68.04,13.16,9.3,11.7,9.84,22.27
2022-12-26,Complet - avec 3 rappels de moins de 3 mois,2027.7,516.85,344.52,140.97,38.04,31.34,2.2,2.12,3.83,3.67,1.84
2022-12-27,Complet - avec 3 rappels de moins de 3 mois,2057.36,549.12,321.5,133.36,36.69,30.18,1.59,1.36,3.37,3.37,1.9
2022-12-27,Complet - avec 3 rappels entre 3 et 6 mois ou plus,107.72,36.55,21.57,12.42,6.61,5.6,1.0,1.0,0.0,0.0,0.09
2022-12-28,Complet de moins de 3 mois - sans rappel,105.95,17.86,11.88,2.78,0.01,0.01,0.0,0.0,0.0,0.0,0.08
2022-12-28,Complet - avec 1 rappel entre 3 mois et 6 mois,566.88,181.56,97.99,47.6,3.89,3.3,3.27,2.01,2.88,2.61,0.83
2022-12-28,Complet - avec 2 rappels de moins de 3 mois,3654.14,1155.43,475.12,229.85,39.0,31.07,5.6,5.45,2.43,2.11,5.3
2022-12-30,Complet de 6 mois ou plus - sans rappel,8040.87,2637.82,1148.77,667.6,72.01,55.45,5.92,5.0,9.12,6.0,22.26
2022-12-31,Primo dose efficace,335.7,46.45,31.35,11.49,3.35,2.8,0.04,0.04,0.0,0.0,1.03
2022-12-31,Complet - avec 1 rappel entre 3 mois et 6 mois,383.69,75.42,43.92,19.94,3.5,2.22,0.01,0.0,3.11,3.11,0.77
2022-12-31,Complet - avec 3 rappels de moins de 3 mois,1693.64,296.82,165.69,62.68,14.52,11.2,3.12,3.12,1.07,1.07,2.11
2023-01-01,Complet de 6 mois ou plus - sans rappel,2007.09,337.77,139.02,48.91,33.37,25.27,3.69,2.93,6.52,5.9,22.26
2023-01-01,Complet - avec 1 rappel de moins de 3 mois,91.16,11.61,5.04,0.15,0.13,0.12,0.11,0.0,0.0,0.0,0.4
2023-01-01,Complet - avec 1 rappel entre 3 mois et 6 mois,117.25,21.01,9.26,2.19,1.65,1.17,0.28,0.05,1.28,1.14,0.76
2023-01-02,Non-vaccinés,9878.48,2272.09,831.6,365.8,103.05,77.39,13.41,11.31,16.02,10.14,
2023-01-02,Complet - avec 1 rappel entre 3 mois et 6 mois,707.04,146.03,72.08,31.5,6.19,5.91,0.14,0.14,2.23,1.0,0.75
2023-01-05,Non-vaccinés,5434.91,1629.59,411.2,185.82,72.92,56.22,8.17,7.29,16.42,14.19,
2023-01-05,Complet - avec 1 rappel de moins de 3 mois,272.65,71.57,23.77,6.93,3.17,2.93,1.15,1.0,0.17,0.17,0.4
2023-01-06,Complet de moins de 3 mois - sans rappel,54.91,9.07,1.4,1.14,1.71,1.34,0.01,0.01,0.0,0.0,0.08
2023-01-06,Complet de 6 mois ou plus - sans rappel,5901.68,1536.08,409.13,192.12,29.14,22.76,2.47,2.31,8.76,6.16,22.26
2023-01-06,Complet - avec 2 rappels de moins de 3 mois,3417.07,624.8,173.4,74.1,28.1,21.09,4.76,4.34,3.31,2.82,5.48
2023-01-06,Complet - avec 2 rappels de 6 mois ou plus,3689.7,720.05,347.35,116.41,56.01,39.25,5.92,3.51,14.67,11.66,4.96
2023-01-07,Complet - avec 1 rappel entre 3 mois et 6 mois,293.9,31.55,13.46,4.71,2.29,2.11,1.0,1.0,0.37,0.2,0.65
2023-01-07,Complet - avec 3 rappels de moins de 3 mois,1882.62,206.25,76.98,22.3,15.52,10.15,4.47,4.06,1.3,1.25,2.23
2023-01-08,Complet de moins de 3 mois - sans rappel,22.31,4.35,4.22,0.08,2.4,2.13,0.0,0.0,0.17,0.17,0.08
2023-01-08,Complet de 6 mois ou plus - sans rappel,2236.83,296.35,129.21,27.76,23.5,17.08,3.94,1.42,7.88,7.09,22.26
2023-01-08,Complet - avec 1 rappel de 6 mois ou plus,6887.92,977.1,465.97,135.65,113.55,88.42,20.0,15.4,28.24,22.43,57.74
2023-01-08,Complet - avec 2 rappels entre 3 mois et 6 mois,1090.02,163.24,81.63,23.76,18.75,14.2,1.37,0.47,2.9,2.25,4.69
2023-01-08,Complet - avec 3 rappels de moins de 3 mois,665.34,112.61,30.73,4.45,10.83,9.66,0.36,0.0,0.28,0.25,2.23
2023-01-09,Primo dose récente,14.76,0.16,0.15,0.08,0.0,0.0,0.0,0.0,0.0,0.0,0.01
2023-01-09,Complet - avec 3 rappels entre 3 et 6 mois ou plus,167.26,16.91,8.55,2.4,0.74,0.13,0.02,0.02,0.17,0.17,0.11
2023-01-10,Primo dose efficace,423.34,56.26,13.15,4.81,1.81,0.34,0.01,0.01,0.0,0.0,1.03
2023-01-10,Complet - avec 3 rappels entre 3 et 6 mois ou plus,137.24,12.78,5.33,1.45,0.64,0.01,0.0,0.0,0.12,0.0,0.12
2023-01-11,Complet entre 3 mois et 6 mois - sans rappel,88.91,10.03,9.45,4.08,0.03,0.03,0.0,0.0,0.03,0.0,0.11
2023-01-12,Complet - avec 3 rappels entre 3 et 6 mois ou plus,86.84,14.69,8.04,3.5,0.73,0.03,0.01,0.0,0.12,0.0,0.14
2023-01-14,Complet de 6 mois ou plus - sans rappel,6831.1,682.44,243.85,108.86,20.64,18.39,1.48,0.26,4.44,2.02,22.25
2023-01-14,Complet - avec 1 rappel de 6 mois ou plus,24963.19,2013.89,985.52,388.42,81.68,63.43,10.38,7.96,28.14,23.94,57.48
2023-01-14,Complet - avec 3 rappels entre 3 et 6 mois ou plus,144.54,12.29,7.76,0.15,1.18,0.0,0.0,0.0,0.03,0.0,0.16
2023-01-15,Complet - avec 1 rappel de moins de 3 mois,79.33,7.81,2.39,0.0,2.38,2.36,0.0,0.0,0.0,0.0,0.4
2023-01-16,Primo dose efficace,585.5,72.93,18.27,5.0,2.14,1.78,0.02,0.02,0.0,0.0,1.03
2023-01-16,Complet entre 3 mois et 6 mois - sans rappel,96.65,13.85,4.92,3.63,0.02,0.0,0.0,0.0,0.0,0.0,0.1
2023-01-16,Complet - avec 2 rappels de 6 mois ou plus,8159.21,664.23,399.57,122.44,52.95,43.15,11.02,8.74,10.54,5.34,5.78
2023-01-16,Complet - avec 3 rappels de moins de 3 mois,3794.99,308.42,146.35,43.38,9.93,6.79,3.33,3.33,1.33,1.0,2.49
2023-01-18,Complet de moins de 3 mois - sans rappel,53.18,3.98,1.49,1.14,0.38,0.0,0.05,0.02,0.16,0.16,0.07
2023-01-18,Complet - avec 2 rappels entre 3 mois et 6 mois,3161.63,297.88,124.83,43.31,15.05,12.73,1.51,0.72,4.24,3.49,4.04
2023-01-19,Non-vaccinés,5140.85,1393.31,276.43,111.8,26.32,19.11,3.84,2.5,2.39,1.34,
2023-01-19,Complet de 6 mois ou plus - sans rappel,4796.93,962.24,296.62,150.37,19.03,15.03,7.55,6.34,4.38,4.0,22.24
2023-01-20,Primo dose récente,14.26,1.68,0.14,0.0,0.0,0.0,0.0,0.0,0.0,0.0,0.01
2023-01-20,Complet entre 3 mois et 6 mois - sans rappel,36.99,7.49,2.97,1.68,0.04,0.04,0.0,0.0,0.06,0.06,0.1
2023-01-20,Complet - avec 2 rappels de 6 mois ou plus,4433.71,495.4,228.27,64.52,31.71,25.0,4.92,4.53,8.95,8.41,6.15
2023-01-22,Primo dose récente,1.78,0.41,0.14,0.0,0.0,0.0,0.01,0.01,0.0,0.0,0.01
2023-01-23,Complet de 6 mois ou plus - sans rappel,10632.62,1573.41,521.97,297.85,17.15,11.05,1.32,0.14,4.57,4.38,22.23
2023-01-24,Primo dose récente,11.93,0.02,0.07,0.0,0.0,0.0,0.01,0.0,0.0,0.0,0.01
2023-01-24,Complet de 6 mois ou plus - sans rappel,8199.01,1290.17,328.51,173.54,31.62,28.47,4.93,3.38,5.77,4.41,22.23
2023-01-24,Complet - avec 3 rappels entre 3 et 6 mois ou plus,318.94,31.68,17.34,2.87,1.28,1.01,0.21,0.17,0.06,0.0,0.27
2023-01-26,Complet - avec 3 rappels de moins de 3 mois,1280.72,168.9,60.39,20.79,7.37,6.14,1.17,1.14,3.17,2.0,2.8
2023-01-27,Primo dose efficace,322.27,48.07,12.38,7.1,0.17,0.17,0.01,0.0,0.0,0.0,1.03
2023-01-27,Complet - avec 2 rappels de moins de 3 mois,2876.06,326.31,66.17,25.23,11.47,10.68,2.44,2.29,0.45,0.44,5.25
2023-01-28,Complet - avec 1 rappel entre 3 mois et 6 mois,208.19,17.81,7.21,2.44,2.44,2.03,0.09,0.09,0.0,0.0,0.43
2023-01-28,Complet - avec 2 rappels de 6 mois ou plus,5165.75,350.05,155.19,43.48,24.87,17.47,3.82,3.42,5.81,3.72,6.62
2023-01-29,Primo dose récente,1.26,0.04,0.14,0.0,0.0,0.0,0.0,0.0,0.0,0.0,0.01
2023-01-29,Complet de 6 mois ou plus - sans rappel,2090.14,197.56,72.46,13.04,16.23,13.39,0.6,0.1,1.16,0.02,22.23
2023-01-30,Complet de 6 mois ou plus - sans rappel,10287.59,1545.29,471.47,265.13,24.43,14.7,2.02,1.56,4.62,3.62,22.23
2023-01-30,Complet - avec 2 rappels entre 3 mois et 6 mois,4312.33,284.9,119.81,41.35,13.7,8.48,4.26,3.08,1.45,1.45,3.59
2023-01-31,Primo dose efficace,430.06,58.43,13.08,5.08,1.12,0.37,0.0,0.0,0.0,0.0,1.03
2023-01-31,Complet de moins de 3 mois - sans rappel,69.52,15.12,2.38,1.35,0.05,0.05,0.0,0.0,0.0,0.0,0.07
2023-01-31,Complet entre 3 mois et 6 mois - sans rappel,48.76,6.82,2.23,0.07,0.06,0.0,0.0,0.0,0.0,0.0,0.09
2023-01-31,Complet - avec 1 rappel de moins de 3 mois,340.37,42.49,10.75,5.88,0.17,0.0,0.0,0.0,0.0,0.0,0.38
2023-02-01,Primo dose efficace,,,,,0.99,,0.0,,0.0,,1.03
2023-02-01,Complet de moins de 3 mois - sans rappel,,,,,0.05,,0.08,,0.0,,0.07
2023-02-01,Complet - avec 1 rappel de moins de 3 mois,,,,,0.62,,0.57,,0.0,,0.38
2023-02-01,Complet - avec 1 rappel entre 3 mois et 6 mois,,,,,0.42,,0.08,,1.0,,0.41
2023-02-01,Complet - avec 3 rappels de moins de 3 mois,,,,,9.04,,2.34,,1.29,,2.94
2023-02-02,Complet - avec 3 rappels de moins de 3 mois,,,,,9.94,,1.33,,2.51,,2.96
2023-02-03,Primo dose récente,,,,,0.0,,0.0,,0.0,,0.01
2023-02-03,Complet - avec 3 rappels entre 3 et 6 mois ou plus,,,,,0.65,,1.0,,0.05,,0.42
2023-02-04,Complet - avec 1 rappel de 6 mois ou plus,,,,,53.97,,7.18,,11.4,,56.99
2023-02-04,Complet - avec 2 rappels de moins de 3 mois,,,,,5.82,,1.1,,0.15,,5.12
2023-02-06,Complet - avec 3 rappels entre 3 et 6 mois ou plus,,,,,1.79,,0.22,,0.07,,0.46
2023-02-09,Complet - avec 1 rappel entre 3 mois et 6 mois,,,,,0.0,,0.0,,0.0,,0.39
2023-02-09,Complet - avec 2 rappels de 6 mois ou plus,,,,,47.56,,2.76,,6.04,,6.91
2023-02-10,Complet - avec 3 rappels entre 3 et 6 mois ou plus,,,,,4.1,,0.0,,1.0,,0.56
2023-02-11,Primo dose efficace,,,,,0.39,,0.0,,0.0,,1.03
2023-02-11,Complet de 6 mois ou plus - sans rappel,,,,,16.36,,1.53,,1.53,,22.22
2023-02-11,Complet - avec 3 rappels de moins de 3 mois,,,,,2.81,,1.45,,0.37,,3.05
2023-02-12,Complet entre 3 mois et 6 mois - sans rappel,,,,,0.01,,0.0,,0.0,,0.08
2023-02-12,Complet - avec 2 rappels de moins de 3 mois,,,,,6.03,,1.03,,1.3,,4.91
2023-02-15,Non-vaccinés,,,,,26.83,,1.42,,2.99,,
2023-02-16,Complet de moins de 3 mois - sans rappel,,,,,0.0,,0.0,,0.0,,0.07
2023-02-16,Complet - avec 1 rappel de moins de 3 mois,,,,,0.0,,0.01,,0.05,,0.35
2023-02-20,Complet - avec 2 rappels de moins de 3 mois,4012.31,319.89,120.4,49.78,9.06,7.22,1.18,1.03,1.0,0.0,4.61
2023-02-20,Complet - avec 3 rappels entre 3 et 6 mois ou plus,889.98,85.11,62.34,26.0,6.21,3.6,1.02,1.01,0.0,0.0,0.72
2023-02-21,Complet entre 3 mois et 6 mois - sans rappel,40.19,3.49,1.31,0.05,0.06,0.0,0.0,0.0,0.11,0.11,0.08
2023-02-21,Complet - avec 2 rappels de moins de 3 mois,2911.16,226.57,84.11,23.29,13.38,9.34,2.1,2.1,0.06,0.04,4.57
2023-02-23,Complet entre 3 mois et 6 mois - sans rappel,21.24,0.34,0.16,0.0,1.1,1.0,0.0,0.0,0.0,0.0,0.08
2023-02-25,Complet - avec 2 rappels entre 3 mois et 6 mois,2367.71,134.95,55.78,16.61,12.54,8.23,0.03,0.03,0.0,0.0,3.76
2023-02-26,Complet - avec 3 rappels de moins de 3 mois,533.89,59.97,29.04,5.92,9.05,7.29,0.0,0.0,1.07,1.07,2.97
2023-02-26,Complet - avec 3 rappels entre 3 et 6 mois ou plus,228.64,33.95,13.45,5.18,1.56,1.44,1.0,1.0,0.0,0.0,0.86
2023-02-27,Primo dose récente,3.46,0.0,0.0,0.0,0.0,0.0,0.0,0.0,0.0,0.0,0.0
2023-03-01,Non-vaccinés,5494.99,815.97,213.54,73.39,33.71,25.71,3.53,0.56,3.41,2.34,
2023-03-02,Complet - avec 1 rappel de 6 mois ou plus,8993.46,1509.68,818.32,381.78,85.07,54.71,12.71,10.06,1.0,1.0,56.84
2023-03-03,Complet - avec 1 rappel entre 3 mois et 6 mois,169.7,18.53,7.94,2.46,4.13,2.0,1.0,1.0,0.0,0.0,0.38
2023-03-04,Complet - avec 2 rappels de moins de 3 mois,2051.78,91.03,31.21,9.94,4.7,4.22,1.48,0.12,1.0,1.0,3.92
2023-03-09,Primo dose efficace,228.71,44.08,15.2,5.75,0.98,0.66,0.0,0.0,0.0,0.0,1.03
2023-03-09,Complet de 6 mois ou plus - sans rappel,3730.59,784.93,372.97,200.59,23.08,16.21,3.25,2.25,1.17,1.0,22.22
2023-03-19,Complet de moins de 3 mois - sans rappel,5.91,0.22,0.07,0.0,0.0,0.0,0.0,0.0,0.0,0.0,0.05
2023-03-19,Complet entre 3 mois et 6 mois - sans rappel,10.15,1.74,0.38,0.08,0.0,0.0,0.0,0.0,0.0,0.0,0.08
2023-03-19,Complet - avec 1 rappel entre 3 mois et 6 mois,62.97,8.73,4.11,0.24,1.12,1.08,0.0,0.0,0.0,0.0,0.42
2023-03-20,Primo dose récente,1.56,0.0,0.06,0.0,0.0,0.0,0.0,0.0,0.0,0.0,0.0
2023-03-22,Complet - avec 1 rappel de 6 mois ou plus,15860.14,2883.0,1934.61,1032.65,135.74,103.19,14.16,9.73,8.28,7.0,56.86
2023-03-23,Complet entre 3 mois et 6 mois - sans rappel,20.99,4.72,3.54,2.11,2.0,2.0,0.12,0.12,0.0,0.0,0.08
2023-03-30,Primo dose récente,1.04,0.0,0.0,0.0,0.0,0.0,0.01,0.0,0.0,0.0,0.0
2023-03-30,Complet entre 3 mois et 6 mois - sans rappel,28.57,8.45,3.61,1.18,0.0,0.0,0.0,0.0,0.0,0.0,0.08
2023-03-30,Complet - avec 1 rappel entre 3 mois et 6 mois,158.66,42.4,24.68,9.8,2.25,2.25,0.51,0.01,1.0,1.0,0.43
2023-03-30,Complet - avec 2 rappels de moins de 3 mois,393.61,98.64,45.94,18.12,5.98,5.5,0.02,0.02,0.0,0.0,1.58
2023-03-30,Complet - avec 3 rappels de moins de 3 mois,520.5,111.11,80.84,33.36,7.0,6.85,0.12,0.08,0.0,0.0,1.77
2023-04-01,Primo dose récente,1.11,0.0,0.0,0.0,0.0,0.0,0.0,0.0,0.0,0.0,0.0
2023-04-01,Primo dose efficace,230.46,25.44,16.18,5.77,1.64,1.23,0.12,0.12,0.0,0.0,1.03
2023-04-03,Complet - avec 1 rappel de 6 mois ou plus,20495.09,3640.5,2641.86,1541.14,148.56,105.08,15.99,11.71,9.69,7.0,56.88
2023-04-03,Complet - avec 2 rappels entre 3 mois et 6 mois,3582.19,453.74,338.16,156.87,32.88,23.07,1.58,1.41,0.42,0.0,5.63
2023-04-04,Non-vaccinés,4567.35,1131.67,377.36,180.23,28.02,21.04,4.89,4.3,0.65,0.25,
2023-04-04,Complet - avec 1 rappel entre 3 mois et 6 mois,215.79,43.98,13.01,6.55,2.0,2.0,0.2,0.14,0.0,0.0,0.42
2023-04-05,Complet - avec 1 rappel de moins de 3 mois,56.13,13.52,9.56,4.37,1.37,1.17,0.0,0.0,0.02,0.02,0.16
2023-04-05,Complet - avec 3 rappels de moins de 3 mois,666.34,95.46,66.07,28.5,6.05,3.71,0.01,0.0,0.0,0.0,1.66
2023-04-06,Non-vaccinés,3181.1,935.25,337.98,163.85,43.67,35.15,1.74,0.24,2.99,2.81,
2023-04-06,Complet entre 3 mois et 6 mois - sans rappel,22.27,3.8,4.46,1.17,0.0,0.0,0.0,0.0,0.05,0.05,0.07
2023-04-06,Complet - avec 2 rappels de 6 mois ou plus,2386.57,610.46,469.64,226.16,61.35,42.56,6.37,5.0,5.91,4.14,8.04
2023-04-06,Complet - avec 3 rappels de moins de 3 mois,406.64,98.89,65.92,33.54,5.89,5.09,1.08,1.0,1.0,1.0,1.61
2023-04-07,Complet - avec 1 rappel de 6 mois ou plus,7815.99,2430.36,1559.67,915.46,119.84,81.13,5.42,4.0,4.86,2.52,56.89
2023-04-08,Non-vaccinés,3117.8,596.82,250.27,101.58,30.7,21.0,2.8,1.8,3.2,1.62,
2023-04-08,Primo dose récente,0.04,0.0,0.0,0.0,0.0,0.0,0.0,0.0,0.0,0.0,0.0
2023-04-10,Complet - avec 3 rappels entre 3 et 6 mois ou plus,504.36,87.92,89.37,34.22,26.72,17.11,3.38,2.26,2.2,2.2,2.63
2023-04-11,Non-vaccinés,5932.05,1133.97,522.79,274.04,48.4,35.42,6.93,6.82,4.45,2.07,
2023-04-11,Complet - avec 1 rappel entre 3 mois et 6 mois,286.24,39.81,31.37,12.56,2.96,2.73,0.01,0.0,0.0,0.0,0.42
2023-04-12,Complet entre 3 mois et 6 mois - sans rappel,33.95,6.96,5.75,3.46,0.0,0.0,0.0,0.0,0.0,0.0,0.07
2023-04-12,Complet de 6 mois ou plus - sans rappel,4313.12,1020.77,609.08,371.19,21.67,15.65,5.92,4.59,3.33,3.25,22.24
2023-04-12,Complet - avec 1 rappel entre 3 mois et 6 mois,211.14,57.54,36.37,23.56,1.19,1.18,3.3,1.25,0.15,0.0,0.42
2023-04-12,Complet - avec 1 rappel de 6 mois ou plus,13533.71,3318.17,2143.6,1261.35,151.16,104.63,15.17,11.74,7.99,5.25,56.9
2023-04-12,Complet - avec 2 rappels de moins de 3 mois,393.31,84.38,43.02,22.59,4.62,2.58,1.0,1.0,1.0,1.0,0.99
2023-04-12,Complet - avec 2 rappels de 6 mois ou plus,3772.52,695.48,574.36,273.08,75.81,55.13,8.23,5.57,6.35,5.25,8.24
2023-04-12,Complet - avec 3 rappels de moins de 3 mois,637.32,130.78,83.84,39.5,7.11,5.74,2.12,2.07,0.17,0.0,1.35
2023-04-13,Primo dose récente,1.39,0.2,0.0,0.0,0.0,0.0,0.0,0.0,0.0,0.0,0.0
2023-04-13,Complet de 6 mois ou plus - sans rappel,3114.67,914.39,457.95,269.77,31.03,16.37,7.65,6.11,1.0,1.0,22.24
2023-04-13,Complet - avec 2 rappels de 6 mois ou plus,2656.5,767.17,605.64,315.42,81.83,54.86,9.07,8.26,4.86,3.0,8.28
2023-04-13,Complet - avec 3 rappels de moins de 3 mois,396.37,110.7,73.99,37.27,2.36,1.13,0.14,0.07,0.2,0.0,1.31
2023-04-14,Complet de moins de 3 mois - sans rappel,17.26,3.19,1.1,1.03,0.0,0.0,0.0,0.0,0.08,0.0,0.04
2023-04-14,Complet - avec 3 rappels entre 3 et 6 mois ou plus,1280.13,288.59,237.95,114.18,21.38,15.48,4.85,2.51,4.54,3.17,2.87
2023-04-15,Complet - avec 1 rappel de moins de 3 mois,41.26,5.62,1.26,0.09,0.0,0.0,0.0,0.0,0.0,0.0,0.12
2023-05-08,Complet - avec 2 rappels de moins de 3 mois,35.23,5.98,4.91,1.48,0.08,0.0,0.01,0.01,0.0,0.0,0.31
2023-05-09,Complet - avec 1 rappel de moins de 3 mois,31.16,6.35,3.26,0.05,0.0,0.0,0.12,0.12,0.0,0.0,0.08
2023-05-10,Primo dose efficace,160.4,31.96,16.69,10.82,0.84,0.64,0.0,0.0,0.04,0.0,1.03
2023-05-10,Complet entre 3 mois et 6 mois - sans rappel,18.96,2.35,2.17,1.04,0.0,0.0,0.0,0.0,0.05,0.0,0.07
2023-05-10,Complet - avec 2 rappels de moins de 3 mois,103.98,15.14,8.79,3.51,1.0,1.0,0.0,0.0,0.07,0.07,0.28
2023-05-12,Complet - avec 3 rappels entre 3 et 6 mois ou plus,1132.81,218.76,135.47,59.22,15.83,11.95,1.0,1.0,0.16,0.0,3.69
2023-05-13,Complet entre 3 mois et 6 mois - sans rappel,16.52,3.13,0.14,0.03,0.0,0.0,0.0,0.0,0.02,0.02,0.07
2023-05-13,Complet - avec 2 rappels de moins de 3 mois,81.61,7.03,2.45,2.26,0.0,0.0,0.0,0.0,0.01,0.01,0.24
2023-05-13,Complet - avec 2 rappels entre 3 mois et 6 mois,1038.24,136.24,59.8,33.22,2.31,1.9,1.12,1.0,1.34,1.25,4.98
2023-05-13,Complet - avec 3 rappels de moins de 3 mois,138.44,11.25,6.94,1.23,0.19,0.18,0.0,0.0,0.0,0.0,0.49
2023-05-14,Non-vaccinés,783.06,160.15,67.09,17.55,13.86,6.5,1.85,1.65,1.9,1.55,
2023-05-27,Complet - avec 3 rappels entre 3 et 6 mois ou plus,943.52,152.55,84.01,36.42,9.34,6.4,0.48,0.28,0.93,0.77,3.87
2023-05-28,Non-vaccinés,663.47,174.03,52.2,14.23,14.91,11.97,5.51,2.51,2.4,2.0,
2023-05-28,Complet - avec 2 rappels de 6 mois ou plus,754.27,158.13,75.64,24.66,22.05,13.07,3.98,3.73,2.57,2.17,10.41
2023-05-29,Complet de moins de 3 mois - sans rappel,1.09,0.0,0.0,0.0,0.04,0.0,0.0,0.0,0.01,0.0,0.02
2023-05-30,Complet - avec 2 rappels de 6 mois ou plus,4097.42,622.6,360.18,179.84,29.31,24.26,3.61,2.98,3.09,3.0,10.46
2023-06-01,Non-vaccinés,1867.59,500.18,169.02,95.25,20.6,15.28,3.04,1.78,0.28,0.28,
2023-06-01,Primo dose efficace,91.57,20.6,6.39,4.4,0.32,0.16,0.0,0.0,0.0,0.0,1.03
2023-06-01,Complet - avec 1 rappel de 6 mois ou plus,4603.62,1476.44,573.81,368.1,55.7,40.32,7.53,3.97,4.39,4.14,57.08
2023-06-01,Complet - avec 3 rappels de moins de 3 mois,71.67,20.77,11.34,5.77,0.04,0.0,1.09,1.01,0.0,0.0,0.36
2023-06-02,Primo dose récente,0.03,0.0,0.0,0.0,0.0,0.0,0.0,0.0,0.0,0.0,0.0
2023-06-02,Complet - avec 1 rappel entre 3 mois et 6 mois,75.36,20.19,7.09,2.85,0.11,0.01,0.0,0.0,0.01,0.0,0.32
2023-06-03,Primo dose récente,0.16,0.0,0.0,0.0,0.0,0.0,0.0,0.0,0.0,0.0,0.0
2023-06-03,Complet de 6 mois ou plus - sans rappel,1490.56,222.49,67.94,37.7,6.41,5.9,0.0,0.0,0.04,0.04,22.28
2023-06-03,Complet - avec 2 rappels entre 3 mois et 6 mois,614.23,77.84,29.45,9.64,2.63,2.32,0.25,0.25,0.09,0.09,3.94
2023-06-03,Complet - avec 3 rappels entre 3 et 6 mois ou plus,812.34,109.55,47.62,22.87,7.56,4.17,0.0,0.0,2.0,1.0,3.93
2023-06-04,Complet de moins de 3 mois - sans rappel,0.02,0.0,0.0,0.0,0.0,0.0,0.0,0.0,0.0,0.0,0.02
2023-06-04,Complet - avec 1 rappel de 6 mois ou plus,1598.5,274.75,114.86,32.42,24.35,13.78,5.02,4.25,1.0,1.0,57.1
2023-06-04,Complet - avec 2 rappels de 6 mois ou plus,744.51,131.43,40.35,15.54,10.58,3.82,0.51,0.0,3.75,3.75,10.85
2023-06-05,Complet - avec 2 rappels entre 3 mois et 6 mois,1079.84,170.48,69.34,32.59,3.71,2.38,0.0,0.0,0.11,0.0,3.9
2023-06-06,Complet entre 3 mois et 6 mois - sans rappel,15.35,1.2,1.08,1.08,0.0,0.0,0.0,0.0,0.05,0.0,0.06
2023-06-07,Non-vaccinés,1918.25,399.86,113.74,47.95,12.11,7.99,1.84,1.53,0.31,0.14,
2023-06-07,Primo dose récente,1.24,0.0,0.0,0.0,0.0,0.0,0.0,0.0,0.0,0.0,0.0
2023-06-07,Primo dose efficace,122.99,17.14,6.42,1.53,1.54,1.14,0.0,0.0,0.0,0.0,1.03
2023-06-07,Complet de 6 mois ou plus - sans rappel,1768.44,396.88,125.66,75.99,6.9,6.14,1.36,1.36,0.31,0.14,22.29
2023-06-08,Non-vaccinés,1702.62,431.41,134.11,71.19,9.91,5.51,0.48,0.41,0.5,0.33,
2023-06-08,Complet - avec 2 rappels de 6 mois ou plus,1621.23,432.09,198.65,110.13,19.52,12.96,0.38,0.28,0.92,0.42,11.19
2023-06-09,Complet - avec 2 rappels de 6 mois ou plus,2013.49,405.15,174.78,74.91,12.26,4.53,2.26,2.17,1.22,1.0,11.34
2023-06-10,Complet - avec 1 rappel de 6 mois ou plus,4733.62,629.92,239.0,115.75,13.59,8.25,5.2,4.0,5.64,3.62,57.14
2023-06-11,Complet - avec 1 rappel de 6 mois ou plus,1524.16,293.33,86.64,25.58,21.82,14.78,1.25,1.25,0.0,0.0,57.14
2021-11-03,Complet - avec 1 rappel de moins de 3 mois,6942.9,631.73,82.82,23.54,5.6,4.92,0.47,0.25,0.37,0.37,5.38
2021-11-05,Complet de moins de 3 mois - sans rappel,21366.32,2862.05,813.91,366.66,25.48,20.42,5.84,4.39,0.49,0.49,25.67
2021-11-14,Complet - avec 2 rappels de moins de 3 mois,1.19,0.04,0.0,0.0,0.0,0.0,0.0,0.0,0.0,0.0,0.0
2021-11-20,Complet - avec 1 rappel entre 3 mois et 6 mois,0.27,0.19,0.19,0.19,0.01,0.01,0.0,0.0,0.0,0.0,0.0
2021-11-24,Complet - avec 1 rappel de moins de 3 mois,18191.2,2141.3,438.32,134.57,33.42,25.97,2.85,2.41,3.89,3.66,9.56
2021-11-27,Complet - avec 3 rappels de moins de 3 mois,0.0,0.0,0.0,0.0,0.0,0.0,0.0,0.0,0.0,0.0,0.0
2021-11-28,Primo dose récente,232.3,22.44,23.78,11.37,4.2,4.0,0.2,0.2,0.0,0.0,0.54
2021-11-29,Complet - avec 1 rappel entre 3 mois et 6 mois,36.58,2.12,2.61,0.78,0.11,0.11,0.02,0.02,0.0,0.0,0.0
2021-11-30,Primo dose efficace,6629.5,1020.91,400.56,171.8,19.78,13.82,1.36,1.22,1.61,0.66,2.48
2021-12-01,Primo dose efficace,6393.44,1051.34,429.9,204.72,26.05,21.79,2.41,1.99,2.14,2.0,2.46
2021-12-02,Complet entre 3 mois et 6 mois - sans rappel,133607.33,33232.47,16180.58,8600.3,188.68,150.95,47.82,39.5,19.09,13.69,59.97
2021-12-04,Complet - avec 1 rappel entre 3 mois et 6 mois,299.87,14.02,8.84,2.22,1.03,1.03,0.05,0.04,0.08,0.0,0.2
2021-12-05,Complet - avec 2 rappels de moins de 3 mois,1.27,0.08,0.0,0.0,0.02,0.0,0.0,0.0,0.0,0.0,0.01
2021-12-06,Non-vaccinés,110856.16,25068.15,20252.51,9718.04,439.26,340.3,142.93,118.53,49.27,41.29,
2021-12-08,Primo dose récente,1380.6,265.87,209.37,120.43,6.71,4.37,0.55,0.15,0.0,0.0,0.5
2021-12-11,Complet - avec 1 rappel entre 3 mois et 6 mois,876.1,66.25,20.81,6.26,2.22,1.47,0.07,0.0,0.22,0.0,0.57
2021-12-13,Complet - avec 3 rappels de moins de 3 mois,0.0,0.0,0.0,0.0,0.0,0.0,0.0,0.0,0.0,0.0,0.0
2021-12-15,Complet de 6 mois ou plus - sans rappel,38827.28,6688.99,4578.08,2116.72,182.11,152.35,31.03,24.5,49.09,42.58,12.27
2021-12-17,Complet de 6 mois ou plus - sans rappel,37082.68,6141.13,4704.59,2003.42,163.97,133.98,24.57,20.92,44.18,35.63,11.8
2021-12-18,Complet - avec 3 rappels de moins de 3 mois,0.0,0.0,0.0,0.0,0.0,0.0,0.0,0.0,0.0,0.0,0.0
2021-12-20,Complet - avec 1 rappel de 6 mois ou plus,0.0,0.0,0.0,0.0,0.0,0.0,0.0,0.0,0.0,0.0,0.0
2021-12-29,Complet - avec 1 rappel de 6 mois ou plus,0.0,0.0,0.0,0.0,0.0,0.0,0.0,0.0,0.0,0.0,0.0
2022-01-04,Complet de moins de 3 mois - sans rappel,26280.96,7790.71,8605.62,4292.3,97.39,77.66,8.66,7.72,9.22,7.67,5.34
2022-02-15,Complet entre 3 mois et 6 mois - sans rappel,20455.03,5457.25,5802.05,2980.52,142.73,111.07,19.25,14.38,16.5,11.75,13.75
2022-02-16,Primo dose efficace,3094.26,566.0,660.55,266.87,42.05,32.4,2.84,2.46,11.08,7.89,1.58
2022-02-17,Complet - avec 3 rappels entre 3 et 6 mois ou plus,0.0,0.0,0.0,0.0,0.0,0.0,0.0,0.0,0.0,0.0,0.0
2022-02-18,Non-vaccinés,28212.28,7294.29,7528.77,3634.41,329.1,241.01,52.0,39.97,71.63,58.11,
2022-02-18,Complet de 6 mois ou plus - sans rappel,15604.58,3026.12,2960.16,1364.82,103.63,88.33,16.19,13.84,29.13,20.36,11.55
2022-02-19,Complet de moins de 3 mois - sans rappel,5373.62,743.58,823.41,367.19,25.0,17.88,7.23,4.22,7.86,5.71,4.07
2022-02-19,Complet - avec 1 rappel de 6 mois ou plus,0.03,0.02,0.03,0.02,0.0,0.0,0.11,0.04,0.05,0.05,0.0
2022-02-20,Primo dose efficace,654.55,79.1,100.05,31.49,16.23,11.98,1.45,1.4,12.8,11.15,1.48
2022-02-22,Primo dose récente,279.19,39.48,57.83,24.24,3.49,3.18,0.04,0.0,0.04,0.0,0.14
2022-02-22,Complet - avec 1 rappel de 6 mois ou plus,0.07,0.05,0.07,0.05,0.0,0.0,0.03,0.03,0.01,0.0,0.0
2022-03-05,Complet - avec 2 rappels de moins de 3 mois,788.74,46.0,53.5,18.86,1.91,1.46,0.31,0.17,0.25,0.25,0.53
2022-03-05,Complet - avec 2 rappels entre 3 mois et 6 mois,25.6,2.18,1.33,1.06,0.0,0.0,0.0,0.0,0.0,0.0,0.01
2022-03-06,Complet - avec 3 rappels entre 3 et 6 mois ou plus,0.0,0.0,0.0,0.0,0.0,0.0,0.0,0.0,0.0,0.0,0.0
2022-03-07,Primo dose récente,164.24,23.72,28.59,14.57,1.09,1.02,1.0,1.0,0.0,0.0,0.07
2022-03-07,Complet de moins de 3 mois - sans rappel,6617.43,1551.33,1382.8,762.6,20.81,14.87,2.6,2.32,3.0,2.8,3.69
2022-03-07,Complet - avec 3 rappels entre 3 et 6 mois ou plus,0.03,0.0,0.0,0.0,0.0,0.0,0.0,0.0,0.0,0.0,0.0
2022-03-08,Non-vaccinés,26932.1,7177.79,5805.33,3305.37,202.01,154.58,19.36,17.35,30.39,22.71,
2022-03-08,Complet - avec 2 rappels de 6 mois ou plus,0.0,0.0,0.0,0.0,0.0,0.0,0.0,0.0,0.0,0.0,0.0
2022-05-29,Complet - avec 2 rappels de moins de 3 mois,1032.72,86.2,41.65,9.97,13.22,9.65,1.52,1.23,2.57,2.28,3.1
2022-06-01,Complet de 6 mois ou plus - sans rappel,13980.22,2168.69,1288.48,663.76,47.93,39.85,7.67,7.32,3.9,3.78,19.84
2022-06-02,Complet - avec 2 rappels de moins de 3 mois,2729.39,393.71,320.81,142.07,21.75,16.28,1.81,1.29,4.0,4.0,3.23
2022-06-03,Complet - avec 3 rappels de moins de 3 mois,6.57,0.15,0.11,0.08,0.0,0.0,0.0,0.0,0.0,0.0,0.01
2022-06-04,Complet - avec 3 rappels de moins de 3 mois,8.73,2.18,0.14,0.08,0.0,0.0,0.0,0.0,0.0,0.0,0.01
2022-06-06,Primo dose récente,19.01,0.09,3.15,0.01,0.0,0.0,0.0,0.0,0.0,0.0,0.02
2022-06-06,Complet - avec 1 rappel de moins de 3 mois,721.11,69.01,46.56,18.8,3.54,2.68,0.27,0.01,1.16,1.0,1.63
2022-06-22,Complet - avec 1 rappel de moins de 3 mois,2059.06,355.7,297.14,155.6,7.43,6.56,1.13,1.06,0.32,0.32,1.44
2022-06-22,Complet - avec 1 rappel entre 3 mois et 6 mois,35212.42,11283.57,11587.99,7344.82,126.44,106.96,12.29,9.56,6.54,6.52,34.64
2022-06-22,Complet - avec 3 rappels de moins de 3 mois,18.87,1.14,3.3,0.03,0.0,0.0,0.0,0.0,0.0,0.0,0.01
2022-06-23,Complet - avec 3 rappels de moins de 3 mois,24.47,4.18,4.51,2.07,0.11,0.11,0.0,0.0,0.0,0.0,0.01
2022-06-24,Non-vaccinés,21193.87,5724.44,4925.39,2708.44,114.55,88.24,12.65,10.64,4.09,2.89,
2022-06-24,Complet - avec 1 rappel entre 3 mois et 6 mois,31973.12,11075.57,11447.86,6997.65,111.48,85.37,11.06,8.85,5.5,4.44,32.58
2022-06-24,Complet - avec 3 rappels de moins de 3 mois,15.74,1.29,0.63,0.13,0.0,0.0,0.0,0.0,0.0,0.0,0.01
2022-06-25,Complet - avec 1 rappel de moins de 3 mois,1783.6,225.4,188.26,78.86,6.61,4.56,0.06,0.03,1.06,1.06,1.42
2022-06-28,Complet - avec 2 rappels de moins de 3 mois,7430.5,1345.81,1523.22,734.53,59.25,46.37,3.42,2.43,3.6,3.31,3.85
2022-06-29,Primo dose récente,65.08,4.82,8.75,2.19,0.05,0.05,0.0,0.0,0.0,0.0,0.02
2022-10-22,Primo dose récente,9.25,0.04,0.3,0.04,0.0,0.0,0.0,0.0,0.0,0.0,0.01
2022-10-22,Complet de moins de 3 mois - sans rappel,92.82,9.2,8.03,2.12,0.27,0.17,0.0,0.0,1.0,1.0,0.1
2022-10-25,Primo dose récente,23.66,1.14,1.05,1.0,0.25,0.25,0.0,0.0,0.0,0.0,0.01
2022-10-26,Complet de moins de 3 mois - sans rappel,113.11,16.48,16.58,3.5,0.01,0.0,0.0,0.0,0.17,0.17,0.1
2022-10-26,Complet entre 3 mois et 6 mois - sans rappel,198.22,36.38,25.6,15.67,3.32,2.24,0.05,0.0,0.0,0.0,0.22
2022-10-26,Complet - avec 1 rappel de moins de 3 mois,434.04,82.64,52.28,24.26,3.63,3.25,0.08,0.0,0.11,0.11,0.43
2022-10-27,Primo dose efficace,297.93,50.82,42.24,12.25,5.25,3.81,0.08,0.0,1.27,1.25,1.05
2022-10-27,Complet - avec 2 rappels de moins de 3 mois,1434.95,251.68,199.42,87.91,32.28,25.29,4.69,4.17,4.24,4.08,3.34
2022-10-28,Complet - avec 3 rappels de moins de 3 mois,91.69,14.89,13.02,4.66,0.22,0.2,0.0,0.0,0.14,0.0,0.19
2022-11-02,Non-vaccinés,11745.95,2962.29,1529.14,851.26,89.99,71.02,10.52,8.12,10.81,7.4,
2022-11-03,Complet de moins de 3 mois - sans rappel,90.84,21.5,7.01,3.32,2.17,1.17,0.0,0.0,0.0,0.0,0.09
2022-11-03,Complet entre 3 mois et 6 mois - sans rappel,137.4,37.24,30.66,19.42,2.38,2.16,0.0,0.0,0.0,0.0,0.21
2022-11-05,Primo dose récente,8.28,0.13,0.18,0.13,0.0,0.0,0.0,0.0,0.0,0.0,0.01
2022-11-05,Complet - avec 1 rappel de 6 mois ou plus,36699.35,5982.42,4773.66,2675.0,192.27,141.94,30.91,24.31,28.28,21.22,61.02
2022-11-06,Primo dose efficace,158.45,18.87,18.51,3.59,4.75,4.41,1.01,0.0,2.2,2.2,1.05
2022-11-07,Complet entre 3 mois et 6 mois - sans rappel,209.93,50.53,29.81,18.37,1.48,1.22,0.0,0.0,0.0,0.0,0.2
2022-11-08,Complet entre 3 mois et 6 mois - sans rappel,171.01,33.81,21.42,9.03,1.52,1.32,0.08,0.0,0.0,0.0,0.2
2022-11-08,Complet - avec 2 rappels de moins de 3 mois,3529.79,579.28,322.62,170.55,17.78,14.68,2.44,2.3,2.0,2.0,3.24
2022-11-09,Primo dose récente,8.41,1.05,2.19,1.01,0.0,0.0,0.0,0.0,0.0,0.0,0.01
2022-11-09,Complet - avec 2 rappels de moins de 3 mois,2148.37,510.31,274.49,143.04,16.05,11.89,2.32,2.19,1.22,0.08,3.16
2022-11-09,Complet - avec 2 rappels de 6 mois ou plus,2810.12,552.79,545.15,231.85,65.15,53.76,7.84,6.48,3.71,2.93,2.74
2022-11-10,Primo dose récente,11.85,1.05,0.08,0.0,0.0,0.0,0.0,0.0,0.0,0.0,0.01
2022-11-13,Primo dose récente,2.92,1.02,0.02,0.0,0.0,0.0,0.0,0.0,0.0,0.0,0.01
2022-11-15,Complet - avec 2 rappels de 6 mois ou plus,3050.01,341.86,379.48,117.15,70.72,54.73,9.02,8.4,7.49,6.31,2.91
2022-11-19,Primo dose récente,8.91,0.44,0.01,0.0,0.0,0.0,0.0,0.0,0.0,0.0,0.01
2022-11-19,Complet entre 3 mois et 6 mois - sans rappel,106.45,13.6,14.93,4.99,0.09,0.0,0.0,0.0,1.24,1.24,0.18
2022-11-20,Complet - avec 1 rappel de moins de 3 mois,91.8,16.67,8.55,3.37,0.24,0.0,0.0,0.0,0.02,0.0,0.36
2022-11-20,Complet - avec 1 rappel de 6 mois ou plus,9260.31,1492.61,1451.51,631.12,213.97,180.62,25.48,19.5,21.59,17.14,60.65
2022-11-20,Complet - avec 2 rappels entre 3 mois et 6 mois,1885.37,242.78,229.24,65.98,59.26,47.01,4.29,3.75,10.62,7.6,7.08
2022-11-20,Complet - avec 3 rappels entre 3 et 6 mois ou plus,26.39,4.56,4.53,3.26,2.76,2.1,0.0,0.0,0.07,0.07,0.06
2022-11-21,Complet entre 3 mois et 6 mois - sans rappel,210.92,53.69,32.83,18.77,1.47,1.2,1.59,1.45,0.07,0.0,0.18
2022-11-21,Complet - avec 1 rappel de 6 mois ou plus,64934.86,18833.49,15806.65,10605.24,371.19,294.33,44.42,37.38,18.43,17.71,60.65
2022-11-21,Complet - avec 2 rappels de 6 mois ou plus,5856.44,947.46,996.15,470.47,80.88,61.59,4.32,3.52,4.66,4.66,3.12
2022-11-24,Complet - avec 1 rappel de moins de 3 mois,306.28,79.97,48.39,26.04,2.97,2.72,0.03,0.0,0.0,0.0,0.36
2022-11-29,Primo dose récente,10.42,1.31,1.15,0.04,0.0,0.0,0.0,0.0,0.0,0.0,0.01
2022-11-30,Non-vaccinés,15347.99,5852.07,2602.15,1578.1,121.18,91.1,14.62,11.97,15.92,11.0,
2022-11-30,Complet - avec 3 rappels de moins de 3 mois,1032.02,186.4,155.75,73.55,8.17,5.23,1.01,1.01,2.09,1.0,0.71
2022-12-01,Primo dose efficace,367.91,92.69,65.86,28.26,5.13,3.26,0.38,0.06,1.01,1.01,1.04
2022-12-03,Primo dose efficace,348.36,58.34,42.08,21.49,3.97,3.73,1.12,1.0,0.2,0.2,1.04
2022-12-03,Complet - avec 3 rappels de moins de 3 mois,613.75,82.28,62.2,23.86,8.31,5.7,0.08,0.02,0.04,0.0,0.8
2022-12-04,Complet - avec 1 rappel entre 3 mois et 6 mois,268.96,45.12,40.91,12.84,8.27,7.29,1.35,1.21,0.0,0.0,1.07
2022-12-06,Non-vaccinés,16045.12,6484.3,2573.38,1590.9,166.53,130.31,11.29,10.25,14.88,12.88,
2022-12-06,Complet entre 3 mois et 6 mois - sans rappel,204.07,48.3,30.16,10.94,2.37,2.23,0.0,0.0,0.0,0.0,0.17
2022-12-06,Complet de 6 mois ou plus - sans rappel,18373.41,7633.0,4360.19,2899.08,100.28,74.55,15.37,13.93,7.82,5.71,22.35
2022-12-07,Complet de moins de 3 mois - sans rappel,114.8,31.42,15.35,4.92,5.14,2.08,0.0,0.0,0.0,0.0,0.08
2023-04-30,Complet - avec 2 rappels entre 3 mois et 6 mois,394.21,78.0,41.06,14.96,11.68,8.94,2.3,2.05,3.43,1.43,5.36
2023-05-03,Complet - avec 1 rappel de 6 mois ou plus,9562.89,2209.53,1287.07,742.35,94.45,61.79,15.74,11.33,9.96,8.71,56.98
2023-05-05,Complet entre 3 mois et 6 mois - sans rappel,14.93,4.73,2.38,1.38,1.0,1.0,0.0,0.0,0.0,0.0,0.07
2023-05-06,Primo dose récente,0.13,0.0,0.0,0.0,0.0,0.0,0.0,0.0,0.0,0.0,0.0
2023-05-06,Complet - avec 2 rappels de moins de 3 mois,90.88,13.73,4.57,2.15,1.03,1.0,0.03,0.03,0.0,0.0,0.31
2023-05-06,Complet - avec 3 rappels de moins de 3 mois,182.88,22.6,6.94,1.64,1.12,1.03,0.0,0.0,0.0,0.0,0.6
2023-05-08,Complet - avec 2 rappels entre 3 mois et 6 mois,447.52,90.06,43.54,15.53,10.55,8.88,0.08,0.08,1.0,1.0,5.2
2023-05-09,Complet - avec 3 rappels entre 3 et 6 mois ou plus,1944.86,303.48,230.97,122.01,16.22,12.81,3.0,3.0,3.16,2.0,3.61
2023-05-10,Non-vaccinés,2713.25,555.66,235.24,114.48,20.22,12.78,6.47,5.56,3.34,2.07,
2023-05-10,Complet - avec 1 rappel de moins de 3 mois,23.15,1.45,1.77,0.15,1.0,1.0,0.12,0.0,0.01,0.0,0.07
2023-05-11,Non-vaccinés,1900.1,490.12,178.5,88.28,22.67,17.03,4.81,2.0,4.9,4.07,
2023-05-11,Complet - avec 1 rappel de moins de 3 mois,14.94,2.43,1.21,1.09,0.0,0.0,0.0,0.0,0.0,0.0,0.07
2023-05-11,Complet - avec 2 rappels entre 3 mois et 6 mois,873.52,201.68,92.19,44.87,9.69,5.62,0.2,0.0,0.56,0.24,5.03
2023-05-12,Complet - avec 1 rappel de 6 mois ou plus,6573.39,1569.31,731.46,413.69,73.62,51.63,7.4,6.28,11.43,9.9,57.02
2023-05-12,Complet - avec 3 rappels de moins de 3 mois,137.41,30.43,12.42,6.44,1.08,0.08,0.0,0.0,1.0,1.0,0.51
2023-05-13,Complet de moins de 3 mois - sans rappel,4.04,0.13,0.0,0.0,0.0,0.0,0.0,0.0,0.01,0.01,0.03
2023-05-14,Complet - avec 1 rappel entre 3 mois et 6 mois,27.39,3.75,3.59,0.0,0.15,0.09,1.0,1.0,0.0,0.0,0.37
2023-05-15,Complet de 6 mois ou plus - sans rappel,3059.6,602.31,257.13,146.6,17.09,11.93,2.12,2.0,2.14,1.0,22.26
2023-05-16,Complet - avec 2 rappels entre 3 mois et 6 mois,821.71,219.08,96.55,50.76,9.59,6.29,0.19,0.0,0.25,0.25,4.92
2023-05-18,Complet - avec 3 rappels de moins de 3 mois,35.33,8.84,2.58,2.31,0.12,0.01,0.0,0.0,0.0,0.0,0.45
2023-05-22,Complet de moins de 3 mois - sans rappel,4.76,0.31,1.19,0.19,0.16,0.16,0.0,0.0,0.0,0.0,0.02
2023-05-22,Complet entre 3 mois et 6 mois - sans rappel,17.55,0.13,0.04,0.01,0.06,0.06,0.01,0.01,0.0,0.0,0.06
2023-05-22,Complet - avec 2 rappels de 6 mois ou plus,3921.7,665.65,392.05,212.71,36.08,20.1,3.61,3.15,10.04,7.04,10.1
2023-05-23,Complet - avec 2 rappels de moins de 3 mois,52.86,11.02,1.49,0.2,0.0,0.0,0.04,0.03,0.0,0.0,0.19
2023-05-26,Complet de 6 mois ou plus - sans rappel,1427.93,468.8,173.85,103.37,8.6,7.7,3.52,1.32,1.02,1.02,22.27
2023-05-27,Complet de 6 mois ou plus - sans rappel,1540.78,261.83,109.37,53.97,14.63,13.02,0.0,0.0,1.36,1.2,22.27
2023-05-27,Complet - avec 2 rappels de 6 mois ou plus,2164.23,331.0,140.25,72.79,14.56,10.7,3.65,2.45,3.74,2.42,10.39
2023-05-28,Complet - avec 3 rappels de moins de 3 mois,23.95,5.06,1.22,0.17,0.14,0.01,0.11,0.11,0.0,0.0,0.37
2023-05-29,Complet - avec 2 rappels de moins de 3 mois,25.18,4.29,3.0,2.0,0.0,0.0,0.03,0.03,0.0,0.0,0.16
2023-06-02,Complet de 6 mois ou plus - sans rappel,1544.26,405.39,142.47,77.71,11.07,8.21,2.0,2.0,0.68,0.48,22.28
2023-06-06,Complet - avec 2 rappels de moins de 3 mois,30.03,7.33,1.72,0.57,0.0,0.0,0.0,0.0,0.0,0.0,0.13
2023-06-07,Complet - avec 2 rappels de 6 mois ou plus,2279.23,465.5,200.6,95.45,20.11,15.49,2.97,2.2,1.61,1.28,11.09
2023-06-08,Primo dose récente,0.21,0.0,0.0,0.0,0.0,0.0,0.0,0.0,0.0,0.0,0.0
2023-06-09,Complet de moins de 3 mois - sans rappel,1.59,1.02,0.0,0.0,0.02,0.0,0.0,0.0,0.0,0.0,0.02
2023-06-09,Complet - avec 1 rappel entre 3 mois et 6 mois,50.94,11.71,6.24,3.08,1.01,1.01,0.09,0.0,0.03,0.0,0.28
2023-06-09,Complet - avec 2 rappels de moins de 3 mois,27.93,5.02,1.38,1.38,0.0,0.0,0.01,0.01,0.0,0.0,0.12
2023-06-09,Complet - avec 2 rappels entre 3 mois et 6 mois,502.24,126.07,37.08,19.88,2.71,1.37,0.13,0.07,0.06,0.0,3.41
2023-06-10,Complet de moins de 3 mois - sans rappel,1.7,0.03,0.0,0.0,0.0,0.0,0.0,0.0,0.02,0.01,0.02
2021-08-14,Primo dose récente,20636.81,761.21,823.12,348.91,23.91,15.38,7.0,5.39,1.65,1.52,7.67
2021-08-16,Complet entre 3 mois et 6 mois - sans rappel,30958.97,2753.51,1654.26,665.26,81.45,62.77,13.99,9.35,11.83,10.62,18.96
2021-08-17,Complet de moins de 3 mois - sans rappel,58962.5,7953.85,4024.83,1851.31,90.47,69.3,26.6,19.74,8.21,6.69,58.76
2021-08-17,Complet entre 3 mois et 6 mois - sans rappel,25933.61,2661.03,1334.63,550.3,79.16,66.89,12.54,8.27,12.33,9.13,19.11
2021-08-17,Complet - avec 1 rappel entre 3 mois et 6 mois,0.0,0.0,0.0,0.0,0.0,0.0,0.0,0.0,0.0,0.0,0.0
2021-08-18,Complet de moins de 3 mois - sans rappel,57052.17,7794.82,3654.71,1641.33,92.33,73.59,16.58,13.15,7.43,5.23,58.78
2021-08-19,Complet entre 3 mois et 6 mois - sans rappel,22607.41,2333.9,1107.51,427.35,65.98,48.1,14.28,11.6,11.18,9.59,19.32
2021-08-20,Complet de 6 mois ou plus - sans rappel,5083.58,391.32,246.07,78.51,12.16,10.58,0.42,0.22,2.28,1.85,2.17
2021-08-21,Complet de 6 mois ou plus - sans rappel,2190.44,199.08,128.78,55.8,11.62,8.95,2.35,2.13,5.13,3.57,2.34
2021-08-22,Complet - avec 1 rappel de moins de 3 mois,0.0,0.0,0.0,0.0,0.0,0.0,0.0,0.0,0.0,0.0,0.0
2021-08-24,Non-vaccinés,84443.22,10835.1,10919.28,5112.33,430.43,277.32,114.75,86.12,71.41,45.46,
2021-08-25,Complet entre 3 mois et 6 mois - sans rappel,24133.19,2410.89,1084.01,441.25,66.38,50.31,13.68,12.05,15.01,12.11,19.93
2021-08-26,Non-vaccinés,83121.92,9090.36,8792.7,3843.2,399.18,257.46,127.02,89.66,66.62,46.12,
2021-08-28,Complet - avec 1 rappel de 6 mois ou plus,0.1,0.0,0.1,0.0,0.0,0.0,0.0,0.0,0.0,0.0,0.0
2021-08-29,Primo dose efficace,5598.58,316.36,162.82,57.55,25.32,21.46,7.86,5.82,2.28,1.67,12.26
2021-09-03,Primo dose récente,11363.16,494.22,323.33,134.07,13.07,8.47,3.19,1.34,2.08,2.08,3.07
2021-09-04,Complet de 6 mois ou plus - sans rappel,4176.12,323.41,126.21,46.46,18.9,14.26,4.4,3.13,4.69,2.95,3.8
2021-09-13,Complet entre 3 mois et 6 mois - sans rappel,44816.99,3685.39,1054.13,414.76,59.49,42.42,15.37,12.27,11.28,7.17,27.04
2021-09-18,Complet - avec 1 rappel entre 3 mois et 6 mois,0.0,0.0,0.0,0.0,0.0,0.0,0.0,0.0,0.0,0.0,0.0
2021-09-25,Non-vaccinés,38281.68,3633.78,1482.9,516.67,113.44,81.05,26.37,22.28,24.36,16.11,
2021-09-25,Complet - avec 1 rappel entre 3 mois et 6 mois,0.0,0.0,0.0,0.0,0.0,0.0,0.0,0.0,0.0,0.0,0.0
2021-09-29,Complet - avec 1 rappel entre 3 mois et 6 mois,0.03,0.0,0.0,0.0,0.0,0.0,0.0,0.0,0.0,0.0,0.0
2021-09-30,Primo dose efficace,9828.7,784.43,132.22,52.05,6.62,5.56,2.7,1.33,1.96,1.33,5.01
2021-09-30,Complet de moins de 3 mois - sans rappel,36443.18,6794.21,727.92,277.27,16.34,11.51,5.37,4.7,2.78,2.18,49.0
2021-10-02,Complet - avec 1 rappel entre 3 mois et 6 mois,0.01,0.0,0.0,0.0,0.0,0.0,0.0,0.0,0.0,0.0,0.0
2021-10-13,Complet - avec 1 rappel entre 3 mois et 6 mois,0.06,0.0,0.0,0.0,0.0,0.0,0.0,0.0,0.0,0.0,0.0
2021-10-14,Complet - avec 2 rappels de moins de 3 mois,2.73,1.04,0.0,0.0,0.0,0.0,0.0,0.0,0.0,0.0,0.0
2021-10-16,Complet - avec 1 rappel de moins de 3 mois,3123.24,150.43,19.19,4.27,5.57,5.4,0.11,0.09,1.17,1.0,3.12
2021-10-17,Complet entre 3 mois et 6 mois - sans rappel,10431.66,741.03,207.8,78.99,24.45,17.42,9.4,6.47,7.17,5.0,49.42
2021-10-18,Non-vaccinés,49100.83,5876.84,2438.57,1134.54,97.42,78.1,28.74,23.63,15.2,9.02,
2021-10-22,Complet - avec 1 rappel entre 3 mois et 6 mois,0.0,0.0,0.0,0.0,0.0,0.0,0.0,0.0,0.0,0.0,0.0
2022-01-19,Complet - avec 1 rappel entre 3 mois et 6 mois,18994.1,2064.07,2995.25,865.66,194.76,160.43,17.43,14.88,17.09,13.58,4.08
2022-01-20,Complet - avec 1 rappel entre 3 mois et 6 mois,19043.69,2001.98,3218.46,852.89,171.51,130.26,21.01,16.1,18.25,14.36,4.26
2022-01-21,Primo dose efficace,6787.69,1860.81,2394.26,1095.29,47.78,40.06,4.77,4.08,9.43,5.91,1.69
2022-01-21,Complet de moins de 3 mois - sans rappel,16904.77,4780.17,5684.1,2680.76,104.31,84.5,13.51,11.94,9.87,8.81,4.46
2022-01-21,Complet - avec 2 rappels de moins de 3 mois,519.93,82.59,103.95,37.94,2.65,1.33,1.17,1.17,1.0,1.0,0.14
2022-01-21,Complet - avec 2 rappels entre 3 mois et 6 mois,25.62,2.28,6.13,1.24,1.43,1.11,0.0,0.0,0.0,0.0,0.0
2022-01-22,Primo dose récente,2023.73,599.88,807.0,400.3,19.48,14.48,2.43,1.37,0.28,0.0,0.76
2022-01-23,Complet entre 3 mois et 6 mois - sans rappel,15901.0,4783.65,6935.46,3185.93,264.6,214.8,30.95,24.31,26.61,21.71,23.35
2022-01-23,Complet - avec 1 rappel de moins de 3 mois,32136.34,6494.2,7635.53,3224.98,340.36,263.68,42.62,35.02,36.46,30.17,55.13
2022-01-23,Complet - avec 1 rappel entre 3 mois et 6 mois,3429.84,475.15,572.44,174.07,119.86,95.28,10.93,8.0,24.17,18.26,4.7
2022-01-27,Primo dose récente,2344.43,806.46,1060.33,550.03,15.05,13.28,5.56,4.89,0.55,0.15,0.59
2022-01-27,Complet - avec 3 rappels entre 3 et 6 mois ou plus,0.0,0.0,0.0,0.0,0.0,0.0,0.0,0.0,0.0,0.0,0.0
2022-01-30,Complet - avec 1 rappel entre 3 mois et 6 mois,3760.38,586.74,778.35,258.27,134.39,104.15,14.85,12.5,27.34,22.06,5.71
2022-01-31,Primo dose récente,2330.82,817.68,1167.23,638.21,13.43,10.78,1.11,1.02,1.66,1.42,0.47
2022-02-01,Complet de 6 mois ou plus - sans rappel,30352.64,10528.58,11984.78,6274.85,223.53,176.82,36.18,33.17,35.98,27.37,9.93
2022-02-02,Complet - avec 3 rappels entre 3 et 6 mois ou plus,0.0,0.0,0.0,0.0,0.0,0.0,0.0,0.0,0.0,0.0,0.0
2022-02-03,Complet entre 3 mois et 6 mois - sans rappel,47563.97,18519.94,19552.74,11152.95,247.34,188.99,22.63,19.3,23.1,19.42,18.2
2022-02-04,Complet - avec 2 rappels de moins de 3 mois,681.79,115.16,116.02,42.6,3.93,3.34,0.34,0.17,0.5,0.1,0.26
2022-02-06,Complet - avec 2 rappels de moins de 3 mois,152.26,27.28,24.68,7.49,3.12,1.48,1.0,1.0,0.51,0.0,0.28
2022-02-06,Complet - avec 3 rappels entre 3 et 6 mois ou plus,0.0,0.0,0.0,0.0,0.0,0.0,0.0,0.0,0.0,0.0,0.0
2022-02-07,Primo dose efficace,6032.86,1453.31,1924.56,907.1,57.45,47.09,6.54,6.06,13.84,7.71,1.76
2022-02-07,Complet - avec 1 rappel de 6 mois ou plus,2.18,0.03,0.06,0.03,0.0,0.0,0.01,0.0,0.05,0.05,0.0
2022-02-07,Complet - avec 2 rappels entre 3 mois et 6 mois,42.21,3.81,6.26,1.2,0.02,0.01,0.0,0.0,0.14,0.0,0.0
2022-02-12,Non-vaccinés,25477.48,6015.03,7040.45,3214.25,382.79,280.04,67.45,54.7,88.25,64.05,
2022-02-13,Non-vaccinés,8459.97,1771.4,2054.92,806.93,332.69,248.78,54.82,42.95,72.65,58.86,
2022-02-13,Complet - avec 2 rappels entre 3 mois et 6 mois,8.45,1.12,0.19,0.04,0.0,0.0,0.0,0.0,0.0,0.0,0.0
2022-02-15,Non-vaccinés,33222.32,9070.75,9517.93,4676.76,441.13,341.96,57.74,46.86,98.82,67.35,
2022-02-18,Complet - avec 1 rappel de moins de 3 mois,87349.62,17541.57,16494.06,7845.47,344.6,268.86,50.41,37.03,46.27,40.2,60.18
2022-02-21,Complet - avec 3 rappels entre 3 et 6 mois ou plus,0.0,0.0,0.0,0.0,0.0,0.0,0.0,0.0,0.0,0.0,0.0
2022-02-23,Primo dose récente,274.37,46.68,49.18,27.42,6.23,3.9,0.12,0.1,1.07,1.01,0.13
2022-02-23,Complet - avec 2 rappels de moins de 3 mois,831.51,98.95,86.91,28.64,7.3,6.79,2.25,2.23,0.22,0.16,0.45
2022-02-28,Complet entre 3 mois et 6 mois - sans rappel,12056.79,2610.46,2558.77,1327.74,67.98,54.71,7.76,6.62,13.44,9.0,8.99
2022-03-03,Complet - avec 3 rappels de moins de 3 mois,0.06,0.01,0.01,0.01,0.0,0.0,0.0,0.0,0.0,0.0,0.0
2022-03-04,Complet de 6 mois ou plus - sans rappel,13181.65,2473.84,1890.99,948.65,70.16,59.86,8.98,7.14,12.28,10.16,14.16
2022-03-04,Complet - avec 2 rappels de 6 mois ou plus,0.0,0.0,0.0,0.0,0.0,0.0,0.0,0.0,0.0,0.0,0.0
2022-03-04,Complet - avec 3 rappels entre 3 et 6 mois ou plus,0.0,0.0,0.0,0.0,0.0,0.0,0.0,0.0,0.0,0.0,0.0
2022-03-06,Non-vaccinés,6297.46,1296.95,1073.45,433.38,143.72,108.56,19.41,17.0,30.27,21.36,
2022-03-06,Primo dose efficace,482.79,49.91,62.45,19.01,8.13,5.15,0.16,0.0,1.72,1.48,1.3
2022-03-06,Complet entre 3 mois et 6 mois - sans rappel,2138.97,295.97,309.9,133.2,40.02,32.18,4.49,3.14,7.63,4.87,7.27
2022-03-09,Non-vaccinés,24711.29,6985.45,5892.12,3235.34,203.95,157.22,19.26,18.15,25.96,22.45,
2022-03-09,Complet - avec 2 rappels de 6 mois ou plus,0.0,0.0,0.0,0.0,0.0,0.0,0.0,0.0,0.0,0.0,0.0
2022-03-10,Primo dose récente,93.93,16.59,16.21,10.0,0.07,0.03,0.0,0.0,0.0,0.0,0.06
2022-03-11,Complet - avec 1 rappel de 6 mois ou plus,693.78,121.65,116.14,52.94,9.3,7.52,3.45,2.25,2.34,2.16,0.43
2022-03-14,Complet - avec 2 rappels de moins de 3 mois,1393.84,186.45,174.92,85.43,4.75,4.52,1.04,1.0,1.14,1.0,0.58
2022-03-15,Complet de moins de 3 mois - sans rappel,5339.18,1434.04,1099.98,616.47,32.21,27.11,3.7,3.58,2.58,2.0,3.37
2022-03-16,Non-vaccinés,28953.3,9603.33,7711.41,4434.98,211.34,171.49,19.64,14.86,29.28,21.75,
2022-03-16,Primo dose récente,109.54,21.3,15.93,10.18,2.08,2.0,0.0,0.0,0.0,0.0,0.04
2022-03-16,Complet - avec 3 rappels de moins de 3 mois,3.06,1.0,1.01,1.0,0.0,0.0,0.0,0.0,0.0,0.0,0.0
2022-03-17,Primo dose efficace,1623.57,387.53,283.73,154.98,16.51,13.55,1.27,1.19,4.76,4.52,1.23
2022-03-18,Primo dose efficace,1600.95,403.4,331.31,180.41,12.94,10.23,1.46,1.4,4.76,4.15,1.23
2022-03-18,Complet - avec 2 rappels entre 3 mois et 6 mois,93.94,15.64,22.78,8.22,2.38,2.36,0.0,0.0,0.0,0.0,0.03
2022-03-19,Non-vaccinés,21780.56,6719.25,6198.77,3430.31,156.66,120.93,21.82,16.86,22.47,19.94,
2022-03-19,Complet - avec 1 rappel de moins de 3 mois,43903.96,9928.62,9988.16,5711.17,108.32,83.66,14.6,11.1,10.75,9.11,38.72
2022-03-20,Primo dose récente,22.6,1.79,2.83,0.41,1.28,1.23,0.0,0.0,0.0,0.0,0.04
2022-03-20,Complet - avec 1 rappel de moins de 3 mois,13141.49,2732.64,2784.16,1404.57,108.71,89.83,9.07,7.73,12.79,10.88,37.76
2022-03-23,Primo dose récente,119.76,24.34,32.47,16.15,1.05,1.0,0.0,0.0,0.0,0.0,0.04
2022-03-23,Complet - avec 3 rappels entre 3 et 6 mois ou plus,0.0,0.0,0.0,0.0,0.0,0.0,0.0,0.0,0.0,0.0,0.0
2022-03-24,Complet - avec 1 rappel entre 3 mois et 6 mois,75945.96,28772.29,30628.78,19081.92,456.43,345.2,47.4,38.29,38.68,33.08,38.21
2022-03-24,Complet - avec 1 rappel de 6 mois ou plus,3420.84,781.25,1077.72,505.93,56.73,44.9,3.73,3.2,9.36,9.11,1.29
2022-03-25,Complet - avec 1 rappel de moins de 3 mois,56845.39,21643.61,20206.88,12746.45,135.69,107.15,16.68,13.47,13.37,12.02,32.7
2022-03-25,Complet - avec 1 rappel entre 3 mois et 6 mois,83602.51,29265.6,31445.8,19032.74,443.7,358.21,45.94,43.6,34.86,23.43,39.02
2022-03-25,Complet - avec 3 rappels entre 3 et 6 mois ou plus,0.0,0.0,0.0,0.0,0.0,0.0,0.0,0.0,0.0,0.0,0.0
2022-03-27,Complet de 6 mois ou plus - sans rappel,5354.32,1266.38,1220.98,604.19,69.73,55.38,10.13,7.95,4.54,3.99,17.09
2022-03-27,Complet - avec 3 rappels de moins de 3 mois,0.0,0.0,0.0,0.0,0.0,0.0,0.0,0.0,0.0,0.0,0.0
2022-03-28,Complet entre 3 mois et 6 mois - sans rappel,12602.23,4747.78,4665.75,2891.4,62.9,47.27,5.98,4.65,6.17,5.34,4.91
2022-03-29,Complet - avec 1 rappel entre 3 mois et 6 mois,103715.42,35323.09,38410.68,22827.85,587.21,447.81,63.76,55.6,49.84,40.71,40.06
2022-03-29,Complet - avec 2 rappels entre 3 mois et 6 mois,177.46,48.1,56.16,29.56,1.15,1.08,2.04,2.0,0.0,0.0,0.04
2022-03-31,Complet de moins de 3 mois - sans rappel,5106.53,2072.54,1852.32,1164.11,28.84,19.71,1.53,1.08,1.39,1.28,2.72
2022-03-31,Complet - avec 1 rappel de moins de 3 mois,49307.56,20860.43,19005.13,12314.23,166.25,134.06,13.16,10.01,10.44,9.86,29.26
2022-03-31,Complet - avec 1 rappel entre 3 mois et 6 mois,85743.66,34025.91,35679.56,22130.24,562.08,439.74,68.11,56.86,35.6,32.34,42.06
2022-03-31,Complet - avec 2 rappels de moins de 3 mois,1600.68,386.68,387.8,198.86,26.38,19.96,1.29,0.7,0.76,0.32,0.88
2022-04-01,Complet - avec 1 rappel de moins de 3 mois,47720.45,18070.29,17425.8,10731.63,142.91,111.03,26.72,23.46,9.17,8.83,28.39
2022-04-01,Complet - avec 1 rappel de 6 mois ou plus,5377.41,1162.05,1688.38,731.24,83.12,65.11,6.03,5.67,8.71,7.95,1.8
2022-04-02,Complet - avec 2 rappels entre 3 mois et 6 mois,121.89,31.39,38.65,20.88,0.06,0.0,0.05,0.0,0.0,0.0,0.05
2022-04-03,Complet - avec 1 rappel de 6 mois ou plus,1194.68,215.26,271.9,104.22,63.53,52.36,4.79,4.0,9.56,7.59,1.91
2022-04-04,Complet entre 3 mois et 6 mois - sans rappel,10651.15,3691.01,3805.76,2266.52,56.43,45.55,3.04,2.8,3.42,3.0,4.45
2022-04-04,Complet - avec 1 rappel de 6 mois ou plus,9944.18,1746.74,2985.89,1178.95,121.31,90.23,6.23,4.51,9.56,4.49,1.91
2022-04-05,Primo dose récente,108.53,25.73,29.3,17.88,0.21,0.2,0.0,0.0,0.0,0.0,0.04
2022-04-06,Complet - avec 1 rappel de 6 mois ou plus,6986.1,1408.98,2025.68,897.81,105.32,79.37,4.2,2.56,11.03,8.32,2.07
2022-04-06,Complet - avec 2 rappels de 6 mois ou plus,8.81,0.08,1.21,0.02,0.0,0.0,0.0,0.0,0.0,0.0,0.0
2022-04-07,Primo dose efficace,1836.11,505.71,486.55,261.08,27.45,18.51,2.0,2.0,3.68,2.35,1.17
2022-04-08,Complet - avec 1 rappel de 6 mois ou plus,6957.17,1754.59,2460.31,1136.98,107.6,83.1,11.06,9.3,9.19,8.13,2.26
2022-04-09,Non-vaccinés,24067.48,7179.55,6876.73,3669.84,205.54,161.22,25.99,20.06,27.12,22.09,
2022-04-09,Complet de moins de 3 mois - sans rappel,3142.56,838.16,885.26,460.14,17.85,15.7,2.21,2.0,0.19,0.1,2.35
2022-04-09,Complet entre 3 mois et 6 mois - sans rappel,5099.9,1234.47,1393.19,740.72,35.54,26.51,3.44,3.37,5.44,4.7,4.31
2022-04-09,Complet - avec 1 rappel entre 3 mois et 6 mois,72550.08,20053.54,24832.4,13897.01,453.04,353.2,63.69,55.54,49.17,38.11,48.69
2022-04-09,Complet - avec 2 rappels entre 3 mois et 6 mois,182.16,34.31,42.44,19.98,1.19,1.14,0.0,0.0,0.02,0.0,0.09
2022-04-10,Complet - avec 1 rappel de 6 mois ou plus,1478.92,225.14,312.98,90.73,79.84,60.99,3.83,2.55,13.89,11.7,2.41
2022-04-10,Complet - avec 2 rappels entre 3 mois et 6 mois,52.97,10.2,13.83,7.09,0.03,0.0,1.04,1.0,2.0,2.0,0.1
2022-04-10,Complet - avec 3 rappels de moins de 3 mois,0.0,0.0,0.0,0.0,0.0,0.0,0.23,0.17,0.0,0.0,0.0
2022-04-11,Primo dose récente,123.49,23.84,27.3,14.98,0.15,0.13,0.0,0.0,0.0,0.0,0.04
2022-04-11,Complet de 6 mois ou plus - sans rappel,32274.64,10693.95,10030.76,6089.62,128.09,107.24,15.35,10.55,7.29,3.18,18.08
2022-04-12,Non-vaccinés,35984.34,12917.38,11597.85,6959.42,318.62,252.74,27.12,23.54,27.42,21.37,
2022-04-12,Complet - avec 1 rappel entre 3 mois et 6 mois,111797.55,39001.66,43754.26,26328.87,733.7,585.82,79.91,69.34,48.55,37.96,50.63
2022-04-12,Complet - avec 2 rappels de moins de 3 mois,2973.53,535.94,653.89,298.28,30.12,23.24,6.84,6.6,2.2,1.0,1.27
2022-04-13,Non-vaccinés,33686.91,11353.76,10590.69,6029.45,277.68,212.68,26.11,20.45,29.92,23.63,
2022-04-13,Complet de 6 mois ou plus - sans rappel,25472.14,8035.81,6624.23,3965.47,115.65,95.81,16.7,13.95,12.6,5.99,18.18
2022-04-14,Complet - avec 1 rappel de moins de 3 mois,26865.54,9706.69,9551.16,5902.28,107.79,81.85,13.31,8.48,8.66,7.28,17.6
2022-04-15,Complet - avec 1 rappel de moins de 3 mois,23101.79,7700.97,8024.25,4758.24,81.62,63.27,17.12,15.62,5.4,3.85,16.61
2022-04-17,Complet entre 3 mois et 6 mois - sans rappel,1377.38,227.82,280.9,114.25,42.21,34.16,4.91,4.64,1.72,1.37,4.2
2022-04-17,Complet de 6 mois ou plus - sans rappel,4903.5,717.63,763.52,282.85,60.87,44.24,8.07,7.49,11.06,8.73,18.41
2022-04-18,Complet - avec 2 rappels de 6 mois ou plus,1.17,0.09,0.07,0.03,0.0,0.0,0.0,0.0,0.0,0.0,0.0
2022-04-19,Complet - avec 1 rappel entre 3 mois et 6 mois,141062.01,47349.48,58621.5,34863.84,641.34,505.06,90.68,74.75,52.71,39.52,55.56
2022-04-19,Complet - avec 1 rappel de 6 mois ou plus,13265.6,2613.7,4214.95,1847.56,155.19,118.83,13.95,11.64,22.87,16.01,3.08
2022-04-21,Primo dose efficace,1452.73,296.46,310.68,141.51,20.56,16.85,1.61,1.43,4.81,4.21,1.16
2022-04-21,Complet - avec 3 rappels de moins de 3 mois,6.26,1.06,0.03,0.0,0.0,0.0,0.0,0.0,0.0,0.0,0.0
2022-04-22,Complet - avec 1 rappel de 6 mois ou plus,7285.3,1756.62,2288.81,1068.68,121.19,100.89,12.52,9.36,14.22,11.43,3.41
2022-04-22,Complet - avec 3 rappels de moins de 3 mois,5.37,0.09,0.02,0.0,0.14,0.14,0.0,0.0,0.0,0.0,0.0
2022-04-23,Complet de 6 mois ou plus - sans rappel,15329.64,2476.4,2285.04,1112.38,70.24,54.3,11.7,9.02,16.76,13.6,18.65
2022-04-25,Primo dose efficace,1862.34,320.3,346.55,149.05,20.18,14.31,1.61,1.32,1.5,1.2,1.16
2022-04-25,Complet - avec 1 rappel de 6 mois ou plus,11433.74,2219.44,3181.41,1442.7,129.22,101.09,14.39,11.89,20.24,14.57,3.63
2022-04-25,Complet - avec 2 rappels de moins de 3 mois,4407.49,691.08,792.07,328.85,39.22,30.41,2.34,1.74,3.8,2.43,1.82
2022-04-27,Complet - avec 2 rappels de moins de 3 mois,3180.26,442.16,492.58,179.43,33.92,26.93,4.72,4.41,1.8,1.48,1.86
2022-04-27,Complet - avec 2 rappels entre 3 mois et 6 mois,404.85,69.82,78.64,38.65,0.19,0.05,1.29,1.12,0.07,0.0,0.24
2022-04-28,Non-vaccinés,17703.88,4533.79,4181.05,2274.41,171.21,137.8,20.97,16.04,26.55,19.19,
2022-04-28,Primo dose efficace,1233.65,205.72,198.05,82.98,13.97,11.4,0.18,0.18,2.23,1.0,1.16
2022-04-28,Complet de 6 mois ou plus - sans rappel,15335.17,3417.96,2606.78,1431.31,88.77,70.73,10.62,7.89,11.67,8.59,18.81
2022-04-28,Complet - avec 2 rappels de 6 mois ou plus,13.79,3.18,2.21,0.04,0.0,0.0,0.0,0.0,0.2,0.0,0.0
2022-04-29,Complet - avec 3 rappels de moins de 3 mois,6.77,0.06,1.15,0.0,0.03,0.0,0.0,0.0,0.0,0.0,0.0
2022-04-29,Complet - avec 3 rappels entre 3 et 6 mois ou plus,0.02,0.01,0.01,0.01,0.0,0.0,0.0,0.0,0.0,0.0,0.0
2022-04-30,Complet entre 3 mois et 6 mois - sans rappel,3520.49,533.61,571.63,262.32,30.6,23.34,1.74,1.35,5.34,4.58,4.1
2022-04-30,Complet - avec 1 rappel entre 3 mois et 6 mois,56658.39,9355.62,11514.98,5714.71,296.98,239.23,36.48,31.76,39.61,35.75,59.38
2022-04-30,Complet - avec 1 rappel de 6 mois ou plus,5837.55,776.48,1045.68,437.84,81.37,66.52,11.16,9.93,14.93,11.14,4.34
2022-04-30,Complet - avec 2 rappels entre 3 mois et 6 mois,326.21,34.95,43.21,16.13,2.52,2.25,0.2,0.2,1.01,1.0,0.27
2022-05-01,Complet - avec 2 rappels de 6 mois ou plus,2.09,0.06,2.05,0.03,0.0,0.0,0.0,0.0,0.2,0.0,0.0
2022-05-02,Complet - avec 2 rappels de 6 mois ou plus,9.73,0.16,0.12,0.0,0.0,0.0,0.0,0.0,0.0,0.0,0.0
2022-05-03,Non-vaccinés,19050.73,4422.72,4185.64,2277.0,154.31,111.24,25.35,21.88,15.83,13.17,
2022-05-04,Complet de 6 mois ou plus - sans rappel,16131.6,3031.68,2283.87,1241.67,61.55,46.88,14.32,12.16,9.89,8.34,18.95
2022-05-06,Complet de 6 mois ou plus - sans rappel,14398.53,2742.78,2009.33,1112.0,60.24,49.91,5.86,5.01,5.98,5.33,19.02
2022-05-06,Complet - avec 2 rappels de 6 mois ou plus,7.71,0.13,0.06,0.0,0.01,0.0,0.0,0.0,0.0,0.0,0.0
2022-05-28,Complet - avec 3 rappels de moins de 3 mois,9.82,0.02,0.0,0.0,0.0,0.0,0.0,0.0,0.0,0.0,0.01
2022-05-29,Non-vaccinés,3693.78,477.84,254.71,85.72,50.74,35.26,5.92,5.79,9.81,8.41,
2022-05-30,Non-vaccinés,17757.64,2995.94,2356.13,1260.14,76.22,56.8,7.15,6.2,10.39,9.35,
2022-05-31,Complet - avec 2 rappels entre 3 mois et 6 mois,604.96,69.72,60.42,26.87,1.35,1.22,0.0,0.0,0.13,0.08,0.54
2022-06-01,Complet - avec 1 rappel de moins de 3 mois,1804.95,226.41,122.6,60.33,5.43,3.89,1.05,1.0,0.04,0.04,1.85
2022-06-02,Primo dose efficace,735.27,123.53,77.45,41.29,3.87,3.73,0.14,0.14,0.08,0.08,1.12
2022-06-02,Complet - avec 2 rappels de 6 mois ou plus,11.99,1.32,2.24,1.04,0.02,0.0,0.0,0.0,0.0,0.0,0.01
2022-06-03,Complet - avec 1 rappel de moins de 3 mois,1442.3,196.28,125.14,55.76,4.78,3.81,0.17,0.01,0.04,0.0,1.73
2022-06-03,Complet - avec 2 rappels de moins de 3 mois,2523.86,410.99,333.29,139.11,15.16,9.42,3.37,2.03,2.36,2.09,3.23
2022-06-05,Primo dose récente,10.16,0.04,0.09,0.0,0.06,0.0,0.0,0.0,0.0,0.0,0.02
2022-06-05,Complet - avec 1 rappel de moins de 3 mois,569.94,53.82,28.12,7.55,4.86,2.46,0.13,0.06,0.01,0.01,1.63
2022-06-11,Complet de moins de 3 mois - sans rappel,310.95,27.04,21.82,5.65,1.02,0.0,0.13,0.0,0.0,0.0,0.32
2022-06-11,Complet - avec 1 rappel de 6 mois ou plus,21690.93,2733.46,3197.41,1622.96,88.72,74.0,6.31,4.53,11.1,7.3,22.42
2022-06-12,Complet - avec 3 rappels de moins de 3 mois,7.28,0.08,0.04,0.0,0.0,0.0,0.0,0.0,0.0,0.0,0.01
2022-06-15,Complet - avec 1 rappel de moins de 3 mois,1814.82,273.91,183.4,98.44,5.75,3.69,0.29,0.21,1.04,1.04,1.5
2022-06-15,Complet - avec 2 rappels de 6 mois ou plus,49.74,13.08,10.2,5.61,2.02,1.0,0.0,0.0,0.0,0.0,0.03
2022-06-19,Complet - avec 2 rappels de 6 mois ou plus,6.72,1.18,1.33,0.09,0.02,0.0,0.0,0.0,0.01,0.0,0.03
2022-06-20,Complet de moins de 3 mois - sans rappel,554.19,82.87,81.73,43.85,0.61,0.27,0.05,0.0,0.02,0.0,0.28
2022-06-21,Complet - avec 3 rappels de moins de 3 mois,19.45,2.21,4.57,1.07,0.11,0.11,0.0,0.0,0.0,0.0,0.01
2022-06-22,Complet entre 3 mois et 6 mois - sans rappel,2866.71,743.12,674.61,368.96,20.48,17.79,0.24,0.18,0.25,0.0,2.75
2022-06-24,Complet - avec 2 rappels entre 3 mois et 6 mois,1154.1,244.19,272.65,143.54,6.66,3.6,2.35,2.28,0.16,0.13,0.91
2022-06-25,Non-vaccinés,19535.37,3594.62,3292.92,1645.83,100.15,74.0,14.16,10.62,2.41,2.24,
2022-06-26,Complet - avec 1 rappel de moins de 3 mois,534.42,65.94,53.64,20.68,4.63,3.71,1.05,1.01,0.03,0.0,1.4
2022-06-27,Complet - avec 2 rappels de 6 mois ou plus,130.37,35.65,39.71,26.49,0.06,0.0,0.0,0.0,0.0,0.0,0.04
2022-06-30,Complet - avec 1 rappel de 6 mois ou plus,58231.12,24150.83,24231.78,15619.02,400.52,292.17,34.08,28.86,17.04,14.42,39.66
2022-07-01,Complet - avec 2 rappels entre 3 mois et 6 mois,1832.35,447.09,505.66,262.52,16.27,13.29,2.27,1.25,0.21,0.0,1.18
2022-07-03,Complet entre 3 mois et 6 mois - sans rappel,807.6,151.04,179.81,73.87,9.2,6.99,3.02,3.02,0.0,0.0,2.47
2022-07-04,Non-vaccinés,44193.68,12931.09,12365.71,7356.87,215.28,158.18,19.57,15.31,9.05,5.69,
2022-07-05,Complet - avec 3 rappels de moins de 3 mois,34.91,7.36,6.32,4.13,0.08,0.06,0.0,0.0,0.0,0.0,0.01
2022-07-06,Complet de moins de 3 mois - sans rappel,585.84,105.75,105.17,43.72,3.13,0.47,2.34,2.34,1.0,1.0,0.25
2022-07-08,Complet - avec 3 rappels de moins de 3 mois,18.01,2.35,1.32,1.15,0.02,0.0,0.0,0.0,0.0,0.0,0.01
2022-07-12,Complet - avec 1 rappel entre 3 mois et 6 mois,25637.57,10727.29,10875.02,7023.27,149.66,106.32,18.38,14.79,5.64,3.8,19.64
2022-07-12,Complet - avec 3 rappels de moins de 3 mois,31.67,4.83,3.8,1.3,0.02,0.02,0.0,0.0,0.0,0.0,0.01
2022-07-13,Complet de 6 mois ou plus - sans rappel,30604.99,7757.4,7082.55,4047.95,140.2,115.93,18.25,11.97,15.17,12.52,21.11
2022-07-14,Complet - avec 1 rappel de moins de 3 mois,534.99,77.35,68.82,27.58,8.0,6.03,0.15,0.15,0.62,0.32,1.36
2022-07-14,Complet - avec 2 rappels entre 3 mois et 6 mois,683.13,96.96,131.0,38.72,42.08,34.14,2.52,2.1,4.49,3.24,1.72
2022-07-15,Primo dose efficace,1650.82,373.01,377.58,201.32,15.14,10.07,1.39,1.37,1.34,1.0,1.08
2022-07-16,Complet de moins de 3 mois - sans rappel,349.82,39.08,42.55,17.31,2.37,2.02,0.06,0.02,0.02,0.0,0.24
2022-07-16,Complet - avec 2 rappels de moins de 3 mois,5646.74,983.18,1194.27,573.68,61.63,48.1,8.17,7.75,4.1,2.45,5.41
2022-07-17,Complet - avec 2 rappels entre 3 mois et 6 mois,748.43,115.96,127.52,44.55,32.01,23.51,4.27,3.02,3.1,2.6,1.85
2022-07-18,Primo dose efficace,1972.73,409.37,468.48,244.47,12.43,10.18,2.79,2.56,0.32,0.02,1.08
2022-07-19,Complet - avec 2 rappels de moins de 3 mois,8291.24,1511.73,1778.19,832.28,86.99,65.38,7.32,5.74,5.51,3.74,5.65
2022-07-23,Complet - avec 1 rappel de moins de 3 mois,1566.38,166.34,160.54,58.21,5.84,5.43,3.32,3.32,0.36,0.31,1.38
2022-07-23,Complet - avec 1 rappel entre 3 mois et 6 mois,8441.13,1907.98,2123.01,1151.3,47.04,37.53,4.23,3.88,6.86,6.12,11.36
2022-07-24,Primo dose récente,16.74,1.09,1.08,0.02,0.04,0.0,0.01,0.01,0.0,0.0,0.02
2022-07-25,Complet entre 3 mois et 6 mois - sans rappel,1823.44,459.57,463.17,279.87,13.62,6.72,2.04,1.0,0.07,0.02,1.48
2022-07-26,Complet - avec 1 rappel entre 3 mois et 6 mois,9668.22,2837.4,2604.91,1609.09,56.95,47.26,4.32,3.8,3.02,2.57,10.4
2022-07-28,Complet de 6 mois ou plus - sans rappel,20025.29,3916.17,2912.77,1560.93,86.7,68.6,16.23,12.95,5.93,4.86,21.54
2022-07-29,Complet - avec 2 rappels de moins de 3 mois,5501.94,1091.7,1047.48,500.71,48.06,35.0,4.87,4.48,8.14,4.28,6.46
2022-07-30,Complet - avec 1 rappel entre 3 mois et 6 mois,5482.57,1008.36,1002.43,544.35,21.19,15.98,2.24,2.14,6.62,6.36,8.55
2022-07-31,Complet entre 3 mois et 6 mois - sans rappel,247.71,46.3,33.7,15.16,5.55,3.53,1.44,1.4,0.05,0.03,1.19
2022-07-31,Complet - avec 1 rappel entre 3 mois et 6 mois,1597.78,230.98,236.25,87.59,17.1,12.65,2.81,2.33,3.43,3.3,8.18
2022-08-01,Complet - avec 1 rappel entre 3 mois et 6 mois,8164.55,2088.54,2069.17,1275.42,36.91,28.06,3.73,2.34,9.62,6.54,8.1
2022-08-02,Complet - avec 3 rappels entre 3 et 6 mois ou plus,11.43,0.09,1.41,0.01,0.08,0.06,0.0,0.0,0.0,0.0,0.0
2022-08-03,Complet - avec 1 rappel de 6 mois ou plus,40406.42,10486.15,9866.49,5925.38,352.11,275.92,48.91,40.11,30.1,18.65,57.54
2022-08-04,Primo dose efficace,831.68,112.41,104.79,39.19,4.71,3.62,0.18,0.06,1.63,1.28,1.07
2022-08-05,Non-vaccinés,14500.46,2430.23,1973.21,983.81,101.07,81.34,16.67,14.33,17.54,12.12,
2022-08-08,Primo dose récente,38.14,4.91,1.11,1.01,0.01,0.01,0.0,0.0,0.0,0.0,0.01
2022-08-11,Non-vaccinés,10842.22,2092.29,1624.44,888.94,103.33,78.62,9.75,5.31,13.94,8.95,
2022-08-12,Complet de moins de 3 mois - sans rappel,183.94,24.4,16.0,8.07,2.02,1.0,0.02,0.0,0.03,0.0,0.21
2022-08-12,Complet entre 3 mois et 6 mois - sans rappel,395.18,74.7,55.46,25.6,3.56,3.18,0.05,0.05,0.17,0.11,0.74
2022-08-12,Complet - avec 3 rappels entre 3 et 6 mois ou plus,11.81,2.19,2.12,0.03,0.01,0.0,0.02,0.0,0.0,0.0,0.0
2022-08-13,Complet - avec 1 rappel entre 3 mois et 6 mois,2002.05,272.51,267.6,131.76,15.54,12.61,1.37,1.37,1.61,1.37,4.34
2022-08-14,Complet - avec 3 rappels entre 3 et 6 mois ou plus,4.22,1.11,0.03,0.0,0.04,0.0,0.0,0.0,0.0,0.0,0.01
2022-10-09,Complet - avec 2 rappels de moins de 3 mois,1280.72,166.45,163.03,53.89,33.33,22.6,2.88,1.89,6.33,5.0,4.68
2022-10-09,Complet - avec 3 rappels de moins de 3 mois,24.3,2.32,3.33,1.11,0.12,0.1,0.05,0.0,0.0,0.0,0.08
2022-10-10,Complet - avec 1 rappel de 6 mois ou plus,93523.14,32813.5,28730.51,19661.95,509.85,392.57,51.45,43.45,20.97,18.01,61.91
2022-10-10,Complet - avec 3 rappels de moins de 3 mois,158.69,34.37,34.1,19.87,3.57,3.19,0.02,0.02,0.0,0.0,0.08
2022-10-11,Non-vaccinés,15507.1,5039.57,2818.29,1735.43,139.73,103.77,8.53,8.15,10.63,5.54,
2022-10-11,Complet - avec 2 rappels entre 3 mois et 6 mois,10443.6,2319.88,2460.22,1327.88,130.62,107.84,9.57,8.93,6.84,4.75,5.92
2022-10-11,Complet - avec 3 rappels de moins de 3 mois,123.71,24.61,21.14,8.38,1.24,1.0,0.01,0.01,0.0,0.0,0.08
2022-10-12,Complet entre 3 mois et 6 mois - sans rappel,277.12,68.1,50.62,22.26,2.82,2.61,1.0,0.0,0.0,0.0,0.24
2022-10-12,Complet de 6 mois ou plus - sans rappel,17525.21,5768.76,3472.62,2258.47,87.82,69.67,7.38,7.16,4.31,4.0,22.41
2022-10-13,Complet - avec 1 rappel de moins de 3 mois,499.08,117.02,65.09,33.6,4.83,4.33,0.03,0.0,0.03,0.01,0.56
2022-10-14,Complet entre 3 mois et 6 mois - sans rappel,220.47,61.29,50.62,26.82,3.26,3.03,0.17,0.17,0.35,0.35,0.23
2022-10-14,Complet - avec 3 rappels de moins de 3 mois,117.69,28.4,26.44,10.14,1.24,1.0,0.02,0.02,0.0,0.0,0.08
2022-10-15,Complet - avec 2 rappels entre 3 mois et 6 mois,7285.05,1176.72,1347.9,647.82,92.5,76.54,5.8,4.47,7.81,6.61,6.27
2022-10-16,Complet - avec 1 rappel entre 3 mois et 6 mois,362.75,58.63,52.26,18.76,7.28,5.7,2.26,2.12,1.13,1.06,1.47
2022-10-16,Complet - avec 2 rappels entre 3 mois et 6 mois,2062.6,305.32,373.33,122.57,88.34,68.57,6.87,5.1,5.87,4.91,6.3
2022-10-17,Primo dose efficace,1189.27,309.64,195.92,123.25,14.3,11.2,0.1,0.1,0.05,0.0,1.05
2022-10-17,Complet - avec 2 rappels de 6 mois ou plus,4811.3,976.24,1117.33,564.93,47.07,37.01,5.36,5.29,12.04,10.26,1.91
2022-10-18,Complet de moins de 3 mois - sans rappel,160.89,28.12,17.7,6.73,0.41,0.27,0.0,0.0,0.0,0.0,0.11
2022-10-18,Complet - avec 2 rappels de moins de 3 mois,5764.48,1170.76,1024.36,540.12,48.39,40.21,1.79,1.5,1.05,1.0,3.93
2022-10-18,Complet - avec 3 rappels entre 3 et 6 mois ou plus,72.15,17.56,19.1,10.89,4.63,4.26,0.0,0.0,0.0,0.0,0.03
2022-10-19,Complet de moins de 3 mois - sans rappel,140.61,25.85,23.27,8.7,1.13,1.03,0.0,0.0,0.18,0.18,0.11
2022-10-20,Complet - avec 1 rappel de 6 mois ou plus,44692.64,17553.06,13202.77,8753.01,409.01,319.92,32.56,24.36,40.32,28.5,61.71
2022-10-21,Complet - avec 1 rappel de moins de 3 mois,501.3,107.91,76.25,38.33,3.63,2.38,0.04,0.0,1.06,0.0,0.48
2022-10-22,Non-vaccinés,11992.16,2343.52,1219.68,592.43,96.11,73.46,7.99,6.79,10.97,5.41,
2022-10-22,Primo dose efficace,619.27,88.7,66.49,32.89,4.93,1.84,0.02,0.0,0.27,0.21,1.05
2022-10-22,Complet - avec 2 rappels entre 3 mois et 6 mois,6679.94,1130.14,1197.94,609.58,77.98,56.35,10.35,9.01,16.81,13.29,6.85
2022-10-23,Complet - avec 1 rappel de 6 mois ou plus,10661.9,1753.07,1760.51,767.59,244.33,188.53,27.62,22.71,34.91,28.93,61.59
2022-10-24,Complet - avec 3 rappels de moins de 3 mois,243.73,41.22,43.65,23.83,2.69,2.0,0.03,0.03,0.0,0.0,0.13
2022-10-25,Non-vaccinés,13492.36,3470.1,1660.93,920.46,100.75,78.75,7.52,6.95,6.32,3.83,
2022-10-26,Complet de 6 mois ou plus - sans rappel,13505.3,3317.04,1996.1,1208.14,76.56,58.33,11.33,7.65,7.29,5.89,22.4
2022-10-26,Complet - avec 2 rappels de 6 mois ou plus,2908.9,543.44,539.08,226.75,43.52,33.73,4.47,3.68,5.69,5.13,2.25
2022-10-27,Complet - avec 1 rappel entre 3 mois et 6 mois,447.41,82.96,72.62,32.37,5.79,5.22,1.34,1.21,1.17,1.11,1.45
2022-10-27,Complet - avec 3 rappels de moins de 3 mois,93.15,15.92,15.17,3.63,2.42,2.22,0.0,0.0,0.0,0.0,0.17
2022-10-28,Primo dose efficace,268.77,40.82,36.85,13.24,5.41,4.76,0.03,0.0,2.09,2.04,1.05
2022-10-29,Complet - avec 3 rappels entre 3 et 6 mois ou plus,22.23,5.65,3.58,1.33,0.11,0.11,0.0,0.0,0.14,0.14,0.04
2022-10-31,Complet - avec 2 rappels de moins de 3 mois,1746.34,249.63,205.38,78.59,18.8,15.39,1.45,1.2,2.52,2.4,3.28
2022-11-03,Complet - avec 2 rappels de moins de 3 mois,2244.93,539.42,332.46,175.53,19.47,14.55,0.41,0.26,0.67,0.09,3.25
2022-11-04,Complet de 6 mois ou plus - sans rappel,9344.59,2535.75,1570.67,954.54,59.9,48.04,6.3,4.84,5.83,3.51,22.38
2022-11-04,Complet - avec 1 rappel de moins de 3 mois,269.6,47.63,23.87,8.24,1.6,1.37,0.12,0.0,1.06,1.0,0.38
2022-11-04,Complet - avec 2 rappels entre 3 mois et 6 mois,6926.94,1367.9,1203.8,629.36,68.57,58.81,10.76,8.74,13.67,8.52,7.27
2022-11-05,Complet - avec 1 rappel de moins de 3 mois,325.12,38.59,19.26,5.89,1.2,1.0,0.0,0.0,0.02,0.0,0.38
2022-11-06,Complet entre 3 mois et 6 mois - sans rappel,36.24,6.64,4.54,1.16,0.3,0.06,0.09,0.0,0.28,0.0,0.2
2022-11-06,Complet - avec 1 rappel de 6 mois ou plus,9100.02,1386.61,1226.68,517.91,188.34,146.2,29.99,24.62,33.61,27.5,61.01
2022-11-06,Complet - avec 2 rappels de moins de 3 mois,750.99,83.36,54.03,9.59,12.18,9.77,0.62,0.4,1.15,0.0,3.25
2022-11-09,Complet de moins de 3 mois - sans rappel,63.93,16.46,8.73,2.24,2.0,2.0,0.0,0.0,0.0,0.0,0.09
2022-11-09,Complet de 6 mois ou plus - sans rappel,9099.97,2797.5,1646.35,1050.62,65.51,56.58,6.21,4.74,4.66,1.44,22.38
2022-11-10,Complet - avec 1 rappel de 6 mois ou plus,26955.74,9053.06,6452.28,4110.92,244.21,189.78,23.81,20.67,22.97,15.47,60.99
2022-11-10,Complet - avec 3 rappels de moins de 3 mois,271.62,36.84,37.09,12.19,6.53,4.16,1.01,1.0,0.0,0.0,0.35
2022-11-11,Complet de moins de 3 mois - sans rappel,20.0,5.59,1.26,1.1,0.25,0.25,1.0,1.0,0.0,0.0,0.09
2022-11-11,Complet - avec 1 rappel de 6 mois ou plus,7770.49,1290.34,1064.34,484.25,152.08,123.22,22.87,19.04,20.9,17.09,60.93
2022-11-12,Primo dose récente,7.16,0.01,1.03,0.0,0.0,0.0,0.0,0.0,0.0,0.0,0.01
2022-11-13,Complet de 6 mois ou plus - sans rappel,2929.69,427.83,343.7,146.07,34.74,26.79,3.55,2.41,4.44,3.94,22.38
2022-11-14,Complet - avec 2 rappels de moins de 3 mois,3295.71,284.5,262.56,97.31,25.96,21.94,3.22,2.77,1.49,1.0,3.22
2022-11-15,Primo dose récente,7.04,0.01,1.01,0.0,0.0,0.0,0.0,0.0,0.0,0.0,0.01
2022-11-15,Complet de moins de 3 mois - sans rappel,64.39,7.46,3.03,1.19,0.0,0.0,0.03,0.0,0.0,0.0,0.09
2022-11-15,Complet - avec 2 rappels entre 3 mois et 6 mois,5898.81,579.33,625.56,211.6,97.24,78.7,14.99,12.92,6.4,5.58,7.18
2022-11-17,Complet - avec 3 rappels de moins de 3 mois,489.35,91.02,84.76,38.18,8.32,6.38,0.01,0.01,0.09,0.05,0.48
2022-11-20,Complet - avec 2 rappels de moins de 3 mois,779.49,103.12,54.19,18.94,8.72,6.83,2.13,2.0,0.23,0.15,3.33
2022-11-22,Non-vaccinés,12622.97,4363.75,2132.63,1281.73,117.42,92.71,6.95,6.0,9.82,6.97,
2022-11-23,Complet - avec 2 rappels entre 3 mois et 6 mois,7620.18,1550.44,1412.89,793.29,94.45,76.91,11.83,9.21,7.05,3.71,7.04
2022-11-24,Complet de moins de 3 mois - sans rappel,81.7,26.49,9.43,3.49,2.0,1.0,0.0,0.0,0.0,0.0,0.08
2022-11-24,Complet entre 3 mois et 6 mois - sans rappel,120.12,40.52,24.32,14.56,1.73,1.02,0.0,0.0,0.0,0.0,0.18
2022-11-24,Complet - avec 3 rappels de moins de 3 mois,540.71,98.14,88.78,41.51,8.23,4.93,0.16,0.14,0.2,0.2,0.59
2022-11-25,Complet - avec 2 rappels entre 3 mois et 6 mois,6937.9,1547.96,1498.02,836.28,104.98,83.44,11.7,10.36,9.16,7.33,7.07
2022-11-26,Complet - avec 3 rappels de moins de 3 mois,729.3,89.9,90.62,29.96,7.55,3.74,0.01,0.01,0.0,0.0,0.65
2022-11-28,Complet - avec 1 rappel de 6 mois ou plus,76027.2,25775.54,21749.18,14947.36,481.35,366.17,54.75,48.06,25.56,18.13,60.35
2022-11-29,Complet - avec 2 rappels entre 3 mois et 6 mois,9710.13,2069.38,1998.41,1103.73,103.7,78.69,18.16,15.93,10.78,7.66,7.05
2022-11-30,Complet - avec 1 rappel de moins de 3 mois,483.04,104.52,52.5,23.41,6.26,3.96,0.0,0.0,0.1,0.0,0.36
2022-12-01,Complet de moins de 3 mois - sans rappel,67.5,13.52,14.9,5.2,0.04,0.0,0.25,0.25,0.0,0.0,0.08
2022-12-01,Complet - avec 3 rappels de moins de 3 mois,610.35,115.99,88.79,37.15,17.71,10.66,0.39,0.0,0.26,0.26,0.73
2022-12-03,Non-vaccinés,6242.08,1536.24,650.68,290.33,85.2,64.16,10.73,7.8,9.08,7.46,
2022-12-05,Complet de moins de 3 mois - sans rappel,144.09,26.2,28.47,11.69,0.08,0.08,0.0,0.0,0.0,0.0,0.08
2022-12-05,Complet - avec 3 rappels de moins de 3 mois,1976.05,305.84,370.95,145.74,36.3,28.46,2.34,2.2,1.29,0.19,0.8
2022-12-06,Complet - avec 1 rappel entre 3 mois et 6 mois,1300.14,365.13,253.02,128.75,17.05,14.78,0.47,0.23,1.1,1.1,1.07
2022-12-07,Complet de 6 mois ou plus - sans rappel,17435.69,7165.64,4080.94,2759.4,108.82,82.08,18.97,13.94,10.13,8.73,22.35
2022-12-08,Complet de moins de 3 mois - sans rappel,94.16,30.14,16.04,9.92,0.05,0.05,0.0,0.0,0.0,0.0,0.08
2022-12-09,Primo dose récente,15.11,3.45,3.24,2.15,1.0,1.0,0.0,0.0,0.0,0.0,0.01
2022-12-10,Complet - avec 1 rappel de moins de 3 mois,381.7,53.0,39.22,12.94,6.54,4.53,0.05,0.05,0.07,0.07,0.35
2022-12-11,Complet - avec 2 rappels de moins de 3 mois,1034.04,181.87,131.68,43.97,32.67,23.31,5.5,5.19,1.82,1.68,3.82
2022-12-14,Complet - avec 1 rappel entre 3 mois et 6 mois,1126.61,315.19,218.92,112.58,11.86,9.43,0.1,0.01,0.36,0.13,0.99
2022-12-14,Complet - avec 3 rappels entre 3 et 6 mois ou plus,146.08,30.56,29.3,14.28,3.43,3.13,0.03,0.0,0.01,0.01,0.08
2022-12-15,Non-vaccinés,12799.5,5622.24,1744.62,974.45,168.66,132.34,26.21,22.3,19.13,13.46,
2022-12-18,Complet - avec 2 rappels de 6 mois ou plus,1569.4,299.31,334.88,109.24,90.66,68.07,7.69,6.35,18.09,12.6,3.61
2022-12-19,Primo dose efficace,1035.21,288.6,156.0,84.06,10.24,8.37,1.05,1.04,0.26,0.26,1.04
2022-12-19,Complet - avec 1 rappel de moins de 3 mois,790.25,174.4,114.61,51.75,7.56,5.77,1.04,1.01,0.0,0.0,0.37
2022-12-20,Primo dose efficace,775.58,252.9,112.08,57.71,15.58,12.91,0.49,0.21,0.04,0.0,1.04
2022-12-20,Complet - avec 2 rappels entre 3 mois et 6 mois,8492.29,2591.15,2107.42,1099.88,157.77,124.55,22.23,19.35,13.04,11.5,6.56
2022-12-22,Complet - avec 1 rappel de 6 mois ou plus,41114.78,19587.85,10260.75,6696.69,436.8,342.71,49.93,39.93,50.68,42.65,58.63
2022-12-25,Complet - avec 1 rappel entre 3 mois et 6 mois,177.78,33.74,15.5,5.96,2.14,0.42,0.24,0.23,0.02,0.0,0.86
2022-12-25,Complet - avec 2 rappels entre 3 mois et 6 mois,1435.94,287.62,217.62,55.24,61.92,49.98,12.11,8.88,10.73,7.57,6.24
2022-12-26,Complet - avec 1 rappel de moins de 3 mois,471.73,107.57,46.86,22.4,3.94,2.65,0.0,0.0,1.0,1.0,0.4
2022-12-27,Non-vaccinés,8525.47,3115.35,1032.01,484.51,142.03,110.72,16.16,13.47,24.55,21.64,
2022-12-28,Complet de 6 mois ou plus - sans rappel,8050.43,2934.85,1247.83,754.86,76.72,60.03,14.08,11.41,9.99,7.32,22.26
2022-12-31,Complet - avec 2 rappels entre 3 mois et 6 mois,4126.28,751.05,461.52,202.98,45.14,36.29,4.08,3.21,12.11,7.82,5.65
2023-01-01,Complet - avec 2 rappels entre 3 mois et 6 mois,1261.76,250.26,133.52,38.69,32.93,25.57,5.31,4.24,6.05,4.97,5.59
2023-01-01,Complet - avec 3 rappels entre 3 et 6 mois ou plus,33.96,3.51,4.82,0.11,0.1,0.1,0.0,0.0,0.17,0.17,0.1
2023-01-02,Primo dose récente,11.85,0.2,0.14,0.0,0.0,0.0,0.0,0.0,0.0,0.0,0.01
2023-01-02,Complet - avec 3 rappels de moins de 3 mois,3132.26,549.19,259.83,90.4,35.96,27.41,7.18,6.7,7.87,7.01,2.11
2023-01-03,Complet - avec 3 rappels entre 3 et 6 mois ou plus,82.33,16.17,13.68,2.49,3.54,2.04,0.04,0.01,1.16,1.0,0.1
2023-01-04,Complet de 6 mois ou plus - sans rappel,6523.77,1506.18,489.89,238.81,46.53,32.76,13.91,10.49,4.55,3.06,22.26
2023-01-04,Complet - avec 3 rappels de moins de 3 mois,1715.21,307.75,114.15,34.61,20.5,14.35,2.95,2.52,1.97,1.6,2.17
2023-01-08,Complet - avec 1 rappel entre 3 mois et 6 mois,108.73,14.38,7.42,3.4,1.24,1.22,0.06,0.0,2.03,2.0,0.64
2023-01-11,Complet - avec 2 rappels de moins de 3 mois,4086.39,483.33,127.09,44.38,18.84,15.15,3.43,3.28,3.15,2.0,5.46
2023-01-12,Complet - avec 2 rappels entre 3 mois et 6 mois,2122.65,386.6,180.66,56.11,32.42,24.36,2.08,1.37,7.69,6.16,4.25
2023-01-13,Complet - avec 1 rappel de 6 mois ou plus,20703.98,3518.66,1421.79,666.24,142.26,112.94,22.56,16.99,25.62,16.68,57.55
2023-01-15,Complet de moins de 3 mois - sans rappel,16.2,0.57,1.14,0.0,0.02,0.0,0.0,0.0,1.0,1.0,0.07
2023-01-16,Complet - avec 1 rappel de moins de 3 mois,523.03,55.02,20.99,6.78,2.05,2.0,0.28,0.28,0.0,0.0,0.4
2023-01-17,Non-vaccinés,8121.91,1723.64,304.9,141.54,33.11,23.42,3.31,2.0,7.2,5.53,
2023-01-17,Complet - avec 3 rappels entre 3 et 6 mois ou plus,207.36,18.68,11.75,2.6,1.24,1.01,0.02,0.0,0.0,0.0,0.17
2023-01-18,Complet - avec 3 rappels de moins de 3 mois,2265.05,220.84,86.37,20.18,10.83,9.79,0.63,0.43,1.22,1.17,2.58
2023-01-19,Complet - avec 2 rappels entre 3 mois et 6 mois,1668.86,281.18,100.35,40.83,15.96,12.31,0.32,0.25,2.39,2.34,3.97
2023-01-21,Complet de 6 mois ou plus - sans rappel,6726.63,605.45,222.94,101.19,16.55,14.4,1.38,1.38,3.64,1.71,22.23
2023-01-22,Complet de 6 mois ou plus - sans rappel,1990.87,197.27,62.76,15.76,12.07,10.14,2.6,2.22,2.53,2.53,22.23
2023-01-23,Primo dose efficace,583.36,72.0,28.05,10.25,0.54,0.0,0.0,0.0,0.14,0.14,1.03
2023-01-23,Complet - avec 1 rappel de 6 mois ou plus,38134.26,4266.13,1917.14,1014.34,94.4,70.49,12.89,9.68,15.74,13.33,57.24
2023-01-24,Complet - avec 1 rappel de moins de 3 mois,390.13,43.64,12.52,3.39,0.06,0.0,1.03,1.01,0.02,0.02,0.39
2023-01-24,Complet - avec 1 rappel entre 3 mois et 6 mois,316.01,44.16,9.4,5.58,1.41,1.23,0.01,0.0,0.06,0.0,0.47
2023-01-24,Complet - avec 3 rappels de moins de 3 mois,2637.47,224.38,81.06,23.87,6.42,5.53,0.98,0.44,1.3,1.11,2.74
2023-01-25,Complet de moins de 3 mois - sans rappel,37.13,2.86,2.28,0.0,1.03,1.0,0.0,0.0,0.0,0.0,0.07
2023-01-26,Non-vaccinés,5631.15,1578.51,282.7,124.85,33.16,28.13,2.07,1.49,2.38,0.55,
2023-01-27,Non-vaccinés,5496.56,1496.09,205.41,101.22,24.08,17.88,1.71,1.37,4.22,3.75,
2023-01-27,Complet - avec 1 rappel de 6 mois ou plus,18677.38,2969.21,1024.73,568.41,64.58,47.58,10.53,7.97,17.83,14.63,57.14
2023-01-27,Complet - avec 3 rappels de moins de 3 mois,1996.94,185.66,71.09,20.68,10.81,8.83,1.23,1.16,1.29,1.2,2.83
2023-01-28,Primo dose efficace,350.43,40.87,7.86,3.79,0.19,0.0,0.0,0.0,0.0,0.0,1.03
2023-01-29,Complet - avec 3 rappels de moins de 3 mois,723.09,82.21,30.48,4.19,8.47,7.29,2.03,1.03,0.11,0.11,2.87
2023-01-29,Complet - avec 3 rappels entre 3 et 6 mois ou plus,107.51,20.11,11.03,5.2,2.42,2.21,0.02,0.02,1.0,1.0,0.37
2023-01-30,Primo dose efficace,544.75,59.91,14.52,5.07,1.81,1.66,0.02,0.0,0.0,0.0,1.03
2023-01-30,Complet de moins de 3 mois - sans rappel,80.12,6.91,4.29,1.17,0.15,0.12,0.0,0.0,0.0,0.0,0.07
2023-01-30,Complet entre 3 mois et 6 mois - sans rappel,70.89,9.08,4.54,1.39,0.0,0.0,0.0,0.0,0.0,0.0,0.09
2023-01-30,Complet - avec 2 rappels de moins de 3 mois,5838.21,366.72,97.07,40.27,13.0,8.26,1.6,1.54,2.0,2.0,5.21
2023-01-30,Complet - avec 3 rappels entre 3 et 6 mois ou plus,535.73,46.06,28.89,9.79,2.63,2.22,0.02,0.02,0.34,0.34,0.37
2023-01-31,Complet de 6 mois ou plus - sans rappel,8089.72,1266.85,300.76,163.33,27.72,19.42,2.43,2.05,0.33,0.2,22.23
2023-01-31,Complet - avec 1 rappel de 6 mois ou plus,27230.66,3227.35,1066.64,534.56,86.71,55.91,5.87,4.33,15.32,13.0,57.08
2023-01-31,Complet - avec 3 rappels entre 3 et 6 mois ou plus,427.57,39.08,18.68,4.39,2.63,2.17,0.05,0.05,0.0,0.0,0.38
2023-02-01,Non-vaccinés,,,,,29.34,,3.7,,3.18,,
2023-02-01,Complet - avec 1 rappel de 6 mois ou plus,,,,,77.16,,14.99,,8.25,,57.06
2023-02-01,Complet - avec 2 rappels de 6 mois ou plus,,,,,45.69,,4.87,,8.78,,6.71
2023-02-02,Non-vaccinés,,,,,28.38,,2.11,,3.05,,
2023-02-02,Primo dose récente,,,,,0.0,,0.0,,0.0,,0.01
2023-02-04,Non-vaccinés,,,,,11.87,,2.24,,3.15,,
2023-02-05,Complet - avec 2 rappels de moins de 3 mois,,,,,4.43,,1.11,,0.0,,5.11
2023-02-08,Complet de moins de 3 mois - sans rappel,,,,,0.0,,0.0,,0.0,,0.07
2023-02-09,Non-vaccinés,,,,,24.49,,1.61,,2.4,,
2023-02-10,Complet - avec 2 rappels entre 3 mois et 6 mois,,,,,10.33,,0.35,,1.4,,3.52
2023-02-14,Complet entre 3 mois et 6 mois - sans rappel,,,,,1.0,,0.0,,1.0,,0.08
2023-02-14,Complet - avec 2 rappels de moins de 3 mois,,,,,5.51,,1.03,,0.0,,4.87
2023-02-15,Complet - avec 2 rappels entre 3 mois et 6 mois,,,,,9.97,,1.0,,2.15,,3.56
2023-02-16,Complet - avec 2 rappels entre 3 mois et 6 mois,,,,,9.81,,1.22,,1.48,,3.57
2023-02-17,Complet - avec 3 rappels de moins de 3 mois,1702.21,176.89,64.76,21.74,5.05,3.75,0.8,0.24,1.45,0.24,3.04
2023-02-18,Complet entre 3 mois et 6 mois - sans rappel,25.24,3.02,0.04,0.0,0.0,0.0,0.0,0.0,0.0,0.0,0.08
2023-02-20,Complet de 6 mois ou plus - sans rappel,8821.98,968.2,346.62,150.31,33.29,22.45,3.41,2.87,1.2,1.2,22.22
2023-02-20,Complet - avec 2 rappels de 6 mois ou plus,7439.71,550.45,361.7,127.27,46.57,35.41,3.97,3.4,5.0,4.0,7.01
2023-02-22,Primo dose récente,0.5,0.0,0.0,0.0,0.0,0.0,0.0,0.0,0.0,0.0,0.01
2023-02-24,Primo dose efficace,265.28,43.2,13.99,5.49,3.54,2.09,0.03,0.01,0.0,0.0,1.03
2023-02-24,Complet de 6 mois ou plus - sans rappel,4507.64,663.82,209.83,89.3,18.39,16.57,1.53,0.11,2.37,2.25,22.22
2023-02-25,Non-vaccinés,4992.45,596.65,125.61,44.28,25.47,19.27,2.11,2.11,3.6,3.2,
2023-02-27,Complet - avec 3 rappels entre 3 et 6 mois ou plus,1058.54,89.18,68.41,22.28,6.27,3.88,0.18,0.18,1.0,1.0,0.86
2023-03-01,Primo dose efficace,313.32,35.48,13.47,6.01,3.52,1.48,0.08,0.0,0.0,0.0,1.03
2023-03-02,Primo dose récente,3.12,0.0,0.0,0.0,0.0,0.0,0.0,0.0,0.0,0.0,0.0
2023-03-03,Complet - avec 1 rappel de 6 mois ou plus,14709.01,1883.64,933.42,422.91,81.54,60.35,11.84,10.0,6.18,4.0,56.84
2023-03-04,Complet - avec 2 rappels de 6 mois ou plus,4734.24,244.17,181.2,60.73,21.9,15.96,0.83,0.2,6.49,5.85,7.28
2023-03-07,Complet de 6 mois ou plus - sans rappel,5950.32,827.62,375.74,181.76,29.91,25.21,3.94,2.49,2.1,2.0,22.22
2023-03-08,Complet - avec 1 rappel de moins de 3 mois,169.77,18.4,5.14,1.31,0.19,0.19,0.01,0.01,0.02,0.0,0.29
2023-03-10,Complet - avec 1 rappel entre 3 mois et 6 mois,188.53,35.7,15.99,8.41,1.26,1.0,0.0,0.0,0.0,0.0,0.39
2023-03-12,Non-vaccinés,1852.53,423.31,110.22,38.87,26.46,19.95,0.75,0.61,4.81,4.17,
2023-03-12,Complet - avec 2 rappels de 6 mois ou plus,1369.26,196.34,96.25,20.35,28.62,19.68,3.2,3.14,2.76,1.85,7.45
2023-03-13,Complet - avec 3 rappels de moins de 3 mois,2331.82,187.27,132.08,54.36,11.66,7.52,1.56,0.17,1.06,1.0,2.52
2023-03-14,Primo dose efficace,325.24,56.58,27.42,12.58,4.17,3.22,1.35,1.0,0.0,0.0,1.03
2023-03-16,Complet de moins de 3 mois - sans rappel,26.96,8.76,2.08,1.0,0.13,0.1,0.03,0.0,0.0,0.0,0.05
2023-03-18,Complet - avec 3 rappels entre 3 et 6 mois ou plus,1076.26,105.49,90.44,29.72,10.67,7.98,0.03,0.01,1.37,1.17,1.88
2023-03-21,Complet - avec 3 rappels de moins de 3 mois,1232.56,134.12,101.08,48.02,14.37,11.58,1.62,1.51,0.5,0.5,2.03
2023-03-23,Complet - avec 3 rappels de moins de 3 mois,598.34,104.37,78.18,28.93,13.64,9.34,0.41,0.3,0.0,0.0,1.9
2023-03-24,Complet - avec 1 rappel de moins de 3 mois,70.3,10.23,8.17,1.56,1.75,0.14,0.0,0.0,0.0,0.0,0.19
2023-03-25,Complet de 6 mois ou plus - sans rappel,3800.9,476.3,307.45,144.52,14.23,11.34,1.61,1.3,0.02,0.02,22.23
2023-03-25,Complet - avec 2 rappels de moins de 3 mois,740.2,63.55,36.39,11.91,1.11,0.23,0.18,0.04,0.01,0.01,1.73
2023-03-26,Complet - avec 3 rappels entre 3 et 6 mois ou plus,372.5,62.97,48.76,13.99,6.15,4.41,1.3,0.17,1.2,0.2,2.19
2023-03-27,Complet - avec 2 rappels de 6 mois ou plus,6072.51,671.52,602.93,256.81,75.68,52.37,5.51,4.8,3.97,2.97,7.79
2023-04-02,Complet - avec 2 rappels de moins de 3 mois,141.89,20.3,7.13,1.88,3.55,2.39,0.0,0.0,0.0,0.0,1.49
2023-04-04,Complet de 6 mois ou plus - sans rappel,4545.21,988.87,494.75,266.57,30.57,21.55,5.13,2.82,2.08,1.08,22.23
2023-04-05,Complet - avec 1 rappel de 6 mois ou plus,13146.53,2847.49,1835.83,1033.67,131.04,100.5,11.13,7.72,12.64,7.22,56.89
2023-04-05,Complet - avec 2 rappels de moins de 3 mois,511.63,87.47,47.91,23.39,2.5,2.25,0.03,0.0,0.01,0.01,1.37
2023-04-05,Complet - avec 2 rappels de 6 mois ou plus,3591.47,623.15,496.36,240.82,73.42,55.86,6.74,4.76,7.14,5.35,8.01
2023-04-07,Non-vaccinés,2735.66,833.55,336.39,166.18,40.35,25.72,2.1,2.0,7.09,5.1,
2023-04-07,Complet entre 3 mois et 6 mois - sans rappel,23.27,5.96,2.68,0.27,0.0,0.0,0.0,0.0,0.07,0.02,0.07
2023-04-08,Complet - avec 1 rappel de 6 mois ou plus,10393.57,1594.23,1153.23,593.63,91.02,58.41,9.85,8.1,4.67,2.17,56.89
2023-04-09,Primo dose efficace,55.61,7.86,5.46,2.66,1.52,1.0,0.0,0.0,0.0,0.0,1.03
2023-04-09,Complet entre 3 mois et 6 mois - sans rappel,9.7,3.33,1.21,0.12,1.0,0.0,0.0,0.0,0.0,0.0,0.07
2023-04-09,Complet - avec 1 rappel entre 3 mois et 6 mois,44.02,5.7,5.85,1.07,1.57,1.36,0.01,0.01,0.0,0.0,0.43
2023-04-09,Complet - avec 2 rappels de moins de 3 mois,99.4,20.18,9.12,6.56,1.3,1.27,0.09,0.09,1.0,1.0,1.12
2023-04-10,Complet - avec 2 rappels de moins de 3 mois,113.89,16.99,10.74,4.21,2.17,2.0,1.01,1.01,0.01,0.01,1.11
2023-04-11,Complet - avec 2 rappels entre 3 mois et 6 mois,3636.28,561.34,412.56,205.69,27.41,19.31,3.67,3.35,1.14,1.14,5.82
2023-04-14,Complet de 6 mois ou plus - sans rappel,3265.39,792.48,413.45,223.96,28.22,21.31,3.16,1.64,2.49,1.25,22.24
2023-04-14,Complet - avec 2 rappels entre 3 mois et 6 mois,1855.03,465.14,270.07,150.85,21.15,13.25,1.7,1.59,1.43,1.17,5.81
2023-04-16,Complet entre 3 mois et 6 mois - sans rappel,7.22,0.24,2.31,0.12,1.06,1.06,0.0,0.0,0.0,0.0,0.07
2023-04-17,Non-vaccinés,4749.37,935.22,465.23,201.37,47.6,34.78,9.08,7.09,2.71,1.44,
2023-04-17,Complet de 6 mois ou plus - sans rappel,4931.11,959.66,558.83,315.72,37.16,33.38,6.55,5.67,0.96,0.41,22.24
2023-04-17,Complet - avec 2 rappels de moins de 3 mois,455.68,71.28,49.17,21.3,1.53,1.53,0.25,0.25,0.14,0.14,0.79
2023-04-18,Complet - avec 1 rappel de moins de 3 mois,41.96,10.26,7.01,3.15,0.43,0.0,0.0,0.0,0.04,0.02,0.12
2023-04-19,Complet - avec 2 rappels entre 3 mois et 6 mois,1851.79,398.84,257.35,128.85,28.99,20.62,3.04,2.29,0.33,0.11,5.74
2023-04-21,Complet de 6 mois ou plus - sans rappel,2735.61,605.46,319.48,188.18,24.04,18.49,6.52,5.42,1.21,1.21,22.25
2023-04-21,Complet - avec 1 rappel de 6 mois ou plus,9253.56,2398.59,1536.69,871.87,107.53,83.91,8.99,5.57,15.98,11.86,56.94
2023-04-21,Complet - avec 3 rappels entre 3 et 6 mois ou plus,1291.04,277.49,230.11,114.89,16.65,11.17,3.62,3.31,5.24,5.08,3.14
2023-04-23,Complet - avec 1 rappel entre 3 mois et 6 mois,52.51,7.45,6.72,3.13,0.11,0.0,0.0,0.0,0.15,0.0,0.41
2023-04-23,Complet - avec 2 rappels de moins de 3 mois,60.5,10.19,1.8,0.46,1.24,1.21,0.0,0.0,0.0,0.0,0.57
2023-04-25,Complet de moins de 3 mois - sans rappel,12.79,1.35,1.17,0.0,0.0,0.0,0.0,0.0,0.0,0.0,0.03
2023-04-25,Complet - avec 2 rappels de moins de 3 mois,248.56,37.34,26.25,13.71,2.37,2.27,0.02,0.02,0.21,0.07,0.55
2023-04-25,Complet - avec 2 rappels entre 3 mois et 6 mois,1918.09,370.38,202.56,91.77,19.48,12.38,0.49,0.44,2.38,2.24,5.55
2023-04-26,Complet de 6 mois ou plus - sans rappel,3307.29,707.54,357.26,182.48,28.0,20.27,2.71,2.22,1.74,1.29,22.25
2023-04-26,Complet - avec 3 rappels de moins de 3 mois,304.81,75.89,33.57,16.41,1.27,1.23,1.06,1.06,0.41,0.25,0.86
2023-04-27,Primo dose efficace,131.98,31.32,23.75,12.06,0.86,0.19,2.0,1.0,0.25,0.25,1.03
2023-04-28,Complet - avec 3 rappels de moins de 3 mois,208.8,64.36,34.41,22.0,0.41,0.25,1.07,1.0,2.0,2.0,0.79
2023-04-29,Complet - avec 1 rappel entre 3 mois et 6 mois,114.94,17.64,6.47,2.42,0.32,0.28,0.2,0.2,0.25,0.25,0.39
2023-04-30,Primo dose récente,3.04,0.02,0.0,0.0,0.0,0.0,0.0,0.0,0.0,0.0,0.0
2023-04-30,Complet - avec 2 rappels de moins de 3 mois,54.16,16.08,5.52,1.22,1.0,1.0,0.25,0.0,0.0,0.0,0.41
2023-05-01,Primo dose efficace,57.32,12.11,7.81,2.5,1.71,1.53,0.05,0.05,0.08,0.08,1.03
2023-05-02,Complet - avec 1 rappel de moins de 3 mois,39.27,6.71,2.78,1.26,1.31,1.25,0.0,0.0,0.01,0.01,0.09
2023-05-03,Complet de 6 mois ou plus - sans rappel,2917.75,656.83,325.68,188.51,23.18,13.73,2.33,1.17,1.25,1.0,22.25
2023-05-04,Complet - avec 3 rappels entre 3 et 6 mois ou plus,938.24,261.63,162.63,70.99,19.46,12.6,0.31,0.0,2.17,1.11,3.51
2023-05-07,Primo dose récente,0.04,0.0,0.0,0.0,0.0,0.0,0.0,0.0,0.0,0.0,0.0
2023-05-07,Complet - avec 1 rappel de moins de 3 mois,5.91,1.15,0.11,0.0,0.0,0.0,0.01,0.01,0.0,0.0,0.08
2023-05-07,Complet - avec 2 rappels de moins de 3 mois,27.45,5.92,2.53,1.11,0.0,0.0,0.0,0.0,0.0,0.0,0.31
2023-05-08,Complet de 6 mois ou plus - sans rappel,811.55,120.2,70.2,19.62,6.86,4.87,3.31,3.11,1.07,0.5,22.26
2023-05-08,Complet - avec 1 rappel de 6 mois ou plus,2614.43,414.04,268.83,90.79,59.42,43.31,5.27,3.82,11.3,10.5,56.99
2023-05-08,Complet - avec 2 rappels de 6 mois ou plus,1083.96,165.67,125.43,35.07,33.12,26.93,0.8,0.35,1.23,1.0,9.47
2023-05-08,Complet - avec 3 rappels entre 3 et 6 mois ou plus,463.29,68.18,58.71,18.91,10.76,7.23,0.29,0.29,1.34,0.0,3.59
2023-05-09,Non-vaccinés,3871.5,670.1,295.1,160.57,40.3,25.94,2.2,0.67,2.61,2.0,
2023-05-10,Complet - avec 2 rappels entre 3 mois et 6 mois,1374.88,274.38,124.65,62.27,9.31,5.48,0.2,0.02,1.27,1.07,5.08
2023-05-11,Primo dose récente,0.02,0.0,0.02,0.0,0.0,0.0,0.0,0.0,0.0,0.0,0.0
2023-05-11,Primo dose efficace,125.06,30.57,8.47,1.48,0.84,0.7,0.0,0.0,0.0,0.0,1.03
2023-05-11,Complet - avec 1 rappel entre 3 mois et 6 mois,94.27,21.41,6.14,3.37,0.33,0.0,0.0,0.0,2.0,2.0,0.37
2023-05-11,Complet - avec 2 rappels de moins de 3 mois,61.19,12.61,4.5,3.16,0.24,0.17,0.0,0.0,0.14,0.07,0.27
2023-05-11,Complet - avec 2 rappels de 6 mois ou plus,2017.01,523.61,277.36,147.18,41.78,27.97,3.02,1.2,4.41,3.79,9.67
2023-05-13,Complet - avec 1 rappel de moins de 3 mois,12.83,0.3,0.13,0.13,0.0,0.0,0.0,0.0,0.02,0.02,0.07
2023-05-15,Primo dose récente,1.16,0.0,0.02,0.0,0.0,0.0,0.0,0.0,0.0,0.0,0.0
2023-05-16,Complet - avec 3 rappels de moins de 3 mois,79.5,13.29,9.06,3.78,0.08,0.01,0.0,0.0,0.25,0.25,0.47
2023-05-16,Complet - avec 3 rappels entre 3 et 6 mois ou plus,963.61,239.06,142.94,66.29,11.95,10.74,1.18,1.0,1.45,1.25,3.73
2023-05-17,Complet - avec 2 rappels de moins de 3 mois,57.57,14.95,3.77,2.47,0.0,0.0,1.0,1.0,0.0,0.0,0.22
2023-05-18,Complet de moins de 3 mois - sans rappel,0.69,0.53,0.04,0.0,0.0,0.0,0.0,0.0,0.0,0.0,0.02
2023-05-19,Complet - avec 1 rappel de moins de 3 mois,5.97,2.26,0.07,0.0,0.0,0.0,0.0,0.0,0.02,0.0,0.06
2023-05-19,Complet - avec 3 rappels de moins de 3 mois,101.08,23.13,12.65,9.1,0.05,0.01,0.25,0.25,0.0,0.0,0.43
2023-05-20,Complet - avec 1 rappel de 6 mois ou plus,6306.6,831.1,427.3,231.49,33.24,22.3,7.88,6.28,5.74,3.0,57.04
2023-05-21,Complet - avec 2 rappels de 6 mois ou plus,844.35,150.91,76.99,31.86,18.4,15.21,4.2,2.2,3.24,3.0,10.1
2023-05-22,Non-vaccinés,3075.31,602.6,218.98,98.27,21.28,13.74,3.31,2.12,2.67,2.67,
2023-05-22,Complet de 6 mois ou plus - sans rappel,2920.5,651.69,288.54,180.62,13.19,9.4,1.19,1.11,0.0,0.0,22.27
2023-05-24,Non-vaccinés,2279.6,513.52,200.57,106.83,17.15,10.16,2.4,2.4,2.92,2.17,
2023-05-24,Primo dose efficace,140.24,33.28,13.62,8.47,1.81,1.64,0.0,0.0,0.0,0.0,1.03
2023-05-25,Non-vaccinés,1802.05,528.51,150.79,74.53,25.2,16.6,4.66,3.56,1.0,1.0,
2023-05-26,Primo dose récente,1.04,0.0,0.0,0.0,0.0,0.0,0.0,0.0,0.0,0.0,0.0
2023-05-26,Complet - avec 1 rappel de 6 mois ou plus,4432.57,1412.3,612.73,377.89,42.55,29.45,8.38,6.93,6.17,3.67,57.06
2023-05-28,Complet - avec 1 rappel de 6 mois ou plus,1597.96,297.82,116.0,47.79,31.5,21.5,4.16,2.91,6.02,5.02,57.07
2023-05-29,Complet - avec 1 rappel de 6 mois ou plus,2257.77,406.86,189.29,76.34,26.11,17.32,4.17,3.21,2.87,1.39,57.07
2023-05-30,Complet - avec 1 rappel entre 3 mois et 6 mois,111.95,18.24,11.46,6.38,1.28,1.0,0.0,0.0,1.0,1.0,0.33
2023-05-30,Complet - avec 3 rappels de moins de 3 mois,171.88,36.56,16.98,10.2,1.26,1.21,0.07,0.07,0.0,0.0,0.37
2023-05-31,Primo dose efficace,115.71,27.13,14.82,7.49,0.66,0.43,0.0,0.0,0.0,0.0,1.03
2023-05-31,Complet - avec 3 rappels entre 3 et 6 mois ou plus,1042.1,222.87,137.87,60.72,9.16,6.48,0.0,0.0,2.16,2.0,3.89
2023-06-01,Complet de moins de 3 mois - sans rappel,1.3,1.0,1.0,1.0,0.0,0.0,0.0,0.0,0.0,0.0,0.02
2023-06-01,Complet - avec 1 rappel de moins de 3 mois,5.92,0.31,0.1,0.05,0.06,0.0,0.0,0.0,0.0,0.0,0.05
2023-06-02,Non-vaccinés,1685.74,398.81,143.94,61.9,23.71,15.25,1.3,1.0,3.23,0.3,
2023-06-02,Primo dose efficace,83.17,19.2,3.18,0.54,0.96,0.27,0.0,0.0,0.04,0.0,1.03
2023-06-02,Complet entre 3 mois et 6 mois - sans rappel,12.4,0.47,0.23,0.2,0.12,0.0,1.0,0.0,0.05,0.0,0.06
2023-06-02,Complet - avec 2 rappels de 6 mois ou plus,2275.04,480.98,212.27,104.16,27.61,17.19,2.5,2.0,3.47,2.01,10.71
2023-06-03,Primo dose efficace,71.04,4.71,6.16,1.58,0.07,0.07,0.0,0.0,0.04,0.04,1.03
2023-06-06,Non-vaccinés,2117.33,458.57,154.03,75.11,18.57,14.13,3.47,2.31,3.56,1.0,
2023-06-07,Complet - avec 1 rappel entre 3 mois et 6 mois,55.62,9.55,5.77,1.16,0.03,0.0,0.01,0.01,0.0,0.0,0.29
2023-06-07,Complet - avec 2 rappels entre 3 mois et 6 mois,632.74,125.93,45.34,25.94,1.61,0.17,0.1,0.07,1.14,1.14,3.67
2023-06-07,Complet - avec 3 rappels de moins de 3 mois,79.6,18.34,3.5,1.2,0.24,0.0,0.25,0.11,1.0,1.0,0.33
2023-06-08,Complet entre 3 mois et 6 mois - sans rappel,5.86,2.12,0.01,0.01,0.0,0.0,0.0,0.0,0.0,0.0,0.06
2023-06-08,Complet de 6 mois ou plus - sans rappel,1313.69,367.47,114.76,65.41,3.54,2.95,0.87,0.5,1.17,1.0,22.29
2023-06-10,Non-vaccinés,1547.3,231.71,56.66,18.73,6.88,3.5,1.34,1.0,3.02,2.17,
2023-06-10,Complet entre 3 mois et 6 mois - sans rappel,4.83,0.04,0.0,0.0,0.0,0.0,0.0,0.0,0.04,0.02,0.06
2023-06-10,Complet - avec 2 rappels entre 3 mois et 6 mois,498.29,75.88,19.49,8.33,0.12,0.0,0.0,0.0,0.27,0.27,3.23
2023-06-10,Complet - avec 3 rappels entre 3 et 6 mois ou plus,711.13,86.67,37.18,18.1,3.06,2.0,0.2,0.0,0.36,0.36,3.97
2023-06-11,Complet - avec 3 rappels entre 3 et 6 mois ou plus,278.09,57.19,17.47,5.95,1.32,1.0,1.0,1.0,0.0,0.0,3.97
2023-03-03,Complet - avec 2 rappels de moins de 3 mois,1730.13,168.38,54.06,19.47,7.13,5.61,1.21,0.12,0.16,0.0,4.03
2023-03-04,Primo dose récente,1.35,0.0,0.0,0.0,0.0,0.0,0.0,0.0,0.0,0.0,0.0
2023-03-04,Primo dose efficace,264.56,22.14,11.52,4.1,1.25,1.17,0.25,0.0,0.25,0.0,1.03
2023-03-04,Complet - avec 1 rappel de moins de 3 mois,151.61,8.09,5.23,0.35,0.45,0.37,0.0,0.0,0.0,0.0,0.3
2023-03-04,Complet - avec 3 rappels entre 3 et 6 mois ou plus,739.36,54.76,36.13,16.89,2.63,1.14,0.75,0.0,0.58,0.2,1.06
2023-03-05,Non-vaccinés,1983.75,390.84,83.7,18.87,25.26,16.64,3.14,2.06,3.51,3.25,
2023-03-05,Complet - avec 1 rappel de moins de 3 mois,45.96,5.43,0.57,0.36,0.0,0.0,0.01,0.01,0.34,0.34,0.3
2023-03-06,Non-vaccinés,7270.51,1081.17,313.54,138.05,38.19,27.54,2.24,1.66,5.2,2.68,
2023-03-07,Complet - avec 2 rappels de 6 mois ou plus,5410.11,498.67,346.01,127.45,62.46,41.34,3.24,2.46,5.14,3.0,7.31
2023-03-08,Complet - avec 2 rappels de moins de 3 mois,1813.63,168.34,96.84,35.82,9.73,8.44,2.18,2.18,0.01,0.0,3.65
2023-03-11,Complet - avec 2 rappels de 6 mois ou plus,4507.36,312.51,253.39,94.14,34.02,29.35,5.61,5.13,4.28,4.0,7.44
2023-03-12,Complet - avec 2 rappels de moins de 3 mois,378.16,46.57,16.98,3.94,5.76,4.38,0.16,0.1,0.29,0.17,3.15
2023-03-12,Complet - avec 3 rappels entre 3 et 6 mois ou plus,325.42,42.51,42.07,8.1,6.71,3.63,2.2,2.18,1.0,0.0,1.43
2023-03-18,Complet - avec 2 rappels de moins de 3 mois,1044.47,81.51,45.65,22.63,6.76,4.38,2.31,2.03,1.03,1.0,2.29
2023-03-19,Primo dose récente,1.0,0.0,0.0,0.0,0.0,0.0,0.0,0.0,0.0,0.0,0.0
2021-05-31,Primo dose efficace,43966.66,2980.14,538.86,176.89,44.84,27.14,5.49,4.09,11.18,8.34,40.38
2021-06-01,Primo dose récente,14784.81,1427.12,510.05,240.77,20.42,13.0,4.84,2.27,0.0,0.0,18.75
2021-06-01,Complet - avec 1 rappel de moins de 3 mois,0.0,0.0,0.0,0.0,0.0,0.0,0.0,0.0,0.0,0.0,0.0
2021-06-02,Complet entre 3 mois et 6 mois - sans rappel,7610.0,322.5,58.53,12.89,8.86,5.85,1.74,0.67,3.35,2.25,6.26
2021-06-02,Complet - avec 1 rappel de moins de 3 mois,0.0,0.0,0.0,0.0,0.0,0.0,0.0,0.0,0.0,0.0,0.0
2021-06-04,Complet - avec 1 rappel de moins de 3 mois,0.0,0.0,0.0,0.0,0.0,0.0,0.0,0.0,0.0,0.0,0.0
2021-06-07,Complet de moins de 3 mois - sans rappel,44045.61,1780.17,661.01,201.26,26.78,18.21,7.68,7.47,2.48,2.01,34.75
2021-06-09,Complet entre 3 mois et 6 mois - sans rappel,7289.66,304.53,50.93,7.5,5.1,4.47,0.65,0.0,3.0,2.32,6.87
2021-06-09,Complet de 6 mois ou plus - sans rappel,0.0,0.0,0.0,0.0,0.0,0.0,0.0,0.0,0.1,0.0,0.0
2021-06-10,Non-vaccinés,114914.85,10504.02,3102.39,1058.12,162.65,123.48,44.44,34.12,21.12,16.58,
2021-06-10,Complet - avec 1 rappel de moins de 3 mois,0.0,0.0,0.0,0.0,0.0,0.0,0.0,0.0,0.0,0.0,0.0
2021-06-11,Complet - avec 1 rappel de moins de 3 mois,0.0,0.0,0.0,0.0,0.0,0.0,0.0,0.0,0.0,0.0,0.0
2021-06-12,Primo dose efficace,26901.7,975.52,127.51,30.88,15.07,10.81,4.39,1.22,4.6,3.1,41.11
2021-06-13,Primo dose récente,2320.53,111.33,34.94,16.21,8.01,3.33,2.45,1.25,0.05,0.05,15.07
2021-06-13,Complet entre 3 mois et 6 mois - sans rappel,1618.12,99.04,8.86,1.25,2.54,2.54,3.39,1.0,0.5,0.5,7.21
2021-06-14,Complet de moins de 3 mois - sans rappel,46149.09,1559.74,384.53,122.67,23.69,15.56,3.83,2.46,2.92,2.66,36.79
2021-06-14,Complet de 6 mois ou plus - sans rappel,0.0,0.0,0.0,0.0,0.0,0.0,0.0,0.0,0.1,0.0,0.0
2021-06-15,Non-vaccinés,92359.52,9126.3,2388.15,755.92,135.88,105.43,33.39,23.44,20.04,14.35,
2021-06-15,Primo dose efficace,36503.88,1929.62,181.52,33.48,13.26,11.06,2.41,1.22,6.36,5.08,40.88
2021-06-16,Primo dose récente,13224.03,672.16,144.5,43.08,4.15,2.39,0.8,0.2,0.2,0.0,13.97
2021-06-16,Complet - avec 1 rappel de moins de 3 mois,0.0,0.0,0.0,0.0,0.0,0.0,0.0,0.0,0.0,0.0,0.0
2021-06-19,Complet de moins de 3 mois - sans rappel,27610.7,763.41,136.12,22.65,11.36,8.23,2.2,1.7,1.98,1.98,39.77
2021-06-19,Complet de 6 mois ou plus - sans rappel,0.02,0.02,0.02,0.02,0.0,0.0,0.0,0.0,0.0,0.0,0.0
2021-06-20,Primo dose récente,2078.49,87.51,16.78,4.31,2.97,2.56,0.13,0.0,0.0,0.0,12.03
2021-06-20,Complet entre 3 mois et 6 mois - sans rappel,1719.48,108.44,6.01,1.51,5.7,3.2,0.22,0.22,0.74,0.64,7.47
2021-06-23,Complet entre 3 mois et 6 mois - sans rappel,6898.55,330.16,25.9,5.23,6.61,6.04,1.24,1.16,3.43,2.29,7.62
2021-06-23,Complet - avec 1 rappel de moins de 3 mois,0.0,0.0,0.0,0.0,0.0,0.0,0.0,0.0,0.0,0.0,0.0
2021-06-27,Non-vaccinés,17155.93,1153.66,313.43,89.58,56.32,43.8,14.15,12.0,16.12,11.45,
2021-06-30,Primo dose efficace,40799.71,2392.63,259.49,87.61,7.49,7.05,2.74,1.81,2.82,2.82,36.5
2021-07-05,Complet - avec 1 rappel de moins de 3 mois,0.0,0.0,0.0,0.0,0.0,0.0,0.0,0.0,0.0,0.0,0.0
2021-07-07,Complet de 6 mois ou plus - sans rappel,0.1,0.0,0.0,0.0,0.0,0.0,0.0,0.0,0.0,0.0,0.0
2021-07-09,Complet de moins de 3 mois - sans rappel,65757.63,3004.43,723.28,227.44,18.15,10.14,2.24,1.7,1.33,1.25,54.47
2021-07-09,Complet entre 3 mois et 6 mois - sans rappel,9966.31,649.54,73.15,21.39,8.39,6.67,0.34,0.06,1.18,1.1,9.96
2021-07-10,Complet - avec 1 rappel de moins de 3 mois,0.0,0.0,0.0,0.0,0.0,0.0,0.0,0.0,0.0,0.0,0.0
2021-07-11,Complet entre 3 mois et 6 mois - sans rappel,2461.21,183.56,18.46,6.96,7.55,6.41,0.12,0.0,1.56,1.17,10.45
2021-07-11,Complet - avec 1 rappel de moins de 3 mois,0.0,0.0,0.0,0.0,0.0,0.0,0.0,0.0,0.0,0.0,0.0
2021-07-12,Complet de moins de 3 mois - sans rappel,72150.5,4625.34,1112.12,422.97,10.09,5.76,4.85,3.57,1.0,1.0,56.18
2021-07-12,Complet de 6 mois ou plus - sans rappel,4.19,0.01,0.15,0.0,0.01,0.01,0.0,0.0,0.0,0.0,0.0
2021-07-13,Complet - avec 1 rappel de moins de 3 mois,0.1,0.0,0.0,0.0,0.0,0.0,0.0,0.0,0.0,0.0,0.0
2021-07-15,Complet - avec 1 rappel de moins de 3 mois,1.12,0.0,0.0,0.0,0.0,0.0,0.0,0.0,0.0,0.0,0.0
2021-07-17,Complet - avec 1 rappel de moins de 3 mois,0.07,0.0,0.0,0.0,0.0,0.0,0.0,0.0,0.0,0.0,0.0
2021-07-18,Primo dose efficace,6243.44,462.72,219.86,94.14,3.98,3.16,2.36,1.46,0.17,0.17,21.56
2021-07-19,Complet de moins de 3 mois - sans rappel,81555.05,6666.98,2538.63,1110.39,23.02,18.54,3.98,2.24,1.55,1.5,59.11
2021-07-24,Primo dose récente,15052.42,839.07,837.79,355.83,12.58,9.0,2.67,2.0,0.38,0.08,9.03
2021-07-29,Complet entre 3 mois et 6 mois - sans rappel,19129.86,1697.34,620.8,229.87,39.21,32.01,10.38,5.33,1.11,1.0,15.13
2021-07-30,Primo dose récente,46983.09,2133.17,1997.56,893.65,20.39,14.59,3.68,3.04,1.07,1.07,10.65
2021-07-30,Complet de moins de 3 mois - sans rappel,89900.74,6199.05,3061.91,1149.9,47.06,34.66,9.68,7.46,3.76,2.51,60.41
2021-07-30,Complet de 6 mois ou plus - sans rappel,182.94,13.99,4.68,2.15,0.08,0.0,0.0,0.0,0.0,0.0,0.08
2021-07-31,Complet de 6 mois ou plus - sans rappel,93.81,11.36,2.28,0.01,0.03,0.0,0.0,0.0,0.06,0.06,0.12
2021-08-03,Complet entre 3 mois et 6 mois - sans rappel,24182.97,2335.12,1101.13,419.44,55.3,43.5,8.23,6.74,8.77,7.41,16.11
2021-08-06,Complet de 6 mois ou plus - sans rappel,1025.75,102.35,45.33,14.38,1.12,1.05,0.04,0.0,0.0,0.0,0.45
2021-08-09,Complet de moins de 3 mois - sans rappel,82015.2,8457.93,5003.76,2210.9,92.21,66.44,23.81,16.0,4.7,2.84,59.57
2021-08-09,Complet entre 3 mois et 6 mois - sans rappel,30071.02,2651.32,1632.27,642.03,77.24,58.49,12.99,10.8,14.63,12.12,17.71
2021-08-10,Non-vaccinés,121882.8,14797.81,15496.48,7295.56,492.27,334.88,114.26,85.09,35.35,24.01,
2021-08-10,Primo dose récente,33802.85,2360.46,2128.44,1054.49,34.05,24.5,8.59,7.13,0.19,0.0,9.39
2021-08-11,Non-vaccinés,112568.12,13191.66,14099.02,6552.23,492.76,344.19,136.76,108.83,39.53,27.24,
2021-08-15,Primo dose récente,3888.03,243.57,232.56,103.9,29.8,22.49,3.78,2.27,0.06,0.0,7.37
2021-08-18,Complet de 6 mois ou plus - sans rappel,4397.34,334.18,229.28,72.86,12.61,9.0,2.04,1.58,8.1,5.83,1.73
2021-08-21,Complet entre 3 mois et 6 mois - sans rappel,15391.31,1356.84,605.15,261.76,58.11,45.1,17.92,15.8,18.14,15.19,19.63
2021-08-24,Primo dose efficace,35928.9,2405.01,1228.6,511.56,38.61,31.55,7.62,5.18,9.12,4.53,13.57
2021-08-30,Non-vaccinés,92382.83,10838.89,11113.45,4916.66,388.08,277.19,96.3,73.52,65.67,39.05,
2021-08-30,Complet - avec 1 rappel entre 3 mois et 6 mois,0.0,0.0,0.0,0.0,0.0,0.0,0.0,0.0,0.0,0.0,0.0
2021-09-02,Complet entre 3 mois et 6 mois - sans rappel,23386.87,2627.03,951.24,375.86,57.35,45.02,24.2,16.82,12.02,7.6,22.44
2021-09-02,Complet - avec 1 rappel entre 3 mois et 6 mois,0.0,0.0,0.0,0.0,0.0,0.0,0.0,0.0,0.0,0.0,0.0
2021-09-04,Complet de moins de 3 mois - sans rappel,43987.43,3526.85,1406.81,565.68,59.28,41.18,16.97,9.68,7.29,4.97,59.91
2021-09-09,Complet de 6 mois ou plus - sans rappel,6864.66,570.59,242.42,58.32,11.13,8.94,5.95,5.68,6.31,4.72,4.1
2021-09-10,Non-vaccinés,87012.83,7986.12,4795.17,1765.38,246.21,175.94,72.88,55.56,36.09,26.57,
2021-09-10,Complet - avec 1 rappel entre 3 mois et 6 mois,0.0,0.0,0.0,0.0,0.0,0.0,0.0,0.0,0.0,0.0,0.0
2021-09-11,Complet - avec 2 rappels de moins de 3 mois,0.0,0.0,0.0,0.0,0.0,0.0,0.0,0.0,0.0,0.0,0.0
2021-09-13,Primo dose récente,7308.22,433.01,230.22,94.61,7.3,4.68,1.51,1.13,0.0,0.0,2.16
2021-09-14,Primo dose récente,5691.49,392.71,155.04,66.9,6.66,4.41,0.26,0.04,0.01,0.01,2.06
2021-09-14,Complet - avec 1 rappel de moins de 3 mois,490.99,17.97,2.65,0.42,0.11,0.01,0.05,0.0,0.09,0.02,0.31
2021-09-16,Complet - avec 2 rappels de moins de 3 mois,0.0,0.0,0.0,0.0,0.0,0.0,0.0,0.0,0.0,0.0,0.0
2021-09-17,Primo dose efficace,17442.38,998.19,257.12,83.99,16.45,13.73,3.83,3.1,5.23,4.81,6.66
2021-09-19,Complet - avec 2 rappels de moins de 3 mois,0.0,0.0,0.0,0.0,0.0,0.0,0.0,0.0,0.0,0.0,0.0
2021-09-22,Complet de 6 mois ou plus - sans rappel,6044.0,532.81,140.38,42.29,9.77,6.38,1.35,1.01,4.21,1.59,4.27
2021-09-27,Non-vaccinés,66983.96,9290.8,3256.29,1364.47,119.32,78.09,32.66,24.16,21.55,14.46,
2021-09-28,Complet de moins de 3 mois - sans rappel,43831.56,8728.2,855.38,386.86,24.0,17.5,3.75,1.4,4.25,3.48,50.69
2021-09-30,Complet - avec 2 rappels de moins de 3 mois,2.07,1.03,0.0,0.0,0.0,0.0,0.0,0.0,0.0,0.0,0.0
2021-10-05,Complet - avec 1 rappel de moins de 3 mois,3231.6,193.39,22.13,2.73,0.1,0.0,0.0,0.0,0.08,0.01,1.94
2021-10-06,Primo dose efficace,7976.84,673.19,115.62,40.61,7.97,6.82,1.07,0.6,0.01,0.01,4.47
2021-10-09,Complet de moins de 3 mois - sans rappel,24894.08,2247.11,320.0,103.81,13.55,11.05,3.16,2.54,2.52,2.0,42.26
2021-10-10,Complet - avec 2 rappels de moins de 3 mois,1.11,1.05,0.0,0.0,0.0,0.0,0.0,0.0,0.0,0.0,0.0
2021-10-13,Primo dose récente,1907.75,114.19,37.8,20.57,0.35,0.01,0.02,0.02,0.0,0.0,0.79
2021-10-15,Complet - avec 1 rappel de moins de 3 mois,3653.58,256.19,28.41,4.23,5.69,2.8,1.57,1.25,1.16,1.06,2.95
2021-10-23,Complet de 6 mois ou plus - sans rappel,7292.53,538.07,203.63,90.03,26.88,19.76,6.23,5.55,7.15,6.03,7.46
2021-10-23,Complet - avec 2 rappels de moins de 3 mois,5.31,0.0,0.0,0.0,0.0,0.0,0.0,0.0,0.0,0.0,0.0
2021-10-24,Primo dose récente,235.21,13.38,2.52,1.31,0.42,0.33,0.07,0.02,0.0,0.0,0.64
2021-10-25,Primo dose récente,1471.4,88.17,41.01,18.98,1.54,1.43,0.4,0.32,0.0,0.0,0.64
2021-10-25,Complet - avec 1 rappel de 6 mois ou plus,0.19,0.19,0.19,0.19,0.0,0.0,0.0,0.0,0.0,0.0,0.0
2021-10-26,Complet de 6 mois ou plus - sans rappel,11261.21,1333.54,446.94,212.56,34.03,28.88,6.08,4.06,4.79,4.2,7.88
2021-10-27,Complet - avec 3 rappels de moins de 3 mois,0.0,0.0,0.0,0.0,0.0,0.0,0.0,0.0,0.0,0.0,0.0
2021-10-29,Primo dose récente,1233.45,140.94,45.45,29.05,1.41,1.32,0.31,0.31,0.07,0.07,0.59
2021-10-29,Complet de moins de 3 mois - sans rappel,22298.37,2744.4,621.55,284.12,15.59,11.49,4.4,2.86,3.28,3.19,28.73
2021-10-30,Complet - avec 1 rappel de moins de 3 mois,5017.8,317.0,40.58,12.47,4.39,3.71,3.74,3.27,1.35,1.17,4.93
2021-11-01,Primo dose récente,316.89,20.81,12.85,10.72,0.5,0.33,0.12,0.08,0.03,0.03,0.55
2021-11-01,Complet - avec 2 rappels de moins de 3 mois,3.3,0.1,0.0,0.0,0.0,0.0,0.0,0.0,0.0,0.0,0.0
2021-11-02,Non-vaccinés,38549.47,5436.46,3563.64,1869.24,112.07,86.97,32.03,27.93,18.07,13.91,
2021-11-02,Complet de moins de 3 mois - sans rappel,26918.79,3068.28,1008.23,514.49,29.64,24.51,4.08,3.08,0.62,0.0,27.13
2021-11-02,Complet - avec 3 rappels de moins de 3 mois,0.0,0.0,0.0,0.0,0.0,0.0,0.0,0.0,0.0,0.0,0.0
2021-11-04,Complet entre 3 mois et 6 mois - sans rappel,47778.67,8492.56,2715.17,1379.13,64.39,54.26,23.33,20.25,6.2,5.1,55.02
2021-11-07,Complet - avec 1 rappel de moins de 3 mois,2535.65,150.45,9.51,5.34,2.86,2.31,0.17,0.03,0.08,0.0,6.13
2021-11-17,Complet - avec 1 rappel de 6 mois ou plus,0.0,0.0,0.0,0.0,0.0,0.0,0.0,0.0,0.0,0.0,0.0
2021-11-20,Primo dose efficace,3913.41,330.99,135.05,45.46,8.44,4.5,2.54,2.36,2.1,2.06,2.73
2021-11-26,Primo dose récente,1202.64,205.81,163.55,82.13,6.58,6.34,0.35,0.2,0.0,0.0,0.52
2021-11-28,Complet - avec 3 rappels de moins de 3 mois,0.0,0.0,0.0,0.0,0.0,0.0,0.0,0.0,0.0,0.0,0.0
2021-11-29,Complet entre 3 mois et 6 mois - sans rappel,145451.31,33147.51,18230.13,10040.5,187.47,147.49,39.36,29.95,9.72,8.24,59.73
2021-11-30,Non-vaccinés,96889.24,20975.19,13864.16,6552.95,351.9,265.55,98.98,80.02,31.78,20.43,
2021-12-02,Complet - avec 2 rappels de moins de 3 mois,28.71,3.49,0.1,0.06,0.02,0.0,0.0,0.0,0.0,0.0,0.01
2021-12-05,Complet - avec 3 rappels de moins de 3 mois,0.0,0.0,0.0,0.0,0.0,0.0,0.0,0.0,0.0,0.0,0.0
2021-12-06,Complet - avec 3 rappels de moins de 3 mois,0.0,0.0,0.0,0.0,0.0,0.0,0.0,0.0,0.0,0.0,0.0
2021-12-09,Complet - avec 2 rappels entre 3 mois et 6 mois,1.0,0.0,0.0,0.0,0.0,0.0,0.0,0.0,0.0,0.0,0.0
2021-12-11,Primo dose récente,887.7,129.02,119.07,59.12,6.0,4.19,1.62,1.31,0.07,0.0,0.48
2021-12-13,Complet - avec 2 rappels entre 3 mois et 6 mois,0.29,0.0,0.0,0.0,0.0,0.0,0.0,0.0,0.0,0.0,0.0
2021-12-14,Non-vaccinés,99298.66,22709.77,18031.91,8432.86,521.84,391.43,154.49,128.37,57.17,39.71,
2021-12-15,Complet - avec 3 rappels de moins de 3 mois,0.0,0.0,0.0,0.0,0.0,0.0,0.0,0.0,0.0,0.0,0.0
2021-12-22,Complet - avec 2 rappels de moins de 3 mois,153.77,10.33,5.35,1.49,0.2,0.2,0.0,0.0,0.0,0.0,0.03
2021-12-24,Primo dose récente,1547.06,302.35,381.97,192.68,15.02,14.5,2.01,1.61,0.01,0.0,0.6
2022-01-05,Complet de 6 mois ou plus - sans rappel,55646.92,16755.27,18820.18,9149.38,222.47,178.25,30.99,25.54,36.99,31.15,9.87
2022-01-05,Complet - avec 1 rappel de moins de 3 mois,187951.78,39480.08,32620.26,13736.95,265.21,209.42,46.6,34.69,18.54,11.12,41.9
2021-05-31,Complet de moins de 3 mois - sans rappel,42255.02,2017.52,887.13,312.2,52.6,34.83,15.91,9.07,2.45,1.0,34.57
2021-05-31,Complet entre 3 mois et 6 mois - sans rappel,8223.12,448.24,117.36,22.35,3.77,2.58,0.73,0.0,0.0,0.0,6.0
2021-05-31,Complet - avec 1 rappel de moins de 3 mois,0.0,0.0,0.0,0.0,0.0,0.0,0.0,0.0,0.0,0.0,0.0
2021-06-01,Non-vaccinés,136391.44,18284.52,6286.29,2395.66,284.35,199.47,67.84,55.34,26.66,23.23,
2021-06-03,Complet entre 3 mois et 6 mois - sans rappel,7816.22,339.18,67.58,5.68,4.46,2.69,1.42,1.07,1.08,0.43,6.4
2021-06-05,Complet - avec 1 rappel de moins de 3 mois,0.0,0.0,0.0,0.0,0.0,0.0,0.0,0.0,0.0,0.0,0.0
2021-06-06,Non-vaccinés,18659.36,1726.96,702.67,238.31,136.73,90.69,47.0,34.15,21.74,17.01,
2021-06-06,Complet entre 3 mois et 6 mois - sans rappel,1470.61,109.46,16.58,2.58,1.97,1.18,0.31,0.25,1.83,1.16,6.68
2021-06-08,Complet de 6 mois ou plus - sans rappel,0.09,0.09,0.09,0.09,0.0,0.0,0.0,0.0,0.0,0.0,0.0
2021-06-09,Primo dose récente,15033.28,866.91,233.43,98.25,13.0,9.2,2.85,2.14,0.25,0.0,16.33
2021-06-13,Non-vaccinés,16431.67,1282.83,434.91,113.53,112.1,80.6,26.15,19.38,11.89,8.82,
2021-06-13,Complet de 6 mois ou plus - sans rappel,0.25,0.25,0.25,0.25,0.0,0.0,0.0,0.0,0.1,0.1,0.0
2021-06-15,Complet entre 3 mois et 6 mois - sans rappel,7396.53,308.74,44.8,8.08,3.18,1.4,1.21,1.0,1.71,1.17,7.25
2021-06-17,Complet de 6 mois ou plus - sans rappel,0.0,0.0,0.0,0.0,0.0,0.0,0.0,0.0,0.01,0.01,0.0
2021-06-18,Complet entre 3 mois et 6 mois - sans rappel,8155.36,287.67,59.63,7.94,4.0,3.4,0.09,0.05,2.08,1.14,7.43
2021-06-21,Complet de moins de 3 mois - sans rappel,48809.44,1571.98,295.7,88.37,18.16,13.49,6.11,5.01,1.76,1.12,40.36
2021-06-22,Complet de moins de 3 mois - sans rappel,36958.63,1447.9,246.27,61.15,11.64,5.49,4.26,3.62,0.86,0.52,41.18
2021-06-22,Complet entre 3 mois et 6 mois - sans rappel,7632.12,307.28,23.86,1.16,6.77,4.37,1.5,1.0,1.95,0.07,7.53
2021-06-22,Complet - avec 1 rappel de moins de 3 mois,0.0,0.0,0.0,0.0,0.0,0.0,0.0,0.0,0.0,0.0,0.0
2021-06-24,Primo dose récente,11166.1,528.11,82.46,28.24,3.04,2.7,1.0,1.0,0.0,0.0,10.23
2021-06-24,Complet - avec 1 rappel de moins de 3 mois,0.0,0.0,0.0,0.0,0.0,0.0,0.0,0.0,0.0,0.0,0.0
2021-06-25,Non-vaccinés,108949.57,6054.28,1603.73,434.58,72.22,49.62,17.89,15.02,6.16,4.4,
2021-06-25,Complet entre 3 mois et 6 mois - sans rappel,7964.86,314.66,37.22,3.45,6.24,4.14,0.0,0.0,0.73,0.25,7.81
2021-06-25,Complet - avec 1 rappel de moins de 3 mois,0.0,0.0,0.0,0.0,0.0,0.0,0.0,0.0,0.0,0.0,0.0
2021-06-26,Complet entre 3 mois et 6 mois - sans rappel,5204.05,196.22,26.35,4.82,2.18,1.48,0.0,0.0,1.9,1.0,7.91
2021-06-27,Complet entre 3 mois et 6 mois - sans rappel,1788.29,116.75,3.16,0.36,1.55,1.25,0.0,0.0,0.73,0.48,7.94
2021-06-28,Primo dose efficace,45990.75,2557.5,276.17,87.58,10.64,6.32,3.34,2.0,2.25,1.88,38.0
2021-07-01,Complet entre 3 mois et 6 mois - sans rappel,6794.03,413.9,47.26,5.1,5.76,3.23,1.06,1.0,2.99,1.81,8.44
2021-07-03,Primo dose efficace,29628.71,1121.54,171.71,52.13,6.04,4.18,1.24,1.0,3.85,2.85,34.25
2021-07-04,Complet de 6 mois ou plus - sans rappel,0.0,0.0,0.0,0.0,0.0,0.0,0.0,0.0,0.0,0.0,0.0
2021-07-05,Primo dose efficace,48146.32,2787.43,407.76,157.21,8.14,4.53,1.13,1.07,3.43,3.0,33.3
2021-07-06,Complet entre 3 mois et 6 mois - sans rappel,9595.58,519.57,63.15,16.17,5.42,4.88,0.0,0.0,1.62,0.0,9.09
2021-07-07,Primo dose efficace,40397.96,2678.33,437.4,156.8,7.06,5.4,1.06,0.31,1.28,1.0,31.25
2021-07-10,Primo dose efficace,27765.83,1222.16,267.93,76.11,5.63,3.23,0.35,0.09,1.07,0.34,28.25
2021-07-12,Primo dose efficace,43344.86,3326.03,727.97,300.7,5.82,4.41,3.69,3.62,1.02,0.0,27.16
2021-07-13,Primo dose récente,10251.48,662.62,353.44,165.08,3.88,3.56,0.12,0.0,0.0,0.0,6.13
2021-07-19,Primo dose récente,15156.16,1354.39,1092.54,532.72,9.9,7.43,1.84,1.17,0.33,0.29,7.23
2021-07-20,Complet entre 3 mois et 6 mois - sans rappel,15910.47,1320.81,338.55,127.46,18.4,15.51,3.73,3.2,0.2,0.0,12.6
2021-07-20,Complet - avec 1 rappel de moins de 3 mois,0.0,0.0,0.0,0.0,0.0,0.0,0.0,0.0,0.0,0.0,0.0
2021-07-21,Non-vaccinés,124387.86,16126.1,12146.08,6026.66,184.03,142.13,54.07,43.97,8.09,5.49,
2021-07-22,Complet entre 3 mois et 6 mois - sans rappel,15081.99,1295.7,416.5,155.52,26.75,21.57,1.54,1.54,5.26,4.64,13.25
2021-07-22,Complet de 6 mois ou plus - sans rappel,26.5,3.44,2.66,0.15,0.06,0.01,0.0,0.0,0.04,0.0,0.01
2021-07-23,Primo dose efficace,50243.99,2760.23,1572.54,588.17,16.38,12.56,4.22,2.9,0.46,0.46,17.96
2021-07-25,Primo dose efficace,6170.94,444.53,259.54,99.83,17.64,14.87,1.53,1.47,1.26,1.01,16.36
2021-07-27,Primo dose récente,23083.46,2469.65,1985.46,1065.77,17.59,12.49,4.69,2.34,0.11,0.0,9.7
2021-07-27,Complet entre 3 mois et 6 mois - sans rappel,21035.59,1700.87,580.87,215.11,48.17,39.27,1.99,1.26,2.04,1.14,14.49
2021-07-29,Complet - avec 1 rappel entre 3 mois et 6 mois,0.0,0.0,0.0,0.0,0.0,0.0,0.0,0.0,0.0,0.0,0.0
2021-07-30,Complet entre 3 mois et 6 mois - sans rappel,22073.6,1706.81,720.27,269.64,36.59,27.94,8.17,7.87,3.76,3.76,15.46
2021-07-31,Primo dose récente,22389.06,967.26,1063.19,441.62,22.05,14.98,2.9,1.42,0.36,0.25,10.7
2021-08-04,Primo dose efficace,28608.4,2332.01,1258.67,528.8,23.0,18.33,4.29,4.18,1.65,1.62,12.3
2021-08-12,Primo dose récente,35921.15,1870.59,1807.63,872.91,25.73,16.72,8.33,7.16,1.08,1.08,8.61
2021-08-12,Primo dose efficace,50214.6,2357.24,1431.4,561.48,31.18,25.19,6.78,4.28,3.47,3.3,13.07
2021-08-15,Complet de moins de 3 mois - sans rappel,13140.46,1053.63,616.96,221.4,63.33,42.05,16.25,12.75,7.92,7.36,58.69
2021-08-22,Complet de 6 mois ou plus - sans rappel,889.73,126.81,43.4,19.1,15.76,14.33,1.9,1.87,6.36,5.99,2.39
2021-08-27,Primo dose récente,17197.7,679.68,577.6,268.45,13.98,9.29,1.9,1.16,0.02,0.0,4.01
2021-08-29,Complet - avec 1 rappel de moins de 3 mois,0.0,0.0,0.0,0.0,0.02,0.0,0.0,0.0,0.0,0.0,0.0
2021-09-02,Complet - avec 1 rappel de moins de 3 mois,0.12,0.08,0.08,0.08,0.18,0.0,0.0,0.0,0.0,0.0,0.0
2021-09-04,Complet entre 3 mois et 6 mois - sans rappel,21823.27,1437.23,535.46,207.48,49.36,36.64,13.84,9.42,14.1,11.47,23.42
2021-09-05,Complet - avec 1 rappel entre 3 mois et 6 mois,0.0,0.0,0.0,0.0,0.0,0.0,0.0,0.0,0.0,0.0,0.0
2021-09-12,Complet entre 3 mois et 6 mois - sans rappel,7210.47,567.73,167.65,57.31,32.07,24.85,12.2,9.35,12.28,10.21,26.89
2021-09-14,Complet entre 3 mois et 6 mois - sans rappel,34921.43,3472.16,826.38,323.43,59.96,45.92,11.95,8.92,15.32,13.2,27.7
2021-09-15,Complet de 6 mois ou plus - sans rappel,6903.9,545.48,185.64,57.57,13.5,8.6,4.67,4.14,5.89,3.89,4.25
2021-09-24,Complet entre 3 mois et 6 mois - sans rappel,38170.99,3697.62,751.19,301.59,31.1,20.99,10.51,7.2,11.04,9.5,34.52
2022-07-18,Complet - avec 1 rappel de moins de 3 mois,3042.65,505.3,590.32,266.17,12.21,9.46,1.56,1.27,1.35,1.27,1.37
2022-07-21,Non-vaccinés,21381.26,5175.26,4753.37,2570.92,213.41,156.37,24.84,19.99,19.9,12.76,
2022-07-21,Complet - avec 2 rappels entre 3 mois et 6 mois,2480.37,541.69,631.86,291.69,58.24,44.39,3.1,2.38,5.77,3.55,1.94
2022-07-22,Non-vaccinés,23097.52,5148.86,4671.44,2484.93,204.94,143.69,17.78,15.93,22.96,18.31,
2022-07-30,Complet - avec 3 rappels de moins de 3 mois,24.37,2.45,3.72,1.3,0.03,0.0,0.0,0.0,0.0,0.0,0.03
2022-07-31,Complet de moins de 3 mois - sans rappel,104.95,5.1,7.42,1.26,2.23,2.07,0.0,0.0,0.01,0.01,0.22
2022-08-02,Complet - avec 1 rappel entre 3 mois et 6 mois,5967.77,1405.99,1228.99,722.91,37.09,31.18,4.34,3.43,0.24,0.0,7.82
2022-08-02,Complet - avec 2 rappels de moins de 3 mois,6492.44,1081.17,1005.52,502.25,59.94,47.22,5.36,3.87,6.04,5.45,6.65
2022-08-03,Complet - avec 1 rappel entre 3 mois et 6 mois,5248.68,1279.79,1127.64,691.62,35.15,27.84,8.78,8.34,1.79,1.22,7.49
2022-08-03,Complet - avec 3 rappels de moins de 3 mois,39.65,6.99,6.05,1.39,1.03,0.0,0.03,0.01,0.0,0.0,0.04
2022-08-05,Complet - avec 1 rappel de moins de 3 mois,1382.9,163.25,125.41,53.26,4.66,3.64,1.34,1.28,0.16,0.09,1.33
2022-08-05,Complet - avec 1 rappel de 6 mois ou plus,34442.68,8926.75,8506.91,4847.63,295.92,246.06,40.5,36.11,20.47,13.91,57.97
2022-08-06,Primo dose efficace,809.66,61.05,55.65,21.57,3.27,2.63,0.34,0.34,1.22,0.41,1.07
2022-08-07,Complet - avec 3 rappels entre 3 et 6 mois ou plus,2.17,0.02,1.04,0.0,0.01,0.0,0.0,0.0,0.0,0.0,0.0
2022-08-10,Complet - avec 3 rappels de moins de 3 mois,36.63,3.87,3.9,0.45,0.01,0.0,0.01,0.0,0.0,0.0,0.04
2022-08-11,Complet - avec 1 rappel de moins de 3 mois,977.55,131.12,78.07,35.03,6.24,4.36,1.33,0.11,1.31,1.17,1.28
2022-08-11,Complet - avec 1 rappel de 6 mois ou plus,27519.11,7616.58,6611.74,3984.68,260.65,213.76,39.77,29.87,38.99,34.14,59.47
2022-08-14,Complet de moins de 3 mois - sans rappel,89.08,4.02,8.25,1.16,1.19,1.12,0.02,0.0,0.03,0.01,0.21
2022-08-15,Primo dose efficace,353.73,28.32,35.3,11.36,3.83,2.24,1.25,0.0,0.72,0.53,1.07
2022-08-16,Complet - avec 1 rappel de 6 mois ou plus,51470.66,12565.7,11990.32,7604.19,256.47,205.9,25.33,23.68,28.1,23.38,60.64
2022-08-17,Complet - avec 1 rappel entre 3 mois et 6 mois,2095.62,415.21,323.03,185.33,11.29,7.18,0.79,0.37,0.59,0.39,3.44
2022-08-17,Complet - avec 2 rappels de 6 mois ou plus,306.59,47.32,43.73,19.37,6.78,6.49,0.12,0.12,0.01,0.0,0.41
2022-08-17,Complet - avec 3 rappels entre 3 et 6 mois ou plus,7.36,1.07,2.19,0.03,0.0,0.0,0.0,0.0,0.0,0.0,0.01
2022-08-18,Complet de 6 mois ou plus - sans rappel,10163.97,2059.7,1364.51,814.71,47.98,35.49,7.58,6.87,5.38,4.3,22.16
2022-08-19,Complet de 6 mois ou plus - sans rappel,10814.55,2008.7,1340.64,738.17,50.31,41.79,5.23,3.79,3.62,3.5,22.18
2022-08-19,Complet - avec 1 rappel de moins de 3 mois,881.21,116.28,63.79,30.38,0.91,0.68,0.0,0.0,1.0,1.0,1.2
2022-08-19,Complet - avec 2 rappels de 6 mois ou plus,276.67,51.71,47.06,22.29,1.21,0.61,0.0,0.0,0.0,0.0,0.43
2022-08-20,Complet - avec 1 rappel de moins de 3 mois,780.82,72.73,38.97,18.51,2.84,2.78,0.01,0.01,0.36,0.26,1.19
2022-08-21,Complet - avec 1 rappel de 6 mois ou plus,8755.4,1131.97,949.95,393.02,123.1,104.71,15.24,15.04,19.49,14.2,61.51
2022-08-22,Complet - avec 3 rappels de moins de 3 mois,62.01,8.14,3.87,1.44,0.0,0.0,1.01,0.01,0.04,0.04,0.05
2022-08-22,Complet - avec 3 rappels entre 3 et 6 mois ou plus,13.52,4.23,0.14,0.07,0.0,0.0,0.0,0.0,0.0,0.0,0.01
2022-08-23,Complet entre 3 mois et 6 mois - sans rappel,304.81,44.08,37.15,20.23,2.0,2.0,0.0,0.0,0.0,0.0,0.48
2022-08-24,Primo dose efficace,643.79,113.1,64.24,36.21,2.68,1.27,0.0,0.0,2.14,2.08,1.07
2022-08-25,Complet - avec 3 rappels entre 3 et 6 mois ou plus,10.76,0.18,1.12,0.08,0.0,0.0,0.0,0.0,0.0,0.0,0.01
2022-08-26,Complet entre 3 mois et 6 mois - sans rappel,237.37,47.52,36.73,18.63,0.02,0.0,0.08,0.04,0.0,0.0,0.42
2022-08-26,Complet - avec 1 rappel de moins de 3 mois,709.18,100.95,49.43,27.95,3.55,3.38,1.01,1.0,1.0,1.0,1.14
2022-08-26,Complet - avec 3 rappels entre 3 et 6 mois ou plus,8.82,0.17,1.08,0.05,0.0,0.0,0.0,0.0,0.0,0.0,0.01
2022-08-27,Primo dose efficace,522.9,66.43,50.9,26.39,0.49,0.33,0.21,0.2,1.0,1.0,1.06
2022-08-27,Complet de moins de 3 mois - sans rappel,141.65,16.61,9.52,4.44,0.0,0.0,0.01,0.0,0.0,0.0,0.19
2022-08-27,Complet - avec 1 rappel de moins de 3 mois,717.23,50.65,38.89,12.58,0.12,0.04,1.09,1.08,0.04,0.0,1.13
2022-08-28,Complet - avec 1 rappel de moins de 3 mois,236.55,16.01,9.73,0.47,1.16,1.06,0.06,0.06,0.04,0.0,1.13
2022-08-29,Complet entre 3 mois et 6 mois - sans rappel,301.28,49.73,38.81,23.23,1.85,1.11,0.0,0.0,0.0,0.0,0.38
2022-08-29,Complet - avec 1 rappel de 6 mois ou plus,52280.36,10131.28,8809.5,5535.58,172.48,137.78,24.24,20.34,22.41,16.07,62.05
2022-08-30,Primo dose efficace,707.16,83.77,63.64,30.64,3.81,3.66,0.0,0.0,1.0,1.0,1.06
2022-08-30,Complet - avec 2 rappels entre 3 mois et 6 mois,3788.74,389.61,359.43,137.9,34.92,25.55,4.39,4.0,4.56,3.56,3.31
2022-08-30,Complet - avec 3 rappels entre 3 et 6 mois ou plus,15.73,2.29,0.22,0.06,0.0,0.0,0.0,0.0,0.0,0.0,0.01
2022-08-31,Complet - avec 2 rappels entre 3 mois et 6 mois,3209.88,374.45,289.29,127.41,28.65,19.81,1.57,0.89,3.72,3.44,3.37
2022-09-01,Primo dose récente,2.08,0.13,0.0,0.0,0.0,0.0,0.01,0.0,0.0,0.0,0.01
2022-09-03,Primo dose efficace,552.08,46.2,26.88,9.66,0.43,0.25,1.01,1.01,0.18,0.13,1.06
2022-09-03,Complet de 6 mois ou plus - sans rappel,10255.79,1063.72,732.04,359.92,26.33,22.85,4.56,3.43,4.45,4.4,22.37
2022-09-04,Complet - avec 2 rappels de moins de 3 mois,1518.98,135.48,100.55,41.81,16.88,12.04,2.0,2.0,1.48,1.2,6.89
2022-09-05,Primo dose récente,15.99,1.05,1.14,1.04,0.0,0.0,0.0,0.0,0.0,0.0,0.01
2022-09-05,Complet entre 3 mois et 6 mois - sans rappel,291.1,51.07,42.6,23.03,1.41,1.22,0.0,0.0,1.02,1.02,0.32
2022-09-06,Complet - avec 2 rappels entre 3 mois et 6 mois,4400.72,438.71,402.29,172.25,23.4,16.53,2.83,2.0,1.4,1.21,3.54
2022-09-07,Complet - avec 2 rappels de 6 mois ou plus,458.8,58.35,42.99,17.9,4.46,4.31,1.23,1.12,0.0,0.0,0.56
2022-09-08,Complet - avec 2 rappels entre 3 mois et 6 mois,2561.4,404.04,325.62,150.07,26.05,21.46,1.23,1.16,4.61,3.54,3.65
2022-09-09,Complet - avec 1 rappel de moins de 3 mois,746.15,96.67,36.44,20.72,2.3,1.12,4.31,3.31,1.04,0.0,1.02
2022-09-09,Complet - avec 3 rappels entre 3 et 6 mois ou plus,16.84,2.21,2.18,1.12,0.0,0.0,0.0,0.0,0.0,0.0,0.01
2022-09-11,Complet - avec 1 rappel entre 3 mois et 6 mois,324.84,29.73,22.68,4.61,2.75,2.04,0.0,0.0,0.12,0.0,1.6
2022-09-11,Complet - avec 3 rappels entre 3 et 6 mois ou plus,5.17,0.02,0.01,0.0,0.0,0.0,0.0,0.0,0.0,0.0,0.01
2022-09-12,Complet de 6 mois ou plus - sans rappel,18010.59,4220.12,2754.71,1846.41,43.73,31.67,4.14,3.56,1.29,1.0,22.41
2022-09-12,Complet - avec 1 rappel entre 3 mois et 6 mois,1695.17,277.36,183.79,107.71,6.19,5.37,0.17,0.08,1.0,1.0,1.6
2022-09-14,Complet - avec 1 rappel de moins de 3 mois,846.6,135.72,58.98,28.63,3.51,3.29,0.09,0.08,0.0,0.0,0.98
2022-09-14,Complet - avec 1 rappel entre 3 mois et 6 mois,1289.44,236.3,154.02,88.92,6.57,5.65,0.32,0.29,0.0,0.0,1.58
2022-09-15,Complet - avec 1 rappel entre 3 mois et 6 mois,996.86,218.05,123.07,78.94,6.66,5.71,0.0,0.0,0.05,0.05,1.56
2022-09-16,Complet - avec 2 rappels entre 3 mois et 6 mois,3713.39,584.1,464.97,245.06,41.55,30.6,1.86,1.86,5.49,4.14,4.0
2022-09-16,Complet - avec 3 rappels de moins de 3 mois,54.87,4.88,4.92,2.46,1.02,1.0,0.0,0.0,0.0,0.0,0.07
2022-09-17,Complet de 6 mois ou plus - sans rappel,11990.55,2389.12,1334.78,845.19,31.82,21.87,4.35,2.97,2.51,2.17,22.41
2022-09-17,Complet - avec 1 rappel entre 3 mois et 6 mois,969.43,129.29,72.47,35.84,2.28,1.59,0.3,0.3,1.0,1.0,1.55
2022-09-17,Complet - avec 3 rappels entre 3 et 6 mois ou plus,10.69,2.2,0.1,0.02,0.0,0.0,0.0,0.0,0.0,0.0,0.01
2022-09-18,Complet - avec 1 rappel de moins de 3 mois,186.4,14.47,9.74,1.45,0.22,0.07,0.01,0.0,0.02,0.0,0.93
2022-09-19,Complet - avec 2 rappels de 6 mois ou plus,1116.67,158.34,132.47,76.52,6.77,4.41,0.12,0.12,0.0,0.0,0.74
2022-09-20,Complet de 6 mois ou plus - sans rappel,16413.93,5268.52,2509.44,1628.26,67.15,53.91,5.88,4.39,1.68,1.59,22.41
2022-09-21,Primo dose récente,11.6,2.33,2.26,1.17,0.0,0.0,0.01,0.0,0.0,0.0,0.01
2022-09-21,Complet de 6 mois ou plus - sans rappel,15870.49,5055.75,2611.19,1684.95,52.29,39.64,4.88,3.55,2.97,1.78,22.41
2022-09-21,Complet - avec 3 rappels entre 3 et 6 mois ou plus,13.85,3.57,3.56,2.33,0.02,0.0,0.08,0.0,0.0,0.0,0.01
2022-09-22,Non-vaccinés,11546.27,4540.08,2304.01,1482.63,91.44,69.75,7.13,6.7,7.41,5.1,
2022-09-22,Complet entre 3 mois et 6 mois - sans rappel,197.7,63.05,30.49,16.62,1.01,1.0,0.01,0.01,0.04,0.0,0.25
2022-09-24,Complet de 6 mois ou plus - sans rappel,12386.17,2945.39,1752.82,1070.06,34.7,24.83,5.5,4.95,4.62,4.12,22.41
2022-09-24,Complet - avec 1 rappel entre 3 mois et 6 mois,1048.92,191.52,114.61,60.97,4.06,2.78,2.01,2.01,0.0,0.0,1.49
2022-09-24,Complet - avec 2 rappels de 6 mois ou plus,821.81,120.03,99.12,51.62,15.63,10.99,0.01,0.01,0.04,0.04,0.94
2022-09-25,Complet entre 3 mois et 6 mois - sans rappel,55.51,7.9,7.39,3.57,1.44,1.1,0.0,0.0,0.0,0.0,0.25
2022-09-25,Complet - avec 1 rappel de 6 mois ou plus,11439.16,2075.14,1832.63,911.19,187.93,152.29,21.79,20.08,9.67,5.13,62.06
2022-09-25,Complet - avec 2 rappels entre 3 mois et 6 mois,1576.49,198.5,173.8,59.09,33.99,24.04,3.55,3.0,1.08,0.09,4.31
2022-09-25,Complet - avec 3 rappels entre 3 et 6 mois ou plus,7.33,3.12,1.14,1.03,0.0,0.0,0.0,0.0,0.0,0.0,0.01
2022-09-26,Complet de 6 mois ou plus - sans rappel,22336.88,7468.49,4704.73,3132.18,68.55,52.41,6.06,5.5,4.3,4.14,22.42
2022-09-26,Complet - avec 2 rappels de 6 mois ou plus,1765.95,346.5,341.79,201.34,20.22,13.97,3.12,3.0,0.0,0.0,0.97
2022-09-27,Complet - avec 2 rappels de moins de 3 mois,7900.84,1407.73,1144.13,687.53,55.68,41.67,6.02,5.49,2.77,1.25,6.27
2022-09-27,Complet - avec 2 rappels de 6 mois ou plus,1465.81,287.04,266.45,147.43,22.12,16.47,3.11,2.28,0.27,0.0,1.01
2022-09-28,Complet de moins de 3 mois - sans rappel,171.48,38.0,21.27,14.86,0.09,0.06,0.0,0.0,0.0,0.0,0.14
2022-09-29,Primo dose récente,10.66,2.09,4.3,2.04,0.01,0.0,0.01,0.01,0.0,0.0,0.01
2022-09-29,Complet - avec 3 rappels de moins de 3 mois,74.6,17.02,16.13,6.0,1.04,1.0,0.0,0.0,0.0,0.0,0.08
2022-09-30,Primo dose récente,5.89,1.1,0.27,0.08,0.14,0.12,0.0,0.0,0.0,0.0,0.01
2022-10-01,Complet entre 3 mois et 6 mois - sans rappel,162.64,29.14,27.14,11.48,1.36,1.3,0.07,0.01,0.0,0.0,0.24
2022-10-02,Complet - avec 1 rappel entre 3 mois et 6 mois,372.0,52.92,42.25,15.18,7.5,4.8,0.48,0.48,0.1,0.1,1.48
2022-10-03,Non-vaccinés,18404.32,6135.47,3845.52,2433.55,138.27,107.3,14.22,12.53,5.95,5.64,
2022-10-03,Complet - avec 3 rappels entre 3 et 6 mois ou plus,58.17,6.66,16.83,5.55,0.19,0.17,0.0,0.0,0.0,0.0,0.02
2022-10-04,Primo dose efficace,886.5,219.0,139.46,78.8,8.8,7.07,0.44,0.38,0.08,0.0,1.06
2022-10-04,Complet de 6 mois ou plus - sans rappel,17957.97,6155.94,3637.89,2388.31,88.01,69.01,18.06,15.66,9.94,7.98,22.42
2022-10-05,Complet - avec 2 rappels de moins de 3 mois,6820.96,1638.28,1389.54,841.66,56.6,44.5,7.16,5.82,0.54,0.34,5.33
2022-10-05,Complet - avec 3 rappels de moins de 3 mois,104.52,17.65,16.24,9.76,1.3,1.25,0.25,0.25,0.0,0.0,0.08
2022-10-06,Primo dose efficace,708.58,224.74,131.28,76.83,10.22,8.37,0.1,0.1,0.12,0.0,1.06
2022-10-06,Complet - avec 2 rappels entre 3 mois et 6 mois,6368.14,1964.44,1941.62,1123.56,90.35,69.36,5.12,3.58,8.01,6.21,5.38
2022-10-08,Complet - avec 1 rappel entre 3 mois et 6 mois,1122.65,213.17,170.59,96.01,3.54,2.49,1.46,1.05,2.07,2.0,1.49
2022-10-08,Complet - avec 2 rappels de 6 mois ou plus,1810.96,282.58,318.21,151.82,20.78,16.97,4.12,4.0,2.04,2.0,1.55
2022-10-09,Complet de moins de 3 mois - sans rappel,29.65,4.51,3.86,2.2,1.17,1.14,0.0,0.0,0.0,0.0,0.12
2022-12-08,Complet - avec 3 rappels entre 3 et 6 mois ou plus,101.4,32.7,23.02,12.39,1.66,1.12,0.0,0.0,0.0,0.0,0.07
2022-12-10,Primo dose récente,22.36,1.26,1.11,0.08,0.0,0.0,0.04,0.0,0.0,0.0,0.01
2022-12-10,Complet - avec 2 rappels de moins de 3 mois,3817.78,580.89,392.79,165.1,20.26,14.67,1.43,1.22,2.92,1.56,3.8
2022-12-11,Primo dose efficace,221.24,53.79,34.5,14.73,9.33,4.44,0.31,0.26,0.04,0.0,1.04
2022-12-12,Complet - avec 1 rappel de 6 mois ou plus,83793.01,31338.86,24418.58,16423.54,582.3,472.08,79.64,70.94,40.55,31.36,59.73
2022-12-13,Non-vaccinés,16690.06,6643.22,2317.85,1314.71,184.2,143.79,15.67,13.38,11.25,9.96,
2022-12-13,Complet - avec 2 rappels de moins de 3 mois,5529.89,1140.84,785.4,356.99,39.41,31.46,2.27,2.13,2.14,1.06,3.89
2022-12-14,Complet - avec 3 rappels de moins de 3 mois,1621.57,335.43,288.86,110.56,27.62,17.44,4.06,3.53,1.21,1.03,1.12
2021-06-07,Primo dose récente,16719.35,1192.53,413.1,191.93,9.31,7.56,3.97,3.85,0.2,0.2,16.54
2021-06-07,Complet de 6 mois ou plus - sans rappel,0.01,0.01,0.01,0.01,0.0,0.0,0.0,0.0,0.0,0.0,0.0
2021-06-08,Primo dose récente,14072.08,1055.4,259.41,114.59,11.56,10.64,1.17,0.03,0.06,0.06,16.58
2021-06-08,Primo dose efficace,38651.17,2436.53,240.58,60.43,26.98,22.5,5.82,4.51,3.98,2.56,41.69
2021-06-08,Complet de moins de 3 mois - sans rappel,32970.37,1545.51,403.06,107.76,32.72,19.88,4.27,3.46,2.79,2.31,34.96
2021-06-09,Complet - avec 1 rappel de moins de 3 mois,0.0,0.0,0.0,0.0,0.0,0.0,0.0,0.0,0.0,0.0,0.0
2021-06-10,Primo dose efficace,42684.96,2094.95,223.31,60.08,17.19,11.06,4.43,2.72,8.66,8.24,41.47
2021-06-10,Complet entre 3 mois et 6 mois - sans rappel,7008.86,314.34,52.54,8.62,7.02,2.99,1.24,1.18,1.54,1.38,6.98
2021-06-11,Complet de moins de 3 mois - sans rappel,36901.37,1311.01,356.32,83.87,27.86,19.63,4.69,4.25,3.77,3.25,35.86
2021-06-12,Primo dose récente,9099.5,341.72,103.89,30.78,5.71,3.06,2.09,2.05,0.0,0.0,15.27
2021-06-14,Complet entre 3 mois et 6 mois - sans rappel,9837.8,307.91,44.95,5.75,3.51,1.03,1.03,1.0,1.75,1.16,7.2
2021-06-14,Complet - avec 1 rappel de moins de 3 mois,0.0,0.0,0.0,0.0,0.0,0.0,0.0,0.0,0.0,0.0,0.0
2021-06-15,Primo dose récente,11690.82,739.31,159.11,51.93,8.66,5.69,0.16,0.0,0.04,0.0,14.5
2021-06-16,Complet de moins de 3 mois - sans rappel,32913.35,1303.25,267.53,77.02,24.81,18.65,4.62,2.05,4.17,2.19,37.97
2021-06-17,Complet de moins de 3 mois - sans rappel,32833.28,1250.33,241.44,65.12,16.18,12.85,6.54,4.88,1.88,0.98,38.48
2021-06-18,Complet de moins de 3 mois - sans rappel,41968.62,1283.72,283.01,60.86,12.1,8.24,5.1,4.66,2.14,1.14,39.01
2021-06-20,Non-vaccinés,16871.18,1141.92,315.81,83.42,81.26,58.8,10.24,8.37,10.53,8.3,
2021-06-20,Complet de moins de 3 mois - sans rappel,8080.34,350.69,43.94,13.64,7.59,5.3,2.06,1.06,4.75,4.75,40.2
2021-06-22,Primo dose efficace,35266.55,2011.75,159.14,44.13,13.78,8.41,3.1,1.96,2.86,1.32,39.95
2021-06-23,Primo dose efficace,37438.02,1969.76,169.69,41.64,16.6,11.82,4.62,3.62,5.24,4.31,39.57
2021-06-26,Non-vaccinés,61209.3,3007.62,815.44,217.33,64.78,44.27,14.01,14.01,10.7,4.0,
2021-06-26,Primo dose efficace,28143.42,928.99,115.24,25.64,5.62,2.74,2.29,2.29,8.19,5.0,38.34
2021-06-27,Primo dose efficace,7025.13,329.28,31.54,10.22,6.32,4.84,2.18,2.0,2.61,2.38,38.09
2021-06-28,Complet de 6 mois ou plus - sans rappel,0.0,0.0,0.0,0.0,0.0,0.0,0.0,0.0,0.0,0.0,0.0
2021-06-29,Primo dose récente,8159.6,505.99,102.35,43.35,2.85,2.17,0.26,0.14,0.07,0.07,8.3
2021-06-29,Complet - avec 1 rappel de moins de 3 mois,0.0,0.0,0.0,0.0,0.0,0.0,0.0,0.0,0.0,0.0,0.0
2021-07-01,Complet de 6 mois ou plus - sans rappel,1.15,0.0,0.15,0.0,0.0,0.0,0.0,0.0,0.0,0.0,0.0
2021-07-02,Primo dose efficace,50379.32,2081.78,290.06,83.79,3.86,2.61,3.0,2.0,4.23,3.0,35.18
2021-07-03,Primo dose récente,6685.48,191.52,83.39,25.17,1.43,1.15,1.03,1.03,0.0,0.0,6.92
2021-07-03,Complet - avec 1 rappel de moins de 3 mois,0.0,0.0,0.0,0.0,0.0,0.0,0.0,0.0,0.0,0.0,0.0
2021-07-04,Complet entre 3 mois et 6 mois - sans rappel,2122.59,137.16,9.02,4.26,3.64,2.23,1.83,0.67,0.0,0.0,9.06
2021-07-05,Non-vaccinés,125974.66,8185.21,2902.08,1117.71,84.7,57.05,18.33,12.48,7.65,3.82,
2021-07-06,Primo dose récente,8708.47,521.87,161.54,65.44,2.34,1.15,0.31,0.25,0.0,0.0,6.5
2021-07-06,Primo dose efficace,38255.32,2793.17,359.52,137.78,6.89,4.81,2.16,2.0,1.9,1.53,32.33
2021-07-07,Complet - avec 1 rappel de moins de 3 mois,0.0,0.0,0.0,0.0,0.0,0.0,0.0,0.0,0.0,0.0,0.0
2021-07-08,Non-vaccinés,115935.22,7862.78,2600.32,1032.21,67.26,55.35,17.01,14.03,7.48,5.0,
2021-07-08,Complet - avec 1 rappel de moins de 3 mois,0.0,0.0,0.0,0.0,0.0,0.0,0.0,0.0,0.0,0.0,0.0
2021-07-11,Primo dose récente,1628.53,78.21,37.62,13.49,0.59,0.53,0.57,0.5,0.01,0.01,6.13
2021-07-11,Primo dose efficace,7288.79,387.07,97.63,37.92,3.06,2.56,0.81,0.5,1.33,1.07,27.46
2021-07-15,Primo dose efficace,45082.87,3324.92,1042.76,440.49,8.39,6.73,0.65,0.48,0.22,0.22,24.28
2021-07-15,Complet entre 3 mois et 6 mois - sans rappel,12127.35,1021.98,190.51,74.34,13.03,9.58,1.22,1.0,2.08,2.08,11.48
2021-07-17,Non-vaccinés,73639.16,5833.03,4020.45,1713.93,113.82,86.81,29.15,24.4,7.06,2.75,
2021-07-17,Complet de 6 mois ou plus - sans rappel,2.64,0.02,0.1,0.02,0.0,0.0,0.0,0.0,0.03,0.0,0.01
2021-07-18,Primo dose récente,2092.21,154.04,120.91,54.23,6.59,4.76,0.3,0.13,0.0,0.0,7.11
2021-07-19,Complet entre 3 mois et 6 mois - sans rappel,18996.88,1441.89,419.02,165.68,12.4,8.12,1.89,1.17,0.68,0.39,12.32
2021-07-20,Complet de 6 mois ou plus - sans rappel,19.99,1.47,0.5,0.29,0.13,0.04,0.0,0.0,0.07,0.0,0.01
2021-07-21,Primo dose efficace,35572.59,3230.17,1515.36,657.99,8.1,2.67,2.68,2.5,0.84,0.64,19.13
2021-07-21,Complet de moins de 3 mois - sans rappel,66668.78,6257.78,2479.32,1004.39,33.75,25.63,5.79,4.03,0.31,0.31,60.09
2021-07-23,Complet de 6 mois ou plus - sans rappel,16.79,1.32,3.75,0.08,0.2,0.03,0.01,0.0,0.11,0.06,0.01
2021-07-24,Complet entre 3 mois et 6 mois - sans rappel,10484.1,754.64,241.68,96.95,15.79,10.31,1.34,1.19,3.79,2.33,13.94
2021-07-25,Complet de moins de 3 mois - sans rappel,16076.92,972.89,459.78,168.66,35.21,26.35,11.69,10.67,0.42,0.0,60.22
2021-07-29,Non-vaccinés,139390.08,15312.21,14012.8,6711.29,341.05,253.96,106.24,83.54,17.88,15.0,
2021-07-30,Non-vaccinés,173121.94,14303.83,13930.85,6075.86,348.86,243.48,111.9,87.47,18.03,13.54,
2021-07-31,Complet entre 3 mois et 6 mois - sans rappel,12206.74,912.19,367.33,149.18,45.94,35.61,4.07,3.05,4.27,3.82,15.77
2021-08-01,Primo dose efficace,5777.21,342.57,210.48,73.67,15.02,12.44,6.1,4.48,0.28,0.27,12.75
2021-08-01,Complet - avec 1 rappel entre 3 mois et 6 mois,0.0,0.0,0.0,0.0,0.0,0.0,0.0,0.0,0.0,0.0,0.0
2021-08-04,Complet de 6 mois ou plus - sans rappel,627.75,76.53,27.06,11.44,0.46,0.14,0.0,0.0,0.09,0.0,0.26
2021-08-05,Primo dose efficace,34964.3,2220.58,1239.68,505.44,29.86,24.85,5.02,4.11,1.93,1.87,12.27
2021-08-06,Primo dose récente,42531.39,2165.59,2045.74,1007.02,29.18,24.04,11.14,8.46,0.0,0.0,10.19
2021-08-07,Primo dose récente,21900.68,1022.79,1033.89,486.52,27.64,21.49,4.4,2.72,0.02,0.0,9.94
2021-08-07,Complet - avec 1 rappel entre 3 mois et 6 mois,0.0,0.0,0.0,0.0,0.0,0.0,0.0,0.0,0.0,0.0,0.0
2021-08-08,Complet - avec 1 rappel entre 3 mois et 6 mois,0.0,0.0,0.0,0.0,0.0,0.0,0.0,0.0,0.0,0.0,0.0
2021-08-09,Complet - avec 1 rappel de moins de 3 mois,0.02,0.02,0.0,0.0,0.0,0.0,0.0,0.0,0.0,0.0,0.0
2021-08-10,Complet de 6 mois ou plus - sans rappel,1701.26,152.0,123.52,29.55,4.13,3.86,2.11,2.1,1.15,1.0,0.68
2021-08-11,Primo dose récente,31284.4,2167.02,2003.22,1016.32,27.54,19.88,8.9,7.09,2.09,2.02,9.03
2021-08-13,Primo dose récente,43019.13,1723.86,1757.0,803.05,33.99,26.66,6.53,4.49,1.75,1.32,8.14
2021-08-14,Complet de moins de 3 mois - sans rappel,44300.36,3120.97,2064.17,786.54,78.28,49.09,16.05,12.51,9.81,7.0,58.67
2021-08-16,Primo dose récente,31363.8,1857.3,1820.69,899.49,19.91,14.33,8.67,7.04,0.02,0.0,7.22
2021-08-16,Primo dose efficace,55301.41,2765.51,1906.88,795.21,39.01,29.6,11.83,9.52,3.95,3.01,13.69
2021-08-16,Complet - avec 1 rappel de moins de 3 mois,0.1,0.0,0.0,0.0,0.2,0.0,0.01,0.0,0.0,0.0,0.0
2021-08-17,Complet - avec 1 rappel de moins de 3 mois,2.12,0.0,0.06,0.0,0.0,0.0,0.01,0.01,0.01,0.0,0.0
2021-08-19,Non-vaccinés,103113.94,10760.4,11096.03,4997.92,425.71,294.39,129.37,98.35,64.85,42.04,
2021-08-21,Complet de moins de 3 mois - sans rappel,40375.64,3494.76,1989.51,775.61,62.85,45.12,17.83,16.58,6.93,4.25,58.8
2021-08-21,Complet - avec 1 rappel de moins de 3 mois,0.25,0.21,0.21,0.21,0.01,0.0,0.0,0.0,0.0,0.0,0.0
2021-08-22,Primo dose efficace,6076.22,346.55,172.21,53.15,23.91,21.51,3.52,2.42,4.85,2.31,13.8
2021-08-23,Primo dose efficace,47164.15,2764.0,1674.88,663.6,33.78,25.47,11.23,8.53,11.41,9.09,13.82
2021-08-24,Complet de moins de 3 mois - sans rappel,58367.59,8432.79,3783.89,1782.96,88.21,65.35,19.44,13.61,8.92,6.85,59.38
2021-08-24,Complet entre 3 mois et 6 mois - sans rappel,26177.42,2665.4,1204.42,490.99,78.47,55.49,17.9,14.99,16.73,11.53,19.7
2021-08-24,Complet de 6 mois ou plus - sans rappel,6875.71,484.1,285.28,84.87,13.38,10.87,1.92,1.59,8.68,7.49,2.54
2021-08-26,Complet - avec 1 rappel entre 3 mois et 6 mois,0.22,0.22,0.22,0.22,0.0,0.0,0.0,0.0,0.0,0.0,0.0
2021-08-28,Non-vaccinés,54404.48,4343.12,4596.93,1792.93,274.06,186.81,96.02,73.49,49.22,33.01,
2021-08-28,Complet entre 3 mois et 6 mois - sans rappel,17801.51,1277.89,561.73,241.04,49.25,36.45,7.7,5.53,7.15,3.54,20.94
2021-08-30,Complet de moins de 3 mois - sans rappel,75325.86,9447.26,4047.4,1824.21,78.79,52.62,26.17,19.66,6.48,5.69,59.7
2021-08-31,Primo dose récente,9196.33,583.27,456.19,207.18,13.0,9.46,1.93,1.45,0.08,0.08,3.53
2021-08-31,Complet - avec 1 rappel entre 3 mois et 6 mois,0.0,0.0,0.0,0.0,0.0,0.0,0.0,0.0,0.0,0.0,0.0
2021-09-03,Non-vaccinés,83759.72,7459.19,6545.23,2696.49,316.95,230.19,101.37,74.93,63.21,40.3,
2021-09-04,Primo dose récente,6382.92,232.17,188.78,77.63,9.0,5.04,4.81,2.92,0.16,0.14,2.93
2021-09-05,Complet de moins de 3 mois - sans rappel,12581.91,1105.24,401.9,134.69,39.39,27.64,18.64,13.33,9.2,7.4,59.89
2021-09-07,Primo dose récente,6748.22,495.32,278.18,136.78,11.97,9.52,3.77,3.66,0.33,0.0,2.74
2021-09-07,Complet de moins de 3 mois - sans rappel,56707.43,7546.96,2096.93,892.31,47.97,33.63,19.7,17.33,5.36,4.14,59.93
2021-09-07,Complet - avec 1 rappel de moins de 3 mois,56.31,4.87,0.15,0.02,0.09,0.09,0.0,0.0,0.0,0.0,0.01
2021-09-08,Complet - avec 1 rappel entre 3 mois et 6 mois,0.0,0.0,0.0,0.0,0.0,0.0,0.0,0.0,0.0,0.0,0.0
2021-09-09,Primo dose efficace,18647.2,1267.13,405.32,137.37,19.56,15.92,3.11,2.9,5.55,4.15,8.29
2021-09-12,Complet de 6 mois ou plus - sans rappel,1597.38,159.88,59.64,14.68,6.66,5.57,1.49,1.21,7.52,6.92,4.24
2021-09-12,Complet - avec 2 rappels de moins de 3 mois,0.0,0.0,0.0,0.0,0.0,0.0,0.0,0.0,0.0,0.0,0.0
2021-09-13,Complet de moins de 3 mois - sans rappel,69117.33,9307.2,2044.02,939.32,47.11,37.32,11.53,10.33,3.32,2.61,59.0
2021-09-14,Complet - avec 1 rappel entre 3 mois et 6 mois,0.0,0.0,0.0,0.0,0.0,0.0,0.0,0.0,0.0,0.0,0.0
2021-09-16,Complet de moins de 3 mois - sans rappel,46552.06,7755.87,1207.88,484.55,42.81,29.79,7.34,5.48,2.64,2.51,57.54
2021-09-19,Complet - avec 1 rappel entre 3 mois et 6 mois,0.0,0.0,0.0,0.0,0.0,0.0,0.0,0.0,0.0,0.0,0.0
2021-09-21,Complet - avec 1 rappel de moins de 3 mois,1244.1,59.69,11.01,1.13,1.14,1.0,0.2,0.15,0.0,0.0,0.72
2021-09-22,Primo dose efficace,10903.22,1067.43,193.01,77.37,11.24,6.44,4.06,2.55,4.12,3.51,5.98
2021-09-22,Complet - avec 1 rappel de moins de 3 mois,1088.46,54.53,3.82,0.03,1.32,1.0,0.15,0.15,0.07,0.0,0.85
2021-09-23,Complet entre 3 mois et 6 mois - sans rappel,28235.51,3801.98,743.68,316.86,38.46,29.35,9.25,7.8,9.49,8.07,33.78
2021-09-26,Primo dose récente,604.59,19.67,6.99,2.13,1.4,0.81,1.16,1.05,0.0,0.0,1.17
2021-09-26,Complet de moins de 3 mois - sans rappel,9769.08,1019.62,182.67,74.93,16.94,12.84,4.75,3.96,3.54,3.07,51.76
2021-09-26,Complet de 6 mois ou plus - sans rappel,1574.47,135.79,19.94,4.47,9.25,6.17,0.29,0.08,6.26,4.22,4.28
2021-09-27,Complet de 6 mois ou plus - sans rappel,9047.26,754.36,208.46,72.26,7.92,6.52,2.89,1.54,5.12,4.2,4.29
2021-09-28,Complet entre 3 mois et 6 mois - sans rappel,42991.29,4811.57,843.79,366.5,45.1,30.66,6.1,2.71,12.01,8.9,37.31
2021-09-29,Complet de moins de 3 mois - sans rappel,42820.84,7995.88,712.94,310.79,32.93,24.71,6.31,4.36,4.16,2.65,49.78
2021-09-30,Primo dose récente,2686.19,157.72,35.38,8.24,3.1,2.65,0.15,0.12,0.01,0.01,0.98
2021-10-03,Primo dose récente,412.35,20.32,8.65,2.72,1.33,0.8,0.17,0.04,0.0,0.0,0.89
2021-10-03,Complet - avec 1 rappel de moins de 3 mois,739.47,52.18,4.35,2.0,1.14,1.14,0.04,0.0,0.07,0.07,1.84
2021-10-04,Complet entre 3 mois et 6 mois - sans rappel,58086.91,5402.95,1150.43,481.76,42.65,35.06,7.24,5.95,5.94,5.05,41.5
2021-10-05,Complet - avec 2 rappels de moins de 3 mois,1.66,0.07,0.0,0.0,0.0,0.0,0.0,0.0,0.0,0.0,0.0
2021-10-06,Complet de moins de 3 mois - sans rappel,34216.99,5959.28,607.32,246.73,23.61,16.71,1.42,0.95,1.07,1.07,44.77
2021-10-06,Complet de 6 mois ou plus - sans rappel,6347.44,625.62,133.12,48.41,13.67,10.26,3.32,2.32,3.31,3.07,4.79
2021-10-07,Complet entre 3 mois et 6 mois - sans rappel,34142.09,4837.7,869.21,374.53,34.97,26.71,3.97,2.5,2.02,1.07,43.73
2021-10-08,Complet - avec 2 rappels de moins de 3 mois,2.77,0.09,0.0,0.0,0.0,0.0,0.0,0.0,0.0,0.0,0.0
2021-10-09,Primo dose récente,1628.58,43.82,14.14,6.05,0.65,0.29,0.26,0.15,0.0,0.0,0.81
2021-10-09,Complet - avec 1 rappel entre 3 mois et 6 mois,0.03,0.0,0.0,0.0,0.0,0.0,0.0,0.0,0.0,0.0,0.0
2021-10-11,Complet de moins de 3 mois - sans rappel,39967.4,5754.88,732.06,326.62,14.49,10.89,6.29,3.79,0.98,0.54,41.45
2021-10-11,Complet entre 3 mois et 6 mois - sans rappel,63014.63,6441.53,1466.23,686.16,41.75,27.05,15.09,12.75,6.38,5.4,45.82
2021-10-15,Complet - avec 2 rappels de moins de 3 mois,3.99,0.06,0.09,0.0,0.0,0.0,0.0,0.0,0.0,0.0,0.0
2021-10-16,Complet de 6 mois ou plus - sans rappel,6257.37,409.62,135.09,64.63,15.96,12.58,2.48,1.06,0.42,0.25,6.25
2021-10-17,Non-vaccinés,7388.44,892.87,322.74,111.57,59.57,44.56,24.23,18.27,16.49,11.0,
2021-10-17,Complet - avec 1 rappel de 6 mois ou plus,0.0,0.0,0.0,0.0,0.0,0.0,0.04,0.04,0.0,0.0,0.0
2021-10-18,Complet - avec 1 rappel entre 3 mois et 6 mois,0.0,0.0,0.0,0.0,0.0,0.0,0.0,0.0,0.0,0.0,0.0
2021-10-19,Complet - avec 1 rappel entre 3 mois et 6 mois,0.0,0.0,0.0,0.0,0.0,0.0,0.0,0.0,0.0,0.0,0.0
2021-10-20,Non-vaccinés,40477.9,5928.4,2079.33,923.59,107.27,82.6,22.29,18.31,9.98,7.81,
2021-10-20,Primo dose récente,1451.25,135.57,43.8,19.76,1.44,1.25,0.09,0.03,0.0,0.0,0.7
2021-10-21,Primo dose récente,1286.42,124.92,43.31,19.53,3.46,3.39,1.21,1.01,1.02,1.02,0.68
2021-10-22,Complet entre 3 mois et 6 mois - sans rappel,53704.16,6463.1,1698.97,822.16,43.01,32.9,13.76,10.28,6.67,4.85,51.9
2021-10-22,Complet - avec 3 rappels de moins de 3 mois,0.0,0.0,0.0,0.0,0.0,0.0,0.0,0.0,0.0,0.0,0.0
2021-10-23,Primo dose récente,1176.24,54.59,19.94,5.37,1.21,1.08,0.28,0.21,0.04,0.0,0.65
2021-10-23,Complet de moins de 3 mois - sans rappel,23112.07,1492.93,290.04,124.82,6.11,4.99,3.89,2.34,0.28,0.2,32.07
2021-10-25,Complet de moins de 3 mois - sans rappel,31715.21,3192.97,645.23,303.74,21.25,18.41,5.19,3.99,0.2,0.2,31.34
2021-10-27,Complet - avec 2 rappels de moins de 3 mois,6.01,1.09,0.0,0.0,0.0,0.0,0.0,0.0,0.0,0.0,0.0
2021-10-29,Complet entre 3 mois et 6 mois - sans rappel,51507.78,7124.87,2205.24,1067.42,79.53,63.54,23.52,19.85,5.52,5.4,54.16
2021-10-30,Primo dose récente,1034.31,51.78,25.24,8.25,1.14,1.05,0.32,0.03,0.0,0.0,0.57
2021-10-30,Primo dose efficace,4032.25,275.19,85.33,33.41,8.05,4.77,1.54,1.19,0.89,0.36,3.18
2021-11-01,Complet entre 3 mois et 6 mois - sans rappel,16858.22,1132.92,492.75,210.44,43.42,33.03,15.34,15.11,8.79,7.41,54.77
2021-11-01,Complet de 6 mois ou plus - sans rappel,4169.53,340.05,132.84,47.16,23.51,20.94,6.82,6.77,4.87,4.66,8.89
2021-11-02,Complet de 6 mois ou plus - sans rappel,18142.16,1876.99,829.26,410.36,43.69,34.0,8.0,7.09,4.08,3.52,9.07
2021-11-03,Complet entre 3 mois et 6 mois - sans rappel,53185.04,9089.59,2747.42,1485.58,80.58,64.43,17.46,12.6,4.63,2.89,55.03
2021-11-04,Complet de moins de 3 mois - sans rappel,17938.22,2999.5,702.49,364.98,20.97,14.94,4.36,3.0,0.82,0.56,26.16
2021-11-05,Non-vaccinés,31658.91,5378.64,3112.13,1431.52,112.7,83.64,37.74,33.05,9.2,8.68,
2021-11-05,Complet - avec 1 rappel de 6 mois ou plus,0.0,0.0,0.0,0.0,0.0,0.0,0.0,0.0,0.0,0.0,0.0
2021-11-06,Complet - avec 2 rappels de moins de 3 mois,7.2,0.15,0.0,0.0,0.0,0.0,0.0,0.0,0.0,0.0,0.0
2021-11-07,Non-vaccinés,6620.59,892.11,445.7,201.0,86.33,68.37,29.62,24.04,9.96,7.75,
2021-11-07,Complet entre 3 mois et 6 mois - sans rappel,13606.11,1083.69,506.86,219.92,48.63,37.55,15.55,12.2,6.95,6.75,55.25
2021-11-08,Primo dose récente,1061.44,96.13,58.95,27.49,0.42,0.31,1.14,1.1,0.0,0.0,0.48
2021-11-08,Complet de 6 mois ou plus - sans rappel,20996.48,2559.99,1159.82,540.8,52.2,40.17,13.55,12.0,14.57,13.43,10.44
2021-11-09,Complet - avec 2 rappels de moins de 3 mois,13.75,1.13,0.0,0.0,1.0,1.0,0.0,0.0,0.0,0.0,0.0
2021-11-10,Primo dose récente,827.86,95.46,53.84,20.66,0.32,0.19,3.29,3.27,0.0,0.0,0.48
2021-11-11,Non-vaccinés,7673.91,1086.18,602.36,245.77,108.21,74.32,30.45,27.28,14.16,10.62,
2021-11-11,Primo dose efficace,1340.26,91.85,33.79,15.81,5.89,4.78,0.51,0.49,1.19,1.15,2.96
2021-11-11,Complet entre 3 mois et 6 mois - sans rappel,14942.73,1431.16,651.95,284.45,52.67,42.48,21.59,18.04,9.6,7.78,55.42
2021-11-12,Primo dose récente,974.09,97.06,69.37,36.12,1.16,1.16,0.67,0.0,0.04,0.04,0.44
2021-11-12,Primo dose efficace,5747.68,594.43,208.41,95.66,11.25,7.6,5.93,5.66,1.25,1.04,2.94
2021-11-12,Complet - avec 1 rappel entre 3 mois et 6 mois,1.22,0.05,0.03,0.03,0.0,0.0,0.0,0.0,0.0,0.0,0.0
2021-11-14,Complet entre 3 mois et 6 mois - sans rappel,13189.27,1251.9,692.89,293.33,45.88,35.9,11.6,10.55,10.12,8.13,56.21
2021-11-15,Complet de moins de 3 mois - sans rappel,26006.74,4099.63,1619.13,895.93,38.53,33.16,5.55,4.02,2.65,2.37,21.46
2021-11-17,Non-vaccinés,48564.79,9275.29,5888.09,2777.98,163.5,121.84,48.03,33.69,20.12,13.46,
2021-11-17,Complet de 6 mois ou plus - sans rappel,21459.49,3474.47,1572.19,799.37,72.47,57.99,15.96,11.44,12.35,10.92,11.88
2021-11-18,Non-vaccinés,51084.64,9802.85,5940.01,2893.83,188.83,148.02,54.03,39.1,21.09,16.32,
2021-11-18,Complet - avec 1 rappel de 6 mois ou plus,0.0,0.0,0.0,0.0,0.0,0.0,0.0,0.0,0.0,0.0,0.0
2021-11-20,Non-vaccinés,36668.18,5686.68,4028.22,1694.11,165.78,131.56,42.33,30.94,15.45,13.06,
2021-11-21,Complet de moins de 3 mois - sans rappel,4504.06,402.73,203.88,73.23,15.76,11.92,8.25,6.84,3.27,3.02,17.8
2021-11-21,Complet entre 3 mois et 6 mois - sans rappel,15321.33,1647.32,1080.05,441.39,78.08,55.59,18.2,15.01,8.17,6.78,57.95
2021-11-22,Primo dose efficace,6693.72,758.08,342.18,166.43,15.88,14.44,1.58,1.27,1.38,1.27,2.7
2021-11-22,Complet - avec 2 rappels de moins de 3 mois,25.46,3.13,1.15,0.0,0.0,0.0,0.0,0.0,0.0,0.0,0.01
2021-11-23,Complet de moins de 3 mois - sans rappel,24795.62,5246.02,1574.78,831.11,41.87,34.07,9.6,8.91,1.94,1.79,16.95
2021-11-23,Complet - avec 1 rappel de moins de 3 mois,19792.8,2099.71,371.89,111.71,27.77,20.37,0.9,0.44,1.37,1.15,9.14
2021-11-23,Complet - avec 1 rappel entre 3 mois et 6 mois,1.15,0.06,0.12,0.06,0.02,0.0,0.0,0.0,0.04,0.04,0.0
2021-11-25,Complet - avec 1 rappel entre 3 mois et 6 mois,1.74,0.22,0.67,0.22,0.0,0.0,0.03,0.0,0.19,0.19,0.0
2021-11-28,Non-vaccinés,10698.56,1889.13,1377.26,509.28,217.72,168.45,91.37,76.07,29.24,23.92,
2021-11-28,Complet de moins de 3 mois - sans rappel,4156.9,437.52,226.74,87.12,28.46,20.9,7.21,5.45,1.56,1.36,13.75
2021-11-28,Complet - avec 2 rappels de moins de 3 mois,2.3,0.04,0.0,0.0,0.0,0.0,0.0,0.0,0.0,0.0,0.01
2021-11-30,Complet - avec 1 rappel entre 3 mois et 6 mois,59.5,4.42,2.4,1.59,0.14,0.0,0.0,0.0,0.27,0.0,0.01
2021-12-01,Primo dose récente,1376.04,276.25,227.59,123.95,4.57,4.31,0.4,0.36,0.0,0.0,0.54
2021-12-03,Complet de moins de 3 mois - sans rappel,24318.55,4749.22,2000.57,979.69,44.77,38.05,9.23,8.4,6.21,4.75,11.39
2021-12-03,Complet entre 3 mois et 6 mois - sans rappel,142725.9,31459.41,16350.75,8400.1,186.12,144.01,43.97,38.69,12.62,9.35,59.8
2021-12-03,Complet - avec 1 rappel de 6 mois ou plus,0.0,0.0,0.0,0.0,0.0,0.0,0.0,0.0,0.0,0.0,0.0
2021-12-04,Complet entre 3 mois et 6 mois - sans rappel,86399.33,14478.39,9070.39,4241.62,165.05,134.02,45.12,38.94,12.36,7.7,59.55
2021-12-04,Complet - avec 1 rappel de moins de 3 mois,21449.98,1834.68,591.88,171.62,31.66,27.84,11.46,9.9,6.96,6.72,13.57
2021-12-04,Complet - avec 1 rappel de 6 mois ou plus,0.0,0.0,0.0,0.0,0.0,0.0,0.0,0.0,0.0,0.0,0.0
2021-12-06,Complet - avec 1 rappel de moins de 3 mois,47613.64,4644.98,1363.75,431.42,64.5,46.22,11.4,8.81,10.74,9.36,14.11
2021-12-09,Complet de 6 mois ou plus - sans rappel,37590.7,7234.17,4183.08,2037.66,167.49,140.02,25.18,19.58,29.24,23.76,12.86
2021-12-10,Complet entre 3 mois et 6 mois - sans rappel,141594.28,30148.2,16930.0,8381.61,229.8,183.49,40.65,29.87,22.57,18.74,57.22
2021-12-12,Complet de moins de 3 mois - sans rappel,3725.83,354.42,230.45,76.03,33.14,25.61,6.23,5.16,4.57,4.48,8.53
2021-12-12,Complet - avec 1 rappel entre 3 mois et 6 mois,284.13,30.73,8.36,3.32,2.04,1.18,0.35,0.0,0.31,0.03,0.6
2021-12-13,Complet de moins de 3 mois - sans rappel,24967.52,4304.26,2476.36,1214.22,48.47,39.28,8.73,7.88,2.78,2.64,8.48
2021-12-14,Complet - avec 1 rappel de moins de 3 mois,59284.16,6773.47,2087.92,625.95,71.93,51.38,16.45,13.63,8.68,5.76,20.66
2021-12-16,Complet entre 3 mois et 6 mois - sans rappel,145542.98,29334.73,19831.33,9684.8,188.1,154.13,48.2,33.71,23.67,17.39,53.49
2021-12-16,Complet - avec 2 rappels de moins de 3 mois,92.81,5.5,0.52,0.17,0.0,0.0,0.0,0.0,0.0,0.0,0.02
2021-12-17,Complet - avec 2 rappels entre 3 mois et 6 mois,1.02,0.0,0.0,0.0,0.0,0.0,0.0,0.0,0.0,0.0,0.0
2021-12-21,Complet de moins de 3 mois - sans rappel,18901.77,3405.08,2555.22,1168.23,47.66,37.59,9.74,8.92,4.85,3.83,6.99
2021-12-21,Complet - avec 1 rappel entre 3 mois et 6 mois,5101.21,494.25,195.14,52.36,9.47,7.01,2.6,1.15,1.7,1.45,1.26
2021-12-21,Complet - avec 1 rappel de 6 mois ou plus,0.0,0.0,0.0,0.0,0.0,0.0,0.0,0.0,0.0,0.0,0.0
2021-12-22,Primo dose récente,1811.93,358.54,378.2,193.48,9.73,9.29,2.47,1.29,2.08,2.0,0.56
2021-12-22,Complet de moins de 3 mois - sans rappel,20574.77,3410.14,2828.76,1220.76,49.9,40.94,13.16,9.78,6.96,5.25,6.86
2021-12-22,Complet entre 3 mois et 6 mois - sans rappel,171505.69,36135.95,33418.03,15789.84,194.07,154.55,45.2,38.14,28.98,26.53,48.72
2021-12-23,Primo dose récente,1992.27,396.1,455.49,232.65,10.64,10.08,7.67,6.6,1.08,1.06,0.58
2021-12-23,Complet - avec 1 rappel de moins de 3 mois,147256.13,17313.47,8404.94,2701.55,126.23,98.45,16.21,12.8,18.59,13.2,30.98
2021-12-23,Complet - avec 2 rappels de moins de 3 mois,173.14,15.49,5.5,1.43,0.04,0.04,0.0,0.0,0.0,0.0,0.03
2021-12-24,Complet - avec 1 rappel de 6 mois ou plus,0.0,0.0,0.0,0.0,0.0,0.0,0.0,0.0,0.0,0.0,0.0
2021-12-25,Complet - avec 1 rappel entre 3 mois et 6 mois,1021.1,107.01,50.12,10.64,17.72,15.2,0.71,0.2,1.58,1.41,1.71
2021-12-27,Complet - avec 2 rappels entre 3 mois et 6 mois,3.06,0.01,0.29,0.01,0.0,0.0,0.0,0.0,1.0,1.0,0.0
2021-12-28,Complet - avec 1 rappel de 6 mois ou plus,0.0,0.0,0.0,0.0,0.0,0.0,0.0,0.0,0.0,0.0,0.0
2021-12-29,Complet de moins de 3 mois - sans rappel,23564.32,6087.99,6705.64,3201.27,74.88,62.24,11.76,11.06,5.58,4.36,5.99
2021-12-31,Primo dose récente,1932.5,438.02,592.67,282.82,12.11,9.65,4.22,3.47,2.2,2.18,0.59
2022-01-01,Complet - avec 3 rappels de moins de 3 mois,1.0,0.0,0.0,0.0,0.0,0.0,0.0,0.0,0.0,0.0,0.0
2022-01-02,Complet - avec 3 rappels de moins de 3 mois,0.0,0.0,0.0,0.0,0.0,0.0,0.0,0.0,0.0,0.0,0.0
2022-01-04,Primo dose récente,2398.42,703.13,860.62,450.68,15.25,13.01,1.83,1.54,2.2,2.17,0.54
2022-01-04,Complet - avec 3 rappels de moins de 3 mois,0.03,0.0,0.03,0.0,0.0,0.0,0.0,0.0,0.0,0.0,0.0
2022-01-05,Non-vaccinés,121266.48,30687.43,38996.69,17136.87,801.14,624.07,215.16,173.18,104.62,83.04,
2022-01-05,Complet - avec 3 rappels de moins de 3 mois,1.01,0.0,1.01,0.0,0.0,0.0,0.0,0.0,0.0,0.0,0.0
2022-01-06,Complet - avec 1 rappel entre 3 mois et 6 mois,17589.03,1635.09,1827.78,531.97,53.3,38.48,4.3,2.58,9.7,7.94,2.68
2022-01-07,Complet de 6 mois ou plus - sans rappel,49003.45,13605.14,16107.39,7036.81,195.31,153.39,30.1,22.63,41.71,35.54,9.92
2022-01-09,Non-vaccinés,18319.8,3464.12,5429.3,1832.74,606.23,459.66,140.79,109.05,87.21,67.71,
2022-01-09,Primo dose récente,474.48,70.71,110.87,44.44,9.82,8.95,2.63,2.44,2.22,2.08,0.75
2022-01-09,Complet - avec 1 rappel de moins de 3 mois,24819.57,3928.97,3953.28,1353.09,206.09,157.88,37.8,28.74,22.35,15.53,43.5
2022-01-10,Complet - avec 2 rappels entre 3 mois et 6 mois,17.09,1.12,3.9,0.03,0.08,0.0,0.0,0.0,0.0,0.0,0.0
2022-01-10,Complet - avec 3 rappels de moins de 3 mois,2.03,0.03,0.03,0.03,0.0,0.0,0.0,0.0,0.0,0.0,0.0
2022-01-11,Primo dose efficace,8237.93,1834.77,2127.04,904.55,62.83,45.66,5.19,3.27,10.48,8.02,1.81
2022-01-11,Complet entre 3 mois et 6 mois - sans rappel,147367.7,45108.22,52272.58,25045.96,388.68,300.23,61.13,52.4,25.66,19.52,34.08
2022-01-13,Complet entre 3 mois et 6 mois - sans rappel,120511.62,39251.11,44634.11,22488.94,355.38,278.93,42.59,36.55,18.27,9.75,32.11
2022-01-13,Complet - avec 1 rappel entre 3 mois et 6 mois,16177.71,1602.36,2147.37,522.53,114.14,80.54,11.72,9.88,11.05,7.42,3.42
2022-01-13,Complet - avec 3 rappels de moins de 3 mois,1.01,0.01,0.01,0.01,0.0,0.0,0.0,0.0,0.0,0.0,0.0
2022-01-14,Primo dose efficace,6829.99,1647.86,1964.46,861.44,57.18,41.78,7.38,6.68,6.1,5.73,1.78
2022-01-14,Complet - avec 1 rappel entre 3 mois et 6 mois,14310.6,1635.69,2106.36,588.82,123.18,86.35,9.48,6.85,17.86,13.53,3.55
2022-01-15,Complet de 6 mois ou plus - sans rappel,22618.87,5809.62,8171.93,3533.64,176.66,133.36,22.95,16.64,46.08,39.24,10.17
2022-01-15,Complet - avec 3 rappels de moins de 3 mois,1.0,0.0,0.0,0.0,0.0,0.0,0.0,0.0,0.0,0.0,0.0
2022-01-16,Complet de 6 mois ou plus - sans rappel,7456.52,1807.05,2773.4,1156.01,161.44,127.43,20.24,17.85,42.94,36.1,10.11
2022-01-17,Complet entre 3 mois et 6 mois - sans rappel,141413.57,50723.8,65201.09,34218.31,469.99,366.48,48.53,43.02,31.18,22.23,28.62
2022-01-19,Complet entre 3 mois et 6 mois - sans rappel,112787.0,42425.92,50000.66,27058.07,418.05,324.15,45.53,35.98,27.38,21.21,26.7
2022-01-19,Complet - avec 1 rappel de moins de 3 mois,172815.78,39264.97,39567.31,17736.87,494.67,392.95,50.75,42.27,37.24,30.51,52.02
2022-01-20,Non-vaccinés,98197.61,33510.21,42456.36,20470.24,824.37,617.69,113.54,86.78,106.15,76.1,
2022-01-20,Primo dose efficace,6958.31,1903.35,2317.73,1094.14,62.03,43.01,7.6,4.59,8.29,7.28,1.69
2022-01-20,Complet - avec 3 rappels entre 3 et 6 mois ou plus,0.0,0.0,0.0,0.0,0.0,0.0,0.0,0.0,0.0,0.0,0.0
2022-01-25,Primo dose efficace,7891.61,2272.89,2814.08,1389.77,71.82,56.1,9.99,7.37,10.1,8.27,1.75
2022-01-25,Complet entre 3 mois et 6 mois - sans rappel,91484.06,36444.01,43111.35,23855.4,355.57,278.57,37.59,31.56,28.25,20.83,22.53
2022-01-28,Complet - avec 1 rappel entre 3 mois et 6 mois,18402.77,2780.4,3903.45,1325.61,249.87,197.37,21.16,15.8,19.5,15.41,5.39
2022-04-05,Complet entre 3 mois et 6 mois - sans rappel,8771.49,3023.67,2839.89,1693.12,69.31,59.53,3.75,1.4,3.24,2.5,4.43
2022-04-05,Complet - avec 1 rappel de moins de 3 mois,51232.48,19713.05,18755.55,11911.22,153.63,127.51,18.62,14.24,15.4,12.71,27.03
2022-04-06,Complet de moins de 3 mois - sans rappel,5332.84,2015.25,1845.54,1115.47,23.77,17.28,2.7,2.35,0.99,0.42,2.55
2022-04-06,Complet - avec 3 rappels entre 3 et 6 mois ou plus,3.1,1.06,1.1,1.06,0.0,0.0,0.0,0.0,0.0,0.0,0.0
2022-04-07,Complet de 6 mois ou plus - sans rappel,23812.92,9187.37,7265.77,4576.21,127.74,98.7,10.88,8.74,11.15,6.89,17.85
2022-04-08,Complet - avec 2 rappels entre 3 mois et 6 mois,195.16,56.64,78.75,37.41,0.52,0.12,2.03,2.03,0.1,0.08,0.08
2022-04-10,Primo dose efficace,456.1,64.69,69.65,20.01,17.51,12.89,2.15,2.07,1.61,1.45,1.17
2022-04-13,Complet entre 3 mois et 6 mois - sans rappel,7567.11,2388.07,2372.19,1405.57,50.36,40.6,5.97,4.28,1.98,1.54,4.27
2022-04-13,Complet - avec 1 rappel de moins de 3 mois,31658.31,11112.19,10893.78,6782.05,105.02,81.89,15.17,14.04,5.27,2.85,18.53
2022-04-14,Complet entre 3 mois et 6 mois - sans rappel,6346.32,2062.46,2139.47,1253.71,42.14,30.09,4.86,3.35,2.02,1.57,4.26
2022-04-18,Complet entre 3 mois et 6 mois - sans rappel,1895.45,340.81,386.54,171.22,26.08,21.25,2.97,2.59,8.41,6.57,4.2
2022-04-18,Complet - avec 1 rappel de moins de 3 mois,6407.65,1338.66,1538.21,767.6,55.36,46.4,10.74,8.88,8.84,6.99,14.58
2022-04-18,Complet - avec 2 rappels entre 3 mois et 6 mois,119.84,21.85,28.16,16.22,0.84,0.4,0.02,0.0,1.05,1.05,0.16
2022-04-19,Complet - avec 2 rappels de moins de 3 mois,4686.22,763.12,1040.48,419.24,33.48,26.51,1.37,1.12,0.63,0.49,1.56
2022-04-20,Complet - avec 3 rappels entre 3 et 6 mois ou plus,0.11,0.05,0.0,0.0,0.0,0.0,0.0,0.0,0.0,0.0,0.0
2022-04-21,Complet - avec 3 rappels entre 3 et 6 mois ou plus,2.04,0.04,0.0,0.0,0.0,0.0,0.0,0.0,0.0,0.0,0.0
2022-04-22,Non-vaccinés,22453.53,6214.0,6072.7,3358.71,235.54,181.91,20.21,16.63,26.43,20.06,
2022-04-22,Complet entre 3 mois et 6 mois - sans rappel,5227.65,1463.05,1502.53,838.31,42.89,34.9,3.71,1.9,3.57,3.31,4.15
2022-04-22,Complet de 6 mois ou plus - sans rappel,19088.06,4604.81,3777.7,2108.62,97.93,77.92,11.59,6.87,18.13,13.47,18.59
2022-04-22,Complet - avec 1 rappel de moins de 3 mois,15423.37,4285.07,4173.96,2462.87,56.58,37.03,10.36,9.03,6.96,5.73,12.06
2022-04-23,Complet - avec 1 rappel de moins de 3 mois,11530.08,2283.34,2460.38,1310.98,51.59,40.64,5.0,4.14,5.98,5.32,11.33
2022-04-23,Complet - avec 2 rappels de moins de 3 mois,2389.49,300.96,337.7,127.13,27.62,18.96,3.31,2.08,3.45,3.38,1.8
2022-04-23,Complet - avec 3 rappels de moins de 3 mois,2.19,1.03,0.02,0.0,0.0,0.0,0.0,0.0,0.0,0.0,0.0
2022-04-24,Primo dose récente,21.56,0.19,0.23,0.05,1.09,1.08,0.0,0.0,0.0,0.0,0.02
2022-04-27,Complet de moins de 3 mois - sans rappel,1853.61,440.05,420.43,239.16,14.56,14.11,1.35,1.02,3.85,3.5,1.52
2022-04-27,Complet - avec 1 rappel de 6 mois ou plus,8472.92,1405.83,2028.2,834.89,109.84,83.78,9.88,7.45,15.28,11.99,3.9
2022-04-28,Complet - avec 1 rappel de moins de 3 mois,9657.18,2396.52,2113.42,1214.52,37.05,28.81,3.67,3.47,4.53,3.43,9.46
2022-05-01,Complet - avec 1 rappel de 6 mois ou plus,1953.18,261.22,293.59,90.93,72.47,54.08,7.79,4.79,13.82,11.57,4.41
2022-05-04,Complet - avec 1 rappel de 6 mois ou plus,8153.4,1260.13,1607.02,676.9,108.84,87.36,13.57,12.04,19.52,15.29,4.52
2022-05-04,Complet - avec 3 rappels de moins de 3 mois,9.52,0.13,2.12,0.07,0.0,0.0,0.0,0.0,0.0,0.0,0.0
2022-05-05,Non-vaccinés,15569.9,3869.4,3493.53,1938.76,143.12,113.92,7.73,5.01,22.0,18.93,
2022-05-05,Primo dose efficace,1094.22,188.74,174.74,81.86,11.99,9.27,0.31,0.0,2.16,2.06,1.15
2022-05-06,Primo dose récente,68.47,4.28,4.95,2.56,0.06,0.05,0.0,0.0,0.0,0.0,0.03
2022-05-06,Complet - avec 2 rappels entre 3 mois et 6 mois,445.04,76.55,77.94,39.99,2.4,2.08,1.04,1.0,0.0,0.0,0.33
2022-05-07,Primo dose récente,50.96,3.63,3.5,1.3,0.08,0.08,0.0,0.0,0.0,0.0,0.03
2022-05-07,Complet entre 3 mois et 6 mois - sans rappel,3360.48,458.24,470.71,227.33,19.92,16.14,4.68,4.32,2.74,1.42,4.11
2022-05-09,Complet de 6 mois ou plus - sans rappel,20263.05,3777.68,3078.32,1755.64,62.78,48.75,7.6,5.29,6.59,3.39,19.12
2022-05-11,Complet de 6 mois ou plus - sans rappel,15384.25,2757.23,1960.06,1061.13,43.38,34.66,12.21,11.36,3.38,1.57,19.18
2022-05-13,Complet - avec 1 rappel de moins de 3 mois,5365.02,740.22,589.4,300.8,9.92,6.37,2.46,2.02,2.07,2.02,4.69
2022-05-13,Complet - avec 1 rappel entre 3 mois et 6 mois,54500.5,10957.43,10805.98,5885.74,235.15,198.19,40.21,30.46,26.61,20.58,61.22
2022-05-13,Complet - avec 2 rappels entre 3 mois et 6 mois,471.47,57.97,55.83,26.2,2.86,2.82,0.29,0.01,0.07,0.01,0.4
2022-05-14,Complet de moins de 3 mois - sans rappel,672.1,86.71,72.39,32.35,1.36,1.0,0.0,0.0,0.13,0.1,0.76
2022-05-15,Complet - avec 2 rappels de moins de 3 mois,1103.63,101.85,63.54,18.7,11.15,9.02,1.59,1.49,1.39,1.06,2.55
2022-05-15,Complet - avec 2 rappels entre 3 mois et 6 mois,118.87,10.1,10.45,4.3,0.16,0.16,0.06,0.01,1.1,1.1,0.42
2022-05-16,Complet - avec 1 rappel de moins de 3 mois,5891.33,843.82,629.21,337.47,9.26,6.07,2.26,2.14,0.33,0.25,3.94
2022-05-17,Complet - avec 1 rappel entre 3 mois et 6 mois,60655.93,10691.98,9843.91,5389.21,201.41,155.41,27.19,24.77,32.07,26.02,61.47
2022-05-17,Complet - avec 2 rappels de moins de 3 mois,3998.54,403.28,340.13,133.48,24.57,19.57,2.48,2.3,1.47,1.22,2.58
2022-05-17,Complet - avec 3 rappels de moins de 3 mois,15.03,1.27,0.0,0.0,0.0,0.0,0.0,0.0,0.0,0.0,0.0
2022-05-19,Complet - avec 3 rappels entre 3 et 6 mois ou plus,0.0,0.0,0.0,0.0,0.0,0.0,0.0,0.0,0.0,0.0,0.0
2022-05-20,Primo dose récente,43.64,8.36,3.21,2.05,1.0,1.0,0.0,0.0,0.0,0.0,0.03
2022-05-20,Complet - avec 2 rappels de moins de 3 mois,2830.79,311.11,255.43,104.55,24.93,18.82,1.05,1.03,4.62,4.24,2.74
2022-05-20,Complet - avec 2 rappels de 6 mois ou plus,7.98,3.18,3.43,1.17,1.2,1.2,0.0,0.0,0.03,0.03,0.01
2022-05-21,Complet de moins de 3 mois - sans rappel,482.63,42.56,41.32,19.78,1.43,1.17,0.06,0.01,0.0,0.0,0.57
2022-05-22,Complet - avec 1 rappel de 6 mois ou plus,2713.5,263.01,266.81,58.66,44.46,34.53,6.12,3.33,10.46,8.42,8.18
2022-05-23,Primo dose efficace,1294.64,158.89,110.69,55.31,2.01,1.52,2.03,2.03,1.0,1.0,1.13
2022-05-23,Complet de moins de 3 mois - sans rappel,694.08,93.78,64.64,31.79,1.68,1.06,1.02,1.02,0.0,0.0,0.54
2022-05-26,Complet - avec 1 rappel de moins de 3 mois,590.69,68.27,27.24,11.77,3.33,2.0,0.0,0.0,3.3,3.26,2.27
2022-05-26,Complet - avec 2 rappels de 6 mois ou plus,3.18,0.06,1.07,0.02,0.02,0.0,0.0,0.0,0.0,0.0,0.01
2022-05-28,Complet - avec 2 rappels de moins de 3 mois,3003.12,177.54,160.99,48.23,12.5,7.81,1.23,1.0,1.18,1.07,3.08
2022-05-30,Complet - avec 3 rappels entre 3 et 6 mois ou plus,2.36,0.0,0.0,0.0,0.0,0.0,0.0,0.0,0.06,0.0,0.0
2022-05-31,Complet - avec 2 rappels de moins de 3 mois,4297.58,391.11,326.31,124.21,22.97,17.67,0.24,0.2,1.24,1.0,3.13
2022-05-31,Complet - avec 3 rappels de moins de 3 mois,12.67,1.28,0.2,0.14,0.0,0.0,0.0,0.0,0.0,0.0,0.01
2022-06-01,Non-vaccinés,13837.14,2236.83,1558.66,800.31,53.34,36.51,6.59,5.43,10.14,9.67,
2022-06-02,Complet - avec 1 rappel de moins de 3 mois,1512.17,204.99,115.82,52.43,2.44,1.57,1.08,1.08,0.0,0.0,1.78
2022-06-03,Primo dose récente,17.82,1.32,2.39,1.2,0.0,0.0,0.01,0.0,0.0,0.0,0.02
2022-06-03,Complet de 6 mois ou plus - sans rappel,10655.61,1987.56,1253.72,677.2,33.35,26.98,6.06,5.1,7.22,6.17,19.92
2022-06-03,Complet - avec 2 rappels de 6 mois ou plus,12.88,2.37,2.22,0.1,0.0,0.0,0.01,0.0,0.0,0.0,0.01
2022-06-04,Non-vaccinés,10325.37,1401.48,1046.3,515.64,48.0,33.36,2.98,2.44,6.75,2.18,
2022-06-04,Primo dose efficace,710.98,75.68,47.43,21.84,1.21,0.17,0.0,0.0,0.17,0.09,1.12
2022-06-04,Complet de 6 mois ou plus - sans rappel,10704.97,1114.38,767.21,368.33,24.21,17.5,3.45,2.85,2.61,1.41,19.97
2022-06-04,Complet - avec 1 rappel de 6 mois ou plus,13893.94,1493.82,1642.71,746.55,67.51,54.31,8.36,6.59,12.07,9.54,15.51
2022-06-04,Complet - avec 2 rappels de 6 mois ou plus,19.11,4.44,1.1,1.04,0.02,0.0,0.0,0.0,0.0,0.0,0.01
2022-06-04,Complet - avec 3 rappels entre 3 et 6 mois ou plus,3.29,0.0,0.0,0.0,0.0,0.0,0.0,0.0,0.0,0.0,0.0
2022-06-05,Complet - avec 2 rappels entre 3 mois et 6 mois,120.98,12.8,10.02,4.48,2.13,2.0,0.01,0.01,0.0,0.0,0.58
2022-06-05,Complet - avec 3 rappels entre 3 et 6 mois ou plus,0.0,0.0,0.0,0.0,0.0,0.0,0.0,0.0,0.0,0.0,0.0
2022-06-06,Complet - avec 1 rappel de 6 mois ou plus,7002.06,741.2,867.1,359.08,78.07,62.54,14.38,12.53,9.49,6.5,16.38
2022-06-07,Complet - avec 3 rappels entre 3 et 6 mois ou plus,4.25,0.05,0.0,0.0,0.14,0.14,0.0,0.0,0.0,0.0,0.0
2022-06-08,Complet - avec 2 rappels de 6 mois ou plus,32.13,3.31,0.39,0.05,0.06,0.0,0.0,0.0,0.0,0.0,0.02
2022-06-08,Complet - avec 3 rappels entre 3 et 6 mois ou plus,0.1,0.01,0.0,0.0,0.0,0.0,0.0,0.0,0.0,0.0,0.0
2022-06-09,Non-vaccinés,12807.22,1688.72,2127.03,672.84,80.8,64.28,12.41,9.77,7.12,6.83,
2022-06-09,Complet - avec 1 rappel de 6 mois ou plus,15830.75,2542.16,4037.15,1481.95,118.86,90.01,17.31,16.1,13.68,9.34,19.72
2022-06-10,Non-vaccinés,12231.94,2443.31,2096.43,1029.89,75.96,55.87,8.4,7.76,2.84,2.17,
2022-06-10,Complet de 6 mois ou plus - sans rappel,13218.68,2327.78,1692.9,857.2,47.6,36.81,4.07,2.59,4.49,3.17,20.15
2022-06-10,Complet - avec 2 rappels entre 3 mois et 6 mois,555.58,80.35,77.05,35.01,1.91,1.7,1.0,1.0,1.08,1.0,0.6
2022-06-10,Complet - avec 3 rappels de moins de 3 mois,13.33,2.18,1.16,0.0,0.0,0.0,0.0,0.0,0.0,0.0,0.01
2022-06-11,Complet - avec 1 rappel de moins de 3 mois,1515.09,125.65,89.3,43.42,3.25,2.86,0.09,0.08,0.12,0.02,1.55
2022-06-11,Complet - avec 2 rappels de moins de 3 mois,3817.01,305.77,293.36,117.41,20.88,17.2,0.4,0.0,1.2,1.0,3.53
2022-06-11,Complet - avec 2 rappels de 6 mois ou plus,37.67,2.3,3.24,0.03,1.0,1.0,0.0,0.0,0.0,0.0,0.02
2022-06-12,Complet entre 3 mois et 6 mois - sans rappel,694.94,95.15,75.17,28.97,8.5,6.59,0.4,0.34,0.28,0.28,3.2
2022-06-12,Complet - avec 1 rappel de moins de 3 mois,465.37,45.87,25.75,8.3,2.35,1.79,0.13,0.09,0.02,0.01,1.53
2022-06-13,Primo dose récente,54.46,7.63,7.53,6.17,0.0,0.0,0.0,0.0,0.0,0.0,0.02
2022-06-13,Complet - avec 3 rappels entre 3 et 6 mois ou plus,0.37,0.08,0.06,0.05,0.0,0.0,0.0,0.0,0.0,0.0,0.0
2022-06-15,Non-vaccinés,18240.07,3821.23,3181.7,1729.98,99.72,67.54,15.76,12.97,6.89,2.45,
2022-06-16,Primo dose récente,29.83,2.67,2.52,1.15,0.0,0.0,0.0,0.0,0.0,0.0,0.02
2022-06-17,Complet - avec 1 rappel de 6 mois ou plus,29325.76,7476.97,8574.78,4777.02,195.92,155.6,18.84,16.18,14.53,11.26,29.13
2022-06-18,Primo dose efficace,853.13,85.88,94.8,37.86,6.22,6.01,1.14,1.14,0.04,0.0,1.11
2022-06-18,Complet - avec 1 rappel entre 3 mois et 6 mois,27076.9,5108.77,6103.93,3378.45,78.12,58.92,17.54,14.78,4.93,3.57,38.54
2022-06-19,Non-vaccinés,5278.06,734.3,681.75,236.65,88.71,64.06,10.04,7.17,3.96,2.48,
2022-06-19,Complet de moins de 3 mois - sans rappel,101.15,14.94,6.7,3.61,1.63,1.27,0.12,0.12,0.0,0.0,0.28
2022-06-20,Primo dose récente,61.61,3.16,5.48,1.09,0.17,0.17,0.08,0.08,0.0,0.0,0.02
2022-06-20,Complet - avec 3 rappels de moins de 3 mois,23.27,1.24,2.6,0.13,2.0,1.0,0.0,0.0,0.0,0.0,0.01
2022-06-21,Non-vaccinés,21734.45,5297.97,4695.04,2643.02,147.64,118.91,9.75,6.9,13.1,8.95,
2022-06-22,Complet - avec 3 rappels entre 3 et 6 mois ou plus,2.15,1.02,1.1,0.0,0.0,0.0,0.0,0.0,0.0,0.0,0.0
2022-06-23,Non-vaccinés,20080.8,5625.55,4644.03,2632.14,144.85,108.45,12.54,6.35,7.66,6.55,
2022-06-23,Complet entre 3 mois et 6 mois - sans rappel,2552.77,774.77,679.61,411.26,18.24,14.82,1.15,1.12,0.0,0.0,2.71
2022-06-24,Complet - avec 2 rappels de moins de 3 mois,5315.65,1022.21,1117.76,535.18,38.42,28.66,1.65,1.58,1.04,1.04,3.81
2022-06-25,Primo dose récente,48.09,2.2,4.57,1.07,0.16,0.0,1.0,1.0,0.0,0.0,0.02
2022-06-25,Primo dose efficace,1067.62,145.92,155.05,62.11,9.83,7.36,0.32,0.15,1.0,1.0,1.1
2022-06-25,Complet - avec 1 rappel de 6 mois ou plus,39228.27,8842.6,10264.3,5762.42,197.09,138.71,20.76,16.17,19.27,16.96,36.61
2022-06-26,Primo dose efficace,370.22,48.56,54.68,20.74,4.41,3.12,1.28,1.1,0.0,0.0,1.1
2022-06-26,Complet - avec 1 rappel de 6 mois ou plus,10451.66,2070.63,2712.83,1239.21,213.71,172.5,25.98,21.88,14.1,10.07,36.6
2022-06-27,Non-vaccinés,34738.47,9407.28,8571.67,4986.27,145.36,110.71,17.61,11.84,9.62,7.05,
2022-06-27,Complet - avec 2 rappels de moins de 3 mois,9357.96,1564.45,1968.7,928.16,68.89,46.79,3.54,2.68,4.09,3.78,3.84
2022-06-27,Complet - avec 2 rappels entre 3 mois et 6 mois,2241.06,497.61,581.02,335.17,17.99,16.09,1.13,1.12,0.43,0.24,1.0
2022-06-29,Complet de 6 mois ou plus - sans rappel,28287.01,7885.87,6692.85,4016.37,86.35,66.29,7.38,5.91,7.5,4.57,20.76
2022-06-29,Complet - avec 2 rappels de 6 mois ou plus,125.41,39.2,29.73,15.01,1.35,1.12,0.0,0.0,0.17,0.17,0.04
2022-07-01,Complet entre 3 mois et 6 mois - sans rappel,3447.18,1052.65,1020.03,597.48,19.17,14.06,2.12,2.08,0.7,0.42,2.48
2022-07-01,Complet - avec 1 rappel de 6 mois ou plus,64455.09,23518.49,25167.98,15324.08,365.46,289.0,38.33,33.08,23.21,18.33,40.43
2022-07-03,Complet de moins de 3 mois - sans rappel,118.48,15.65,13.6,6.55,3.03,1.03,0.02,0.02,0.06,0.0,0.25
2022-07-03,Complet - avec 3 rappels de moins de 3 mois,7.25,3.07,1.04,1.01,0.0,0.0,0.0,0.0,0.0,0.0,0.01
2022-07-04,Complet - avec 1 rappel entre 3 mois et 6 mois,59599.54,24103.89,26449.1,17324.05,185.43,144.29,19.31,17.13,4.06,2.17,27.96
2022-07-06,Primo dose récente,73.29,13.36,15.81,10.8,0.04,0.0,0.0,0.0,0.0,0.0,0.03
2022-07-06,Complet entre 3 mois et 6 mois - sans rappel,4024.26,1293.97,1248.7,757.35,23.29,19.13,2.41,2.35,2.21,1.0,2.36
2022-07-07,Complet de moins de 3 mois - sans rappel,546.14,100.11,95.27,46.75,4.06,3.39,0.14,0.08,1.0,1.0,0.24
2022-07-07,Complet - avec 2 rappels de moins de 3 mois,6524.18,1645.16,1829.22,954.88,80.85,59.67,7.01,5.99,2.81,2.36,4.32
2022-07-09,Complet - avec 2 rappels de moins de 3 mois,5299.39,849.02,1087.64,489.14,53.45,38.53,6.41,5.95,4.24,2.67,4.58
2022-07-09,Complet - avec 2 rappels de 6 mois ou plus,143.18,27.75,29.55,12.28,4.61,1.06,0.0,0.0,0.0,0.0,0.09
2022-07-11,Complet - avec 2 rappels de moins de 3 mois,10889.09,2381.32,3052.9,1483.55,89.81,68.81,6.36,6.01,6.18,4.32,4.63
2022-07-12,Complet de moins de 3 mois - sans rappel,571.76,92.31,97.77,42.07,4.17,2.48,0.14,0.0,0.02,0.0,0.24
2022-07-13,Complet - avec 2 rappels entre 3 mois et 6 mois,2642.94,615.84,773.5,369.58,45.03,34.2,1.4,1.14,5.48,5.27,1.67
2022-07-16,Complet de 6 mois ou plus - sans rappel,20669.5,3648.57,3634.32,1883.26,84.87,67.19,9.6,7.39,6.08,4.9,21.23
2022-07-19,Complet - avec 3 rappels de moins de 3 mois,50.17,6.65,6.72,3.18,0.0,0.0,0.01,0.01,0.0,0.0,0.02
2022-07-21,Complet entre 3 mois et 6 mois - sans rappel,1578.7,427.2,425.49,240.69,13.69,11.19,1.16,1.03,1.18,1.14,1.61
2022-07-22,Complet entre 3 mois et 6 mois - sans rappel,1624.51,402.94,398.23,205.53,12.02,8.46,1.21,0.21,0.35,0.19,1.57
2022-07-23,Complet de moins de 3 mois - sans rappel,353.92,44.24,31.47,13.26,1.09,1.04,0.14,0.14,0.16,0.0,0.24
2022-07-23,Complet - avec 3 rappels de moins de 3 mois,34.55,4.26,3.22,1.04,1.01,1.0,0.01,0.01,0.0,0.0,0.03
2022-07-24,Complet - avec 1 rappel entre 3 mois et 6 mois,2462.89,427.71,498.37,203.69,50.47,36.26,4.58,4.5,2.38,2.11,10.92
2022-07-24,Complet - avec 2 rappels de moins de 3 mois,1625.31,252.11,214.77,77.61,42.88,32.21,4.77,4.64,3.9,3.36,6.06
2022-07-24,Complet - avec 2 rappels entre 3 mois et 6 mois,846.58,104.5,128.05,40.57,34.44,26.9,4.57,4.3,3.8,3.0,2.07
2022-07-25,Complet - avec 1 rappel entre 3 mois et 6 mois,13653.12,4208.28,4350.64,2734.61,59.4,45.56,8.76,6.48,4.77,3.51,10.82
2022-07-26,Complet de 6 mois ou plus - sans rappel,22890.33,4717.07,3824.12,2097.72,103.39,81.22,18.33,13.66,10.08,8.92,21.47
2022-07-28,Primo dose récente,29.85,0.38,3.34,0.25,0.2,0.18,0.0,0.0,0.0,0.0,0.02
2022-07-29,Primo dose récente,34.79,4.24,5.1,1.17,0.15,0.0,0.01,0.01,0.0,0.0,0.02
2022-08-01,Complet - avec 3 rappels de moins de 3 mois,67.5,11.06,11.39,6.5,0.01,0.0,0.0,0.0,0.29,0.29,0.03
2022-08-03,Complet - avec 2 rappels entre 3 mois et 6 mois,2813.45,420.23,463.91,198.02,52.28,43.96,7.23,5.71,2.69,2.15,2.43
2022-08-04,Primo dose récente,37.45,3.42,2.5,2.11,0.16,0.14,0.0,0.0,0.0,0.0,0.02
2022-08-04,Complet entre 3 mois et 6 mois - sans rappel,681.78,138.69,117.66,61.85,4.82,3.41,0.53,0.0,0.06,0.0,1.04
2022-08-07,Primo dose récente,14.42,1.05,0.47,0.0,0.15,0.14,0.0,0.0,0.0,0.0,0.01
2022-08-07,Complet de 6 mois ou plus - sans rappel,4478.74,456.66,379.92,143.48,45.73,38.47,5.77,4.33,5.15,4.11,21.88
2022-08-08,Complet - avec 2 rappels entre 3 mois et 6 mois,3883.4,552.74,713.72,294.58,46.27,38.76,2.81,2.19,7.46,6.42,2.58
2022-08-09,Complet - avec 3 rappels entre 3 et 6 mois ou plus,7.37,0.21,0.21,0.1,0.01,0.0,0.0,0.0,0.0,0.0,0.0
2022-08-10,Complet entre 3 mois et 6 mois - sans rappel,511.89,98.49,80.85,43.85,1.98,1.06,0.14,0.02,0.04,0.02,0.83
2022-08-10,Complet - avec 2 rappels de moins de 3 mois,4754.72,845.02,665.41,337.74,32.98,27.35,3.71,3.28,3.81,3.21,7.0
2023-02-07,Complet de moins de 3 mois - sans rappel,,,,,0.0,,1.0,,0.0,,0.07
2023-02-07,Complet - avec 2 rappels de 6 mois ou plus,,,,,38.56,,5.23,,4.53,,6.85
2023-02-08,Primo dose efficace,,,,,2.43,,0.09,,0.0,,1.03
2023-02-08,Complet - avec 2 rappels entre 3 mois et 6 mois,,,,,5.85,,0.27,,1.12,,3.48
2023-02-09,Complet entre 3 mois et 6 mois - sans rappel,,,,,0.11,,0.0,,0.0,,0.08
2023-02-16,Complet - avec 1 rappel entre 3 mois et 6 mois,,,,,1.4,,0.0,,0.0,,0.38
2023-02-16,Complet - avec 2 rappels de 6 mois ou plus,,,,,36.05,,2.93,,5.1,,6.96
2023-02-17,Non-vaccinés,5050.67,1120.35,184.82,68.21,31.92,19.65,3.84,1.26,3.33,2.94,
2023-02-17,Complet - avec 1 rappel de moins de 3 mois,205.28,21.31,5.86,1.15,0.44,0.39,0.01,0.0,0.01,0.01,0.35
2023-02-18,Non-vaccinés,5642.91,775.84,138.01,46.06,22.49,15.24,3.66,2.0,4.24,3.18,
2023-02-18,Complet - avec 1 rappel entre 3 mois et 6 mois,180.02,20.01,9.47,4.18,0.46,0.34,0.0,0.0,0.0,0.0,0.38
2023-02-20,Primo dose récente,2.95,0.0,0.0,0.0,0.0,0.0,0.0,0.0,0.0,0.0,0.01
2023-02-22,Complet - avec 1 rappel de 6 mois ou plus,19955.45,2430.99,1015.78,463.16,91.76,64.14,9.88,7.71,9.34,6.02,56.86
2023-02-22,Complet - avec 3 rappels de moins de 3 mois,1847.18,179.9,75.15,32.14,10.66,7.58,0.34,0.14,0.37,0.37,3.01
2023-02-27,Complet - avec 1 rappel entre 3 mois et 6 mois,305.96,19.9,14.62,4.2,1.26,1.04,0.0,0.0,0.04,0.04,0.38
2023-02-28,Complet - avec 2 rappels entre 3 mois et 6 mois,2768.72,264.39,113.44,47.2,15.23,11.52,1.4,1.2,0.0,0.0,3.79
2023-03-09,Complet - avec 1 rappel entre 3 mois et 6 mois,130.25,27.93,16.71,7.01,1.23,1.04,1.0,1.0,0.0,0.0,0.38
2023-03-09,Complet - avec 3 rappels de moins de 3 mois,950.23,156.9,98.8,35.66,9.78,5.42,0.27,0.0,2.19,1.0,2.69
2023-03-10,Complet entre 3 mois et 6 mois - sans rappel,30.38,5.53,2.4,0.05,0.03,0.0,0.0,0.0,0.0,0.0,0.08
2023-03-13,Complet - avec 2 rappels de 6 mois ou plus,7072.16,634.25,579.23,238.05,73.23,50.27,2.8,0.75,6.86,3.28,7.45
2023-03-14,Complet - avec 1 rappel entre 3 mois et 6 mois,199.12,29.1,18.45,7.53,0.11,0.09,0.01,0.01,0.0,0.0,0.4
2023-03-15,Primo dose récente,0.02,0.0,0.0,0.0,0.0,0.0,0.0,0.0,0.0,0.0,0.0
2023-03-16,Non-vaccinés,3793.1,1107.78,323.76,151.57,29.77,21.01,5.7,3.37,2.83,2.5,
2023-03-16,Complet - avec 2 rappels de 6 mois ou plus,2590.62,484.42,358.88,157.27,57.15,37.94,8.11,6.56,2.88,2.0,7.53
2023-03-20,Complet - avec 1 rappel de moins de 3 mois,150.66,23.48,10.89,3.44,0.35,0.0,0.0,0.0,0.06,0.04,0.21
2023-03-21,Complet entre 3 mois et 6 mois - sans rappel,32.06,3.79,1.65,1.29,0.0,0.0,0.0,0.0,0.0,0.0,0.08
2023-03-21,Complet - avec 1 rappel entre 3 mois et 6 mois,224.84,33.09,22.97,10.82,0.04,0.0,0.0,0.0,0.0,0.0,0.42
2023-03-21,Complet - avec 1 rappel de 6 mois ou plus,17812.1,3013.19,1990.53,1066.6,127.94,96.98,12.24,10.81,2.73,1.37,56.86
2023-03-22,Primo dose efficace,281.6,41.4,31.45,10.03,3.2,3.01,0.11,0.0,0.25,0.0,1.03
2023-03-23,Complet - avec 1 rappel entre 3 mois et 6 mois,162.13,25.59,19.46,6.47,3.17,2.46,0.01,0.01,0.0,0.0,0.43
2023-03-23,Complet - avec 2 rappels de 6 mois ou plus,2501.65,495.28,358.15,158.5,63.29,37.02,3.47,2.87,5.5,3.0,7.7
2023-03-25,Primo dose récente,3.22,0.0,0.02,0.0,0.0,0.0,0.0,0.0,0.0,0.0,0.0
2023-03-25,Primo dose efficace,211.9,27.58,17.4,6.7,2.7,2.59,1.03,1.0,0.06,0.06,1.03
2023-03-26,Non-vaccinés,1564.38,422.66,142.88,40.28,31.05,23.06,4.72,2.37,2.56,2.2,
2023-03-27,Primo dose récente,2.23,0.0,0.0,0.0,0.0,0.0,0.0,0.0,0.0,0.0,0.0
2023-03-27,Complet entre 3 mois et 6 mois - sans rappel,46.69,9.47,10.09,3.36,0.0,0.0,0.0,0.0,0.0,0.0,0.08
2023-03-28,Primo dose récente,1.17,0.0,0.0,0.0,0.0,0.0,0.0,0.0,0.0,0.0,0.0
2023-03-28,Complet - avec 2 rappels de 6 mois ou plus,4555.13,604.03,496.0,227.91,73.96,55.54,8.32,5.72,5.78,3.64,7.81
2023-03-29,Complet de 6 mois ou plus - sans rappel,4469.84,945.15,481.53,279.58,27.73,15.52,4.33,3.13,1.95,0.0,22.23
2023-04-08,Complet de moins de 3 mois - sans rappel,17.94,1.01,0.09,0.0,0.0,0.0,1.0,1.0,0.0,0.0,0.04
2023-04-09,Primo dose récente,0.02,0.0,0.0,0.0,0.0,0.0,0.0,0.0,0.0,0.0,0.0
2023-04-09,Complet de 6 mois ou plus - sans rappel,862.52,138.28,88.61,39.57,14.31,12.18,0.76,0.76,0.28,0.0,22.24
2023-04-09,Complet - avec 2 rappels entre 3 mois et 6 mois,476.43,74.91,42.74,14.78,15.63,11.41,1.64,1.64,0.0,0.0,5.81
2023-04-10,Complet entre 3 mois et 6 mois - sans rappel,22.6,4.22,2.33,1.03,0.0,0.0,0.01,0.01,0.02,0.02,0.07
2023-04-10,Complet - avec 1 rappel de moins de 3 mois,15.38,1.54,3.42,0.08,0.0,0.0,0.0,0.0,0.02,0.02,0.14
2023-04-10,Complet - avec 1 rappel entre 3 mois et 6 mois,75.8,7.63,9.83,2.12,1.55,1.48,1.41,1.17,0.0,0.0,0.43
2023-04-10,Complet - avec 1 rappel de 6 mois ou plus,3785.23,555.2,463.41,135.64,91.18,61.75,10.58,9.13,6.82,5.42,56.9
2023-04-16,Complet - avec 1 rappel de moins de 3 mois,17.47,0.29,1.15,0.0,0.06,0.03,0.0,0.0,0.0,0.0,0.12
2023-04-17,Primo dose récente,2.2,0.0,0.0,0.0,0.0,0.0,0.0,0.0,0.0,0.0,0.0
2023-04-17,Complet - avec 3 rappels entre 3 et 6 mois ou plus,2058.33,341.85,343.77,154.33,26.47,19.7,2.91,2.91,2.74,1.91,2.95
2023-04-18,Non-vaccinés,3804.42,787.4,372.87,175.77,44.44,31.59,8.42,5.58,5.42,3.85,
2023-04-18,Complet de moins de 3 mois - sans rappel,12.76,0.21,0.18,0.0,0.0,0.0,0.0,0.0,0.02,0.01,0.04
2023-04-18,Complet - avec 3 rappels de moins de 3 mois,522.79,85.15,62.83,32.39,8.1,6.66,1.38,1.34,0.1,0.0,1.13
2023-04-19,Primo dose récente,1.07,0.0,0.0,0.0,0.0,0.0,0.0,0.0,0.0,0.0,0.0
2023-04-20,Complet - avec 1 rappel entre 3 mois et 6 mois,127.37,33.11,21.69,10.59,1.13,1.01,0.37,0.37,1.0,0.0,0.42
2023-04-20,Complet - avec 2 rappels de 6 mois ou plus,2546.02,680.24,511.9,230.01,77.55,60.88,9.16,9.16,6.86,6.26,8.65
2023-04-21,Complet - avec 2 rappels entre 3 mois et 6 mois,1575.74,376.01,225.68,115.72,14.39,11.4,1.77,1.15,0.15,0.07,5.65
2023-04-22,Primo dose récente,0.04,0.0,0.0,0.0,0.0,0.0,0.0,0.0,0.0,0.0,0.0
2023-04-22,Primo dose efficace,163.04,30.14,11.64,5.65,0.44,0.37,1.08,1.0,0.26,0.11,1.03
2023-04-24,Complet - avec 2 rappels de moins de 3 mois,314.75,52.97,22.89,11.87,2.04,2.01,0.0,0.0,0.02,0.0,0.57
2023-04-24,Complet - avec 2 rappels de 6 mois ou plus,4846.28,844.17,728.64,334.45,101.2,75.31,9.23,6.38,5.37,4.14,8.87
2023-04-25,Complet de 6 mois ou plus - sans rappel,3458.27,767.12,397.57,227.17,33.72,23.21,2.46,1.27,5.15,3.29,22.25
2023-04-25,Complet - avec 1 rappel de moins de 3 mois,44.11,10.8,3.32,3.05,0.0,0.0,0.0,0.0,0.0,0.0,0.1
2023-04-26,Complet de moins de 3 mois - sans rappel,9.9,1.57,0.01,0.0,0.02,0.02,0.0,0.0,0.0,0.0,0.03
2023-04-27,Primo dose récente,0.45,0.1,0.06,0.06,0.0,0.0,0.0,0.0,0.0,0.0,0.0
2023-04-27,Complet de 6 mois ou plus - sans rappel,2348.58,637.09,312.0,171.99,24.59,19.41,0.0,0.0,2.11,2.0,22.25
2023-04-28,Non-vaccinés,2091.72,617.78,259.04,136.78,34.97,21.55,6.14,3.85,8.0,4.0,
2023-04-28,Primo dose récente,1.18,0.06,0.03,0.03,0.0,0.0,0.0,0.0,0.0,0.0,0.0
2023-04-29,Complet de 6 mois ou plus - sans rappel,2297.56,321.96,189.96,89.36,17.77,13.07,2.4,2.4,2.39,2.39,22.25
2023-04-30,Complet - avec 1 rappel de 6 mois ou plus,2344.99,474.06,262.25,81.46,61.45,42.61,10.94,8.94,7.08,4.28,56.97
2023-05-01,Non-vaccinés,1075.81,255.02,108.12,39.42,23.25,17.25,3.82,1.46,4.65,3.21,
2023-05-01,Complet - avec 2 rappels de moins de 3 mois,44.62,9.0,3.44,1.04,3.03,2.03,0.12,0.01,0.02,0.02,0.41
2023-05-02,Non-vaccinés,4088.67,652.52,345.7,164.66,33.28,24.47,3.56,3.24,7.45,7.18,
2023-05-02,Complet - avec 1 rappel de 6 mois ou plus,14818.89,2899.79,1939.52,1142.21,107.89,77.46,13.25,8.84,9.66,6.25,56.98
2023-05-02,Complet - avec 2 rappels entre 3 mois et 6 mois,2403.11,380.83,277.57,146.7,20.47,16.24,3.34,3.19,1.56,0.56,5.34
2023-05-03,Non-vaccinés,2829.16,582.28,299.33,141.19,42.87,31.72,5.22,2.8,4.53,3.53,
2023-05-04,Complet entre 3 mois et 6 mois - sans rappel,19.3,5.64,1.3,1.18,0.26,0.0,0.0,0.0,0.0,0.0,0.07
2023-05-04,Complet de 6 mois ou plus - sans rappel,2042.93,580.73,260.75,142.89,16.31,11.14,2.58,1.0,1.34,1.09,22.25
2023-05-05,Primo dose récente,1.12,0.0,0.0,0.0,0.0,0.0,0.01,0.0,0.0,0.0,0.0
2023-05-05,Complet - avec 3 rappels entre 3 et 6 mois ou plus,906.29,204.48,128.7,52.93,19.73,14.16,3.59,2.59,3.65,2.59,3.55
2023-05-07,Primo dose efficace,50.72,6.95,2.56,2.25,2.06,2.01,0.0,0.0,0.0,0.0,1.03
2023-05-07,Complet - avec 2 rappels entre 3 mois et 6 mois,354.46,63.22,40.9,7.69,4.76,3.98,1.16,0.07,1.62,1.45,5.21
2023-05-15,Non-vaccinés,3211.91,543.04,211.98,98.75,29.49,22.11,3.56,2.44,3.18,3.18,
2023-05-15,Complet - avec 1 rappel de moins de 3 mois,16.0,6.24,1.17,0.0,0.0,0.0,1.0,1.0,0.0,0.0,0.07
2023-05-16,Complet de 6 mois ou plus - sans rappel,1830.93,530.7,213.08,123.64,11.0,8.28,0.78,0.0,0.2,0.0,22.26
2023-05-16,Complet - avec 1 rappel de moins de 3 mois,12.03,2.36,3.14,1.0,0.0,0.0,1.17,1.0,0.0,0.0,0.07
2023-05-17,Complet - avec 1 rappel entre 3 mois et 6 mois,80.65,12.66,11.58,3.54,2.52,2.33,0.0,0.0,0.0,0.0,0.36
2023-05-18,Complet - avec 1 rappel de moins de 3 mois,4.41,0.24,0.17,0.17,0.0,0.0,0.0,0.0,0.0,0.0,0.07
2023-05-19,Complet de 6 mois ou plus - sans rappel,1747.32,411.93,200.18,113.47,7.97,5.7,2.17,2.17,2.73,2.17,22.27
2023-05-20,Complet de 6 mois ou plus - sans rappel,1772.25,238.85,141.14,75.73,9.89,6.02,0.54,0.54,0.0,0.0,22.27
2023-05-21,Complet - avec 1 rappel de 6 mois ou plus,1939.64,334.33,147.36,50.87,23.88,17.59,5.81,3.81,6.03,5.0,57.04
2023-05-22,Primo dose récente,0.06,0.0,0.0,0.0,0.02,0.02,0.0,0.0,0.0,0.0,0.0
2023-05-22,Complet - avec 1 rappel entre 3 mois et 6 mois,134.68,28.4,12.34,5.36,1.14,0.06,0.02,0.02,1.0,1.0,0.35
2023-05-22,Complet - avec 2 rappels de moins de 3 mois,81.21,8.14,3.32,2.2,0.0,0.0,0.04,0.01,0.0,0.0,0.19
2023-05-22,Complet - avec 2 rappels entre 3 mois et 6 mois,1514.92,257.21,141.7,77.98,5.83,5.4,0.22,0.08,1.07,1.07,4.64
2023-05-23,Complet de moins de 3 mois - sans rappel,2.52,1.1,0.0,0.0,0.0,0.0,0.0,0.0,0.0,0.0,0.02
2023-05-23,Complet - avec 2 rappels de 6 mois ou plus,3132.55,575.79,321.87,162.68,34.21,23.57,3.88,3.43,6.0,4.0,10.14
2023-05-24,Primo dose récente,1.05,0.0,0.0,0.0,0.0,0.0,0.0,0.0,0.0,0.0,0.0
2023-05-25,Complet - avec 2 rappels de moins de 3 mois,28.06,5.82,2.06,1.05,0.0,0.0,0.01,0.01,0.0,0.0,0.17
2023-05-26,Complet entre 3 mois et 6 mois - sans rappel,9.15,2.15,0.06,0.01,0.0,0.0,0.0,0.0,0.02,0.02,0.06
2021-08-14,Complet de 6 mois ou plus - sans rappel,1233.81,130.23,54.62,22.5,5.98,4.68,0.07,0.05,0.29,0.09,1.34
2021-08-15,Primo dose efficace,6789.05,385.28,223.08,72.17,20.87,15.26,6.5,4.96,4.09,3.85,13.63
2021-08-18,Complet entre 3 mois et 6 mois - sans rappel,23713.38,2444.71,1152.27,444.31,81.34,63.21,15.73,13.77,21.62,18.6,19.24
2021-08-21,Primo dose récente,12918.01,502.17,522.35,216.62,22.18,17.29,4.09,3.65,0.06,0.02,5.36
2021-08-22,Complet de moins de 3 mois - sans rappel,11648.79,1167.19,579.86,217.54,76.19,54.49,20.49,17.88,5.08,3.57,58.91
2021-08-22,Complet entre 3 mois et 6 mois - sans rappel,5051.62,495.39,186.33,72.31,60.88,46.86,11.82,10.7,20.11,16.78,19.76
2021-08-27,Primo dose efficace,47788.4,1950.13,1077.96,384.63,29.31,22.29,7.55,4.31,12.28,9.9,12.89
2021-08-27,Complet entre 3 mois et 6 mois - sans rappel,25916.35,2421.67,1039.8,427.92,73.6,54.06,16.67,12.7,13.69,10.34,20.49
2021-08-30,Primo dose récente,13217.88,732.59,623.34,289.18,21.32,13.87,3.7,1.96,0.08,0.08,3.67
2021-08-30,Complet - avec 1 rappel de moins de 3 mois,1.06,0.0,0.0,0.0,0.01,0.0,0.0,0.0,0.0,0.0,0.0
2021-09-01,Non-vaccinés,64837.33,8072.0,7522.1,3143.62,330.07,232.95,90.67,73.48,58.98,38.78,
2021-09-02,Non-vaccinés,67388.46,7393.98,6751.06,2910.52,300.16,223.13,91.11,70.3,37.03,20.32,
2021-09-04,Non-vaccinés,48439.99,3824.34,3694.86,1390.42,244.04,175.06,85.15,64.31,51.64,30.83,
2021-09-06,Complet - avec 1 rappel de moins de 3 mois,33.52,1.04,0.55,0.08,0.03,0.0,0.0,0.0,0.0,0.0,0.0
2021-09-11,Non-vaccinés,47133.51,3779.07,2663.88,888.01,192.75,127.13,55.45,43.28,46.06,35.2,
2021-09-14,Non-vaccinés,67553.93,9641.26,4034.18,1617.97,218.53,151.16,51.94,36.74,33.39,25.71,
2021-09-14,Primo dose efficace,14887.52,1248.35,297.35,101.87,27.91,21.59,5.5,4.67,4.05,3.33,7.15
2021-09-16,Primo dose efficace,14169.88,1159.71,285.65,111.78,17.65,15.84,5.83,5.25,2.21,1.12,6.81
2021-09-17,Non-vaccinés,81755.28,8057.58,3590.24,1307.14,150.72,108.32,50.81,35.64,28.5,19.72,
2021-09-18,Complet - avec 2 rappels de moins de 3 mois,0.0,0.0,0.0,0.0,0.0,0.0,0.0,0.0,0.0,0.0,0.0
2021-09-19,Complet - avec 1 rappel de moins de 3 mois,212.33,8.18,2.28,1.0,1.3,0.26,0.0,0.0,0.14,0.14,0.63
2021-09-20,Complet de 6 mois ou plus - sans rappel,9939.43,656.26,240.72,79.19,19.63,12.53,3.49,3.42,6.85,5.06,4.3
2021-09-23,Complet - avec 1 rappel de moins de 3 mois,1123.38,72.71,18.85,2.22,0.09,0.0,0.17,0.17,0.0,0.0,0.96
2021-09-27,Primo dose récente,3805.04,273.96,70.47,30.32,4.09,3.53,0.61,0.37,0.0,0.0,1.16
2021-09-28,Non-vaccinés,56211.1,8096.96,2277.09,934.84,116.87,86.13,34.28,24.99,25.19,14.67,
2021-09-29,Complet de 6 mois ou plus - sans rappel,5843.0,635.02,113.16,48.38,14.13,9.56,4.46,2.53,3.68,2.96,4.35
2021-10-02,Complet - avec 1 rappel de moins de 3 mois,1944.99,81.22,7.11,2.0,2.24,2.0,1.0,1.0,0.07,0.0,1.8
2021-10-04,Complet de moins de 3 mois - sans rappel,45020.31,6772.26,853.69,363.63,22.81,14.7,10.81,9.33,1.37,1.29,46.42
2021-10-10,Complet de moins de 3 mois - sans rappel,7577.95,573.91,96.24,26.24,11.78,8.1,4.51,3.71,2.71,2.17,41.67
2021-10-11,Non-vaccinés,58079.31,6215.06,2414.66,1002.55,88.88,72.03,28.12,20.67,15.81,10.21,
2021-10-12,Complet - avec 1 rappel entre 3 mois et 6 mois,0.02,0.0,0.0,0.0,0.0,0.0,0.0,0.0,0.0,0.0,0.0
2021-10-13,Complet entre 3 mois et 6 mois - sans rappel,46087.68,5585.35,1119.45,486.64,38.9,32.35,14.0,10.07,6.2,4.45,47.37
2021-10-14,Complet entre 3 mois et 6 mois - sans rappel,40524.13,5650.23,1261.46,594.77,44.56,33.18,11.37,11.02,10.19,9.17,47.4
2021-10-18,Primo dose récente,1761.92,115.54,46.3,23.23,0.58,0.43,0.35,0.2,0.0,0.0,0.72
2021-10-19,Non-vaccinés,44803.38,6374.41,2035.15,928.72,103.47,74.55,31.72,23.39,14.91,12.52,
2021-10-19,Complet - avec 1 rappel de moins de 3 mois,5142.51,340.15,37.51,9.48,3.12,2.77,0.32,0.2,0.12,0.12,3.31
2021-10-23,Complet - avec 1 rappel entre 3 mois et 6 mois,0.0,0.0,0.0,0.0,0.0,0.0,0.0,0.0,0.0,0.0,0.0
2021-10-24,Non-vaccinés,7449.97,851.49,315.9,106.29,55.92,39.52,33.41,24.08,8.56,7.35,
2021-10-24,Complet - avec 1 rappel entre 3 mois et 6 mois,0.0,0.0,0.0,0.0,0.0,0.0,0.0,0.0,0.0,0.0,0.0
2021-10-25,Complet de 6 mois ou plus - sans rappel,13645.33,1258.68,496.66,222.68,37.88,29.4,6.17,5.43,3.69,3.4,7.69
2021-10-27,Complet de moins de 3 mois - sans rappel,23679.8,3156.94,564.18,281.62,21.61,15.86,7.4,7.1,1.53,1.48,29.97
2021-10-28,Primo dose récente,1103.23,112.16,33.28,14.78,1.49,1.36,1.68,1.56,0.0,0.0,0.6
2021-10-29,Complet - avec 1 rappel de moins de 3 mois,4859.4,513.05,61.8,22.35,7.38,6.33,0.35,0.25,0.18,0.06,4.71
2021-10-31,Complet - avec 1 rappel entre 3 mois et 6 mois,1.0,0.0,0.0,0.0,0.0,0.0,0.0,0.0,0.0,0.0,0.0
2021-11-04,Complet - avec 3 rappels de moins de 3 mois,0.0,0.0,0.0,0.0,0.0,0.0,0.0,0.0,0.0,0.0,0.0
2021-11-06,Primo dose récente,737.49,45.82,21.09,10.09,0.41,0.25,0.32,0.0,0.0,0.0,0.49
2021-11-07,Complet - avec 2 rappels de moins de 3 mois,1.36,0.07,0.0,0.0,0.0,0.0,0.0,0.0,0.0,0.0,0.0
2021-11-10,Non-vaccinés,33939.1,6137.17,3647.76,1727.61,129.27,96.73,32.04,28.65,19.31,14.69,
2021-11-11,Complet - avec 2 rappels de moins de 3 mois,3.24,0.04,0.0,0.0,0.0,0.0,0.0,0.0,0.0,0.0,0.0
2021-11-12,Complet de moins de 3 mois - sans rappel,23818.8,3262.06,1316.59,624.07,20.76,16.2,5.08,3.58,0.84,0.71,22.45
2021-11-13,Primo dose efficace,3712.56,269.19,92.84,32.06,7.32,4.41,1.25,0.21,1.42,1.4,2.9
2021-11-13,Complet entre 3 mois et 6 mois - sans rappel,50299.24,5612.19,2708.81,1342.37,67.32,55.74,14.17,11.25,6.2,4.85,56.04
2021-11-13,Complet - avec 1 rappel de 6 mois ou plus,0.0,0.0,0.0,0.0,0.0,0.0,0.0,0.0,0.0,0.0,0.0
2021-11-17,Complet - avec 1 rappel entre 3 mois et 6 mois,0.32,0.13,0.16,0.03,0.0,0.0,0.0,0.0,0.0,0.0,0.0
2021-11-19,Complet de moins de 3 mois - sans rappel,23232.38,3961.04,1388.12,707.62,26.51,22.48,5.91,3.43,1.56,1.32,18.92
2021-11-21,Complet - avec 1 rappel entre 3 mois et 6 mois,0.02,0.02,0.0,0.0,0.0,0.0,0.0,0.0,0.04,0.04,0.0
2021-11-29,Non-vaccinés,99208.39,21325.88,15453.57,7492.35,338.87,263.55,93.02,78.99,33.09,27.6,
2021-12-05,Complet - avec 1 rappel de moins de 3 mois,6113.3,543.31,135.74,42.56,31.93,26.2,6.64,4.77,12.07,9.43,14.0
2021-12-07,Non-vaccinés,99975.57,23940.03,16945.56,8009.94,486.38,384.1,146.67,114.93,61.73,46.26,
2021-12-10,Primo dose récente,1432.43,287.91,239.97,144.27,11.93,9.61,1.07,0.57,0.0,0.0,0.49
2021-12-10,Primo dose efficace,6478.72,1019.68,529.23,213.33,29.82,23.66,7.02,5.32,1.44,1.1,2.3
2021-12-10,Complet - avec 1 rappel entre 3 mois et 6 mois,1076.73,113.74,36.16,11.55,3.24,2.55,0.49,0.07,1.75,1.23,0.49
2021-12-10,Complet - avec 3 rappels de moins de 3 mois,0.0,0.0,0.0,0.0,0.0,0.0,0.0,0.0,0.0,0.0,0.0
2021-12-11,Complet de moins de 3 mois - sans rappel,13000.5,1706.69,923.89,416.8,36.44,30.66,7.16,6.45,6.13,5.45,8.82
2021-12-11,Complet - avec 3 rappels de moins de 3 mois,0.0,0.0,0.0,0.0,0.0,0.0,0.0,0.0,0.0,0.0,0.0
2021-12-16,Non-vaccinés,89903.43,19121.1,16080.47,7393.8,465.89,351.52,157.96,122.86,77.06,62.2,
2021-12-18,Complet - avec 2 rappels de moins de 3 mois,52.98,6.31,4.36,1.1,0.0,0.0,0.0,0.0,0.0,0.0,0.02
2021-12-19,Non-vaccinés,12753.3,2371.96,2233.15,816.31,339.19,262.44,132.51,107.64,62.26,42.98,
2021-12-19,Complet entre 3 mois et 6 mois - sans rappel,24278.87,2980.53,3064.4,1173.76,134.27,105.32,31.43,24.8,17.87,15.17,51.0
2021-12-19,Complet - avec 1 rappel de moins de 3 mois,13047.36,1198.89,535.56,123.88,52.96,41.45,8.62,5.06,15.13,13.6,26.67
2021-12-23,Complet de moins de 3 mois - sans rappel,23854.85,3566.27,3057.15,1238.98,56.11,47.34,14.68,13.92,3.12,2.67,6.65
2021-12-25,Complet - avec 1 rappel de 6 mois ou plus,0.0,0.0,0.0,0.0,0.0,0.0,0.0,0.0,0.0,0.0,0.0
2021-12-30,Complet - avec 3 rappels de moins de 3 mois,0.0,0.0,0.0,0.0,0.0,0.0,0.0,0.0,0.0,0.0,0.0
2022-01-04,Complet - avec 2 rappels entre 3 mois et 6 mois,19.12,0.17,1.36,0.03,0.02,0.01,0.0,0.0,0.0,0.0,0.0
2022-01-10,Primo dose récente,3987.76,816.11,1084.07,506.75,16.09,11.39,1.72,1.66,1.37,1.25,0.77
2022-01-10,Complet de moins de 3 mois - sans rappel,24186.09,5533.5,6683.85,2893.74,89.43,72.77,13.64,12.04,8.43,7.79,4.79
2022-01-10,Complet entre 3 mois et 6 mois - sans rappel,179791.07,53770.98,66795.72,31512.99,414.1,320.65,48.55,38.1,22.13,17.24,35.11
2022-01-10,Complet - avec 1 rappel entre 3 mois et 6 mois,22326.16,1887.27,2766.89,672.17,112.44,81.69,10.95,10.44,9.96,7.52,3.03
2022-01-10,Complet - avec 2 rappels de moins de 3 mois,369.48,46.71,50.48,17.47,1.39,0.02,1.02,1.0,0.03,0.0,0.06
2022-01-11,Complet de moins de 3 mois - sans rappel,20033.14,5001.78,5587.75,2489.39,76.42,60.74,12.56,11.23,8.72,5.13,4.75
2022-01-11,Complet - avec 1 rappel entre 3 mois et 6 mois,19400.12,1674.91,2433.06,594.09,108.73,83.39,10.92,9.2,12.98,9.85,3.14
2022-01-12,Complet - avec 1 rappel de 6 mois ou plus,1.01,0.0,0.0,0.0,0.0,0.0,0.0,0.0,0.0,0.0,0.0
2022-01-13,Non-vaccinés,95432.22,26336.21,34477.64,15097.87,750.66,574.19,137.78,111.12,94.2,74.21,
2022-01-13,Complet - avec 2 rappels entre 3 mois et 6 mois,20.43,1.05,0.63,0.0,0.01,0.0,0.0,0.0,0.0,0.0,0.0
2022-01-13,Complet - avec 3 rappels entre 3 et 6 mois ou plus,0.0,0.0,0.0,0.0,0.0,0.0,0.0,0.0,0.0,0.0,0.0
2022-01-14,Complet - avec 3 rappels de moins de 3 mois,3.0,3.0,2.0,2.0,0.0,0.0,0.0,0.0,0.0,0.0,0.0
2022-01-15,Non-vaccinés,58621.75,14845.15,21660.37,8691.89,653.55,465.1,82.65,59.38,76.13,54.1,
2022-01-16,Complet - avec 1 rappel entre 3 mois et 6 mois,2692.92,349.96,377.94,116.85,87.56,64.92,9.43,7.08,11.81,7.79,3.8
2022-01-18,Primo dose récente,4036.52,1266.5,1715.64,865.83,27.67,21.23,1.99,1.86,1.07,1.0,0.89
2022-01-18,Complet de moins de 3 mois - sans rappel,18212.33,4947.61,5919.66,2788.98,101.14,80.49,7.52,6.84,4.52,2.68,4.52
2022-01-18,Complet - avec 1 rappel de moins de 3 mois,175838.67,37648.44,38759.92,16963.1,549.88,425.63,55.98,49.46,33.91,23.95,51.05
2022-01-19,Primo dose efficace,7000.71,1861.58,2319.01,1064.5,69.51,47.43,7.93,6.12,9.48,8.16,1.66
2022-01-19,Complet - avec 3 rappels entre 3 et 6 mois ou plus,0.0,0.0,0.0,0.0,0.0,0.0,0.0,0.0,0.0,0.0,0.0
2022-01-20,Complet de 6 mois ou plus - sans rappel,40355.26,13643.04,16513.57,8407.55,227.84,187.06,36.22,31.83,45.97,36.75,10.04
2022-01-21,Complet entre 3 mois et 6 mois - sans rappel,99260.2,36698.11,44773.4,23285.96,378.3,279.84,42.81,37.17,25.18,21.01,24.94
2022-01-21,Complet de 6 mois ou plus - sans rappel,39345.59,13262.34,16336.27,8122.88,247.66,197.37,38.07,32.59,36.19,28.86,9.97
2022-01-21,Complet - avec 1 rappel de 6 mois ou plus,2.0,0.0,0.0,0.0,0.0,0.0,0.0,0.0,0.0,0.0,0.0
2022-01-21,Complet - avec 3 rappels de moins de 3 mois,2.02,1.0,0.0,0.0,0.0,0.0,0.0,0.0,0.0,0.0,0.0
2022-01-22,Complet - avec 1 rappel de moins de 3 mois,105200.42,20174.19,22792.79,9624.95,401.64,299.13,36.55,31.68,42.75,34.12,54.53
2022-01-22,Complet - avec 1 rappel de 6 mois ou plus,0.0,0.0,0.0,0.0,0.0,0.0,0.0,0.0,0.0,0.0,0.0
2022-01-22,Complet - avec 2 rappels de moins de 3 mois,390.47,54.51,70.42,30.35,1.54,0.16,1.0,1.0,0.0,0.0,0.15
2022-01-24,Complet - avec 2 rappels de moins de 3 mois,849.19,140.2,179.86,74.25,4.09,1.38,0.02,0.0,0.0,0.0,0.16
2022-01-25,Primo dose récente,3242.99,1094.37,1502.13,770.01,18.46,16.8,4.7,3.47,1.47,1.19,0.68
2022-01-25,Complet - avec 1 rappel entre 3 mois et 6 mois,24662.02,2640.24,4451.14,1289.02,217.24,174.43,19.69,17.53,31.1,22.77,4.86
2022-01-26,Complet entre 3 mois et 6 mois - sans rappel,85010.28,33385.77,38804.35,21239.9,307.51,237.9,37.66,30.55,34.46,28.55,21.85
2022-01-27,Complet entre 3 mois et 6 mois - sans rappel,74270.96,30293.79,33844.89,19192.19,321.06,236.32,37.29,28.92,29.79,21.9,21.29
2022-01-27,Complet de 6 mois ou plus - sans rappel,32905.75,11832.94,13455.53,7137.24,240.28,184.0,35.31,27.58,38.54,31.5,9.89
2022-01-27,Complet - avec 2 rappels entre 3 mois et 6 mois,31.13,4.3,3.9,1.16,1.0,1.0,0.0,0.0,0.04,0.04,0.0
2022-01-28,Complet de 6 mois ou plus - sans rappel,32004.13,11256.47,13226.18,6804.32,258.11,204.67,32.17,28.34,41.22,31.46,9.9
2022-01-29,Primo dose récente,1384.21,370.38,588.7,246.43,8.0,6.18,1.88,0.59,2.26,2.0,0.52
2022-01-29,Complet - avec 2 rappels de moins de 3 mois,466.34,54.79,77.31,22.7,4.77,2.1,1.02,1.0,0.0,0.0,0.22
2022-01-29,Complet - avec 2 rappels entre 3 mois et 6 mois,8.01,0.16,0.22,0.1,0.03,0.0,0.0,0.0,0.0,0.0,0.0
2022-01-30,Complet entre 3 mois et 6 mois - sans rappel,11767.95,3464.33,5002.89,2312.43,232.67,176.88,35.8,26.19,25.54,18.22,19.67
2022-01-30,Complet - avec 1 rappel de 6 mois ou plus,0.0,0.0,0.0,0.0,0.0,0.0,0.0,0.0,0.0,0.0,0.0
2022-01-31,Non-vaccinés,103606.71,36839.18,47767.53,23680.99,745.33,559.39,127.42,99.86,96.32,76.66,
2022-01-31,Complet - avec 3 rappels de moins de 3 mois,2.63,0.05,0.17,0.04,0.0,0.0,0.0,0.0,0.0,0.0,0.0
2022-02-01,Complet - avec 2 rappels entre 3 mois et 6 mois,42.06,5.43,4.69,2.18,0.01,0.0,0.0,0.0,0.66,0.0,0.0
2022-02-02,Complet de moins de 3 mois - sans rappel,13394.66,3821.27,4240.61,2079.11,108.24,85.47,13.13,10.82,7.09,5.24,4.28
2022-02-03,Complet - avec 1 rappel entre 3 mois et 6 mois,20579.64,2926.38,4568.83,1407.34,259.44,195.04,35.2,27.29,34.02,23.51,6.12
2022-02-03,Complet - avec 2 rappels de moins de 3 mois,693.23,132.41,143.31,57.03,3.75,2.55,0.2,0.17,0.04,0.04,0.25
2022-02-05,Complet - avec 3 rappels de moins de 3 mois,4.16,2.01,2.02,1.01,0.0,0.0,0.0,0.0,0.0,0.0,0.0
2022-02-06,Primo dose efficace,1039.57,172.66,247.82,86.96,31.5,20.11,4.02,3.74,10.92,8.45,1.77
2022-02-06,Complet de moins de 3 mois - sans rappel,2563.31,434.53,584.2,238.22,54.61,44.37,12.27,8.57,12.32,11.35,4.22
2022-02-06,Complet - avec 1 rappel de moins de 3 mois,27976.81,5065.97,6049.13,2514.97,379.05,283.59,50.12,39.98,45.53,35.24,59.69
2022-02-06,Complet - avec 1 rappel entre 3 mois et 6 mois,3870.1,558.94,717.32,241.78,174.11,131.07,15.06,11.18,40.8,30.33,6.72
2022-02-08,Primo dose récente,796.34,217.43,253.44,132.63,9.08,8.5,1.61,1.49,2.25,2.25,0.31
2022-02-09,Complet de 6 mois ou plus - sans rappel,21188.45,5801.04,6047.43,3045.69,165.75,123.46,26.41,20.0,39.99,30.03,10.41
2022-02-10,Complet - avec 1 rappel de 6 mois ou plus,1.01,1.01,1.01,1.01,0.0,0.0,0.13,0.13,0.0,0.0,0.0
2022-02-10,Complet - avec 2 rappels de moins de 3 mois,701.51,100.39,91.09,43.62,0.87,0.61,0.25,0.25,0.25,0.1,0.32
2022-02-11,Non-vaccinés,37971.02,11258.45,12054.73,5947.96,463.19,357.41,75.28,59.16,78.95,63.98,
2022-02-11,Complet entre 3 mois et 6 mois - sans rappel,26603.13,7828.43,8521.1,4315.78,139.71,112.51,21.84,15.49,23.0,18.58,15.1
2022-02-11,Complet - avec 3 rappels de moins de 3 mois,1.43,0.01,0.39,0.0,0.0,0.0,0.0,0.0,0.0,0.0,0.0
2022-02-13,Primo dose récente,115.34,13.46,23.1,7.81,0.68,0.13,1.0,1.0,1.48,1.28,0.22
2022-02-13,Primo dose efficace,778.35,111.48,164.2,58.34,23.43,15.85,2.1,1.75,11.79,9.33,1.62
2022-02-13,Complet - avec 3 rappels entre 3 et 6 mois ou plus,0.0,0.0,0.0,0.0,0.0,0.0,0.0,0.0,0.0,0.0,0.0
2022-02-14,Primo dose efficace,4053.06,806.83,1022.86,450.91,33.02,25.27,4.87,2.5,10.5,7.48,1.62
2022-02-14,Complet entre 3 mois et 6 mois - sans rappel,29209.8,8612.05,9466.55,5141.01,157.46,116.53,24.03,18.52,11.97,10.13,14.21
2022-02-24,Primo dose efficace,1872.14,308.61,323.78,136.7,23.02,17.18,2.56,2.45,5.02,2.94,1.43
2022-02-26,Complet de moins de 3 mois - sans rappel,4209.13,592.3,544.9,253.44,21.33,17.89,2.38,1.84,5.02,4.53,3.91
2022-02-26,Complet - avec 1 rappel de 6 mois ou plus,1.01,0.01,0.01,0.01,0.0,0.0,0.0,0.0,0.05,0.0,0.0
2022-02-26,Complet - avec 2 rappels entre 3 mois et 6 mois,16.32,3.24,3.55,2.2,0.04,0.04,0.0,0.0,0.28,0.0,0.01
2022-02-27,Complet - avec 3 rappels de moins de 3 mois,1.01,0.0,0.0,0.0,0.0,0.0,0.0,0.0,0.0,0.0,0.0
2022-03-01,Complet de 6 mois ou plus - sans rappel,13993.78,2771.87,2097.71,1043.93,84.15,68.5,12.17,10.19,22.24,17.68,13.49
2022-03-03,Complet - avec 1 rappel de 6 mois ou plus,94.1,17.05,16.86,8.18,4.72,1.34,0.49,0.25,1.76,1.46,0.07
2022-03-04,Complet de moins de 3 mois - sans rappel,4787.52,944.6,774.7,408.34,25.25,21.6,2.99,1.76,3.61,1.25,3.77
2022-03-04,Complet - avec 1 rappel de 6 mois ou plus,172.09,22.23,26.41,12.13,6.47,4.04,1.41,1.0,0.88,0.22,0.11
2022-03-09,Primo dose récente,136.35,22.23,15.05,8.44,1.03,1.0,0.0,0.0,0.0,0.0,0.06
2022-03-09,Complet - avec 2 rappels de moins de 3 mois,938.84,95.64,79.81,28.17,8.04,6.29,1.19,1.14,0.0,0.0,0.55
2022-03-11,Primo dose efficace,1509.86,262.55,236.42,104.89,15.58,13.15,1.13,1.05,0.63,0.13,1.26
2022-03-12,Complet - avec 1 rappel entre 3 mois et 6 mois,32465.09,4461.92,4712.38,2249.44,199.51,155.37,26.23,21.83,38.66,24.96,25.13
2022-03-13,Complet - avec 1 rappel de moins de 3 mois,15279.31,2724.26,2522.82,1227.92,122.37,96.61,11.76,10.99,10.33,7.43,46.41
2022-03-13,Complet - avec 1 rappel de 6 mois ou plus,240.83,39.63,38.37,14.43,16.64,13.93,0.27,0.21,1.5,1.28,0.52
2022-03-13,Complet - avec 2 rappels de moins de 3 mois,293.61,30.23,30.5,9.8,3.98,3.68,1.07,1.07,1.06,1.0,0.58
2022-03-16,Complet entre 3 mois et 6 mois - sans rappel,8295.59,2333.47,1953.09,1102.11,59.39,45.83,5.98,4.55,4.2,3.54,6.06
2022-03-16,Complet de 6 mois ou plus - sans rappel,18450.75,5284.37,3783.05,2209.8,73.06,59.2,11.87,10.07,13.97,12.44,15.72
2022-03-17,Primo dose récente,91.01,12.22,15.9,8.3,2.44,2.3,0.2,0.1,0.0,0.0,0.04
2022-03-17,Complet - avec 1 rappel entre 3 mois et 6 mois,45612.62,13386.59,13659.51,7923.0,353.73,277.64,40.09,29.57,34.28,25.61,30.29
2022-03-17,Complet - avec 2 rappels de 6 mois ou plus,3.02,1.0,1.02,0.0,0.0,0.0,0.0,0.0,0.0,0.0,0.0
2022-03-20,Non-vaccinés,7671.42,2170.68,1774.41,874.62,156.04,120.99,23.46,19.09,21.21,16.89,
2022-03-20,Complet - avec 2 rappels entre 3 mois et 6 mois,16.13,1.2,2.33,0.08,0.24,0.24,0.0,0.0,0.0,0.0,0.03
2022-03-20,Complet - avec 3 rappels entre 3 et 6 mois ou plus,0.0,0.0,0.0,0.0,0.0,0.0,0.0,0.0,0.0,0.0,0.0
2022-03-21,Non-vaccinés,50623.94,20170.18,18881.19,11803.47,281.57,204.08,21.04,14.96,23.59,17.89,
2022-03-21,Complet de moins de 3 mois - sans rappel,7679.22,2793.48,2683.57,1637.04,28.91,22.25,0.83,0.31,1.79,1.14,3.07
2022-03-22,Primo dose récente,111.22,24.89,23.93,15.38,0.35,0.31,0.1,0.0,0.0,0.0,0.04
2022-03-22,Complet entre 3 mois et 6 mois - sans rappel,10089.71,3548.79,3338.02,2035.08,61.83,48.69,7.17,6.25,4.53,4.22,5.5
2022-03-23,Complet - avec 3 rappels de moins de 3 mois,3.17,1.05,1.1,1.05,0.0,0.0,0.0,0.0,0.0,0.0,0.0
2022-03-24,Non-vaccinés,37965.1,15615.53,13677.18,8571.13,266.65,202.73,25.75,22.73,28.45,21.02,
2022-03-26,Complet - avec 2 rappels entre 3 mois et 6 mois,105.87,21.4,20.97,10.98,1.02,1.0,0.0,0.0,1.0,0.0,0.04
2022-03-27,Complet - avec 2 rappels entre 3 mois et 6 mois,24.79,5.35,3.44,1.17,0.0,0.0,0.0,0.0,0.0,0.0,0.04
2022-03-29,Primo dose efficace,2381.92,683.45,597.09,323.32,11.01,9.14,4.41,3.28,1.73,1.62,1.2
2022-03-29,Complet entre 3 mois et 6 mois - sans rappel,10135.51,3708.16,3357.35,2062.35,62.99,46.31,4.52,4.0,3.86,3.61,4.86
2022-03-29,Complet - avec 2 rappels de 6 mois ou plus,3.76,0.04,0.23,0.03,0.0,0.0,0.0,0.0,0.0,0.0,0.0
2022-03-30,Complet entre 3 mois et 6 mois - sans rappel,9434.4,3515.85,3146.13,1940.93,61.71,47.38,7.21,6.62,5.27,4.43,4.83
2022-03-31,Non-vaccinés,36543.3,14827.79,12746.21,7810.48,264.64,197.66,23.22,20.6,19.27,15.65,
2022-04-02,Complet - avec 1 rappel de moins de 3 mois,33767.02,9818.16,10390.96,6049.63,90.41,71.45,18.0,16.16,5.15,4.64,28.17
2022-04-03,Complet - avec 2 rappels entre 3 mois et 6 mois,28.68,6.19,8.44,4.06,3.63,3.16,0.0,0.0,0.16,0.1,0.05
2022-04-03,Complet - avec 2 rappels de 6 mois ou plus,0.14,0.0,0.06,0.0,0.0,0.0,0.0,0.0,0.0,0.0,0.0
2022-04-04,Non-vaccinés,50866.4,20299.89,19279.76,11600.51,281.1,223.79,31.7,23.81,17.96,11.99,
2022-04-04,Complet - avec 1 rappel entre 3 mois et 6 mois,135383.87,46046.99,55371.02,33056.82,634.44,501.01,75.05,64.57,39.6,31.65,43.01
2022-04-05,Complet de 6 mois ou plus - sans rappel,27871.56,10454.6,8307.33,5152.11,114.88,88.87,11.18,10.29,6.34,4.22,17.7
2022-04-05,Complet - avec 2 rappels entre 3 mois et 6 mois,188.54,46.68,61.11,26.52,0.79,0.3,0.04,0.0,0.02,0.0,0.06
2022-04-05,Complet - avec 2 rappels de 6 mois ou plus,12.09,0.09,2.26,0.04,0.12,0.12,0.0,0.0,0.0,0.0,0.0
2022-04-06,Complet - avec 1 rappel de moins de 3 mois,47942.09,18618.76,17569.96,11188.91,146.71,112.22,12.84,11.17,6.17,3.12,25.71
2022-04-07,Non-vaccinés,35231.76,13808.94,12216.68,7370.2,297.92,235.55,17.32,12.3,17.66,13.08,
2022-04-08,Primo dose récente,96.33,19.58,19.86,11.78,1.08,1.04,0.12,0.12,1.0,1.0,0.04
2022-04-08,Complet - avec 2 rappels de 6 mois ou plus,5.79,0.13,0.29,0.06,0.04,0.04,0.0,0.0,0.0,0.0,0.0
2022-04-09,Primo dose récente,68.95,12.24,17.75,7.87,0.06,0.06,0.0,0.0,1.0,1.0,0.04
2022-04-09,Complet - avec 1 rappel de 6 mois ou plus,4377.22,852.71,1278.22,543.74,87.36,72.11,9.28,5.41,15.88,10.49,2.37
2022-04-09,Complet - avec 2 rappels de moins de 3 mois,1733.96,258.42,327.3,149.69,13.87,9.97,1.68,1.65,2.46,1.38,1.22
2022-04-10,Complet - avec 3 rappels entre 3 et 6 mois ou plus,0.0,0.0,0.0,0.0,0.0,0.0,0.0,0.0,0.0,0.0,0.0
2022-04-11,Primo dose efficace,2484.51,607.43,681.5,346.65,20.52,17.49,3.59,3.34,2.74,2.34,1.17
2022-04-11,Complet - avec 2 rappels entre 3 mois et 6 mois,388.78,100.52,133.8,64.18,3.52,2.22,0.03,0.0,1.31,1.25,0.1
2022-04-11,Complet - avec 3 rappels de moins de 3 mois,8.85,2.12,3.13,2.06,0.05,0.05,0.06,0.0,0.0,0.0,0.0
2022-04-12,Complet - avec 3 rappels entre 3 et 6 mois ou plus,2.04,0.0,1.01,0.0,0.0,0.0,0.0,0.0,0.0,0.0,0.0
2022-04-13,Primo dose récente,99.64,21.64,20.55,12.05,1.12,1.11,0.0,0.0,0.0,0.0,0.04
2022-04-13,Primo dose efficace,1919.66,438.52,422.34,202.11,15.27,13.97,1.59,1.46,1.61,1.37,1.17
2022-04-15,Primo dose efficace,1606.9,403.66,385.05,191.76,18.96,15.48,1.17,1.02,0.58,0.1,1.16
2022-04-16,Primo dose récente,61.73,6.68,10.26,3.4,0.0,0.0,0.0,0.0,0.0,0.0,0.04
2022-04-16,Complet - avec 1 rappel de moins de 3 mois,16970.47,4305.12,4942.14,2734.85,62.29,44.3,4.91,2.63,6.72,5.35,15.46
2022-04-17,Primo dose récente,21.47,1.16,5.31,1.07,0.01,0.01,0.0,0.0,0.0,0.0,0.04
2022-04-18,Non-vaccinés,8606.33,1787.35,1742.83,722.11,198.4,145.13,20.88,16.89,17.22,12.87,
2022-04-18,Complet - avec 2 rappels de moins de 3 mois,968.23,129.87,146.19,46.92,25.8,21.34,1.09,0.37,3.32,3.15,1.52
2022-04-19,Complet - avec 2 rappels entre 3 mois et 6 mois,589.41,146.63,201.45,103.07,4.22,3.1,0.05,0.0,1.0,1.0,0.17
2022-04-20,Complet - avec 1 rappel entre 3 mois et 6 mois,93030.81,30758.01,34531.44,20379.48,603.38,484.78,84.22,72.5,55.5,46.34,56.13
2022-04-20,Complet - avec 1 rappel de 6 mois ou plus,9199.0,1864.34,2736.64,1208.1,128.51,103.69,14.51,11.49,14.81,13.32,3.17
2022-04-21,Primo dose récente,64.71,6.15,11.73,2.57,1.02,1.01,0.0,0.0,0.0,0.0,0.03
2022-04-21,Complet de moins de 3 mois - sans rappel,2366.16,687.84,691.69,392.57,21.74,18.43,5.28,5.14,1.7,1.09,1.75
2022-04-21,Complet - avec 2 rappels entre 3 mois et 6 mois,321.83,82.61,91.02,51.27,4.55,2.31,0.02,0.0,0.06,0.0,0.19
2022-04-22,Complet - avec 2 rappels de moins de 3 mois,3157.5,578.16,600.3,257.48,36.97,25.05,4.87,4.4,0.8,0.62,1.75
2022-04-23,Primo dose récente,69.76,4.48,8.99,3.27,0.13,0.05,0.0,0.0,0.0,0.0,0.02
2022-04-23,Complet - avec 1 rappel de 6 mois ou plus,5397.99,965.87,1319.95,581.24,81.09,62.86,7.81,6.36,17.02,13.49,3.56
2022-04-24,Non-vaccinés,5971.92,1081.52,1030.93,412.54,164.72,129.12,24.86,19.67,23.05,18.93,
2022-04-24,Complet - avec 3 rappels de moins de 3 mois,0.01,0.0,0.0,0.0,0.14,0.14,0.0,0.0,0.0,0.0,0.0
2022-04-26,Complet entre 3 mois et 6 mois - sans rappel,5307.05,1246.59,1259.35,666.44,34.09,25.81,1.37,1.0,1.72,1.34,4.09
2022-04-27,Non-vaccinés,20283.48,4949.98,4871.83,2587.32,193.06,157.99,17.71,15.15,29.33,22.05,
2022-04-27,Complet de 6 mois ou plus - sans rappel,17963.21,3753.6,3050.02,1649.58,88.57,74.53,13.0,10.87,11.28,9.84,18.77
2022-04-28,Complet - avec 3 rappels de moins de 3 mois,8.89,1.08,0.1,0.0,1.1,1.1,0.0,0.0,0.0,0.0,0.0
2022-04-29,Primo dose efficace,1147.96,200.24,185.15,82.12,14.26,9.73,3.33,2.33,0.65,0.49,1.16
2022-04-29,Complet - avec 1 rappel entre 3 mois et 6 mois,64842.63,16605.31,18130.58,9957.5,382.91,305.11,49.07,42.75,43.24,35.39,59.01
2022-04-29,Complet - avec 2 rappels entre 3 mois et 6 mois,362.71,57.12,87.8,35.0,3.42,3.27,0.25,0.25,0.0,0.0,0.26
2022-05-01,Primo dose efficace,341.03,39.08,25.45,7.64,4.09,3.64,0.49,0.34,2.1,2.04,1.15
2022-05-02,Complet - avec 2 rappels de moins de 3 mois,4676.85,505.01,547.08,200.85,20.84,12.62,2.84,2.55,3.92,3.6,2.04
2022-05-03,Primo dose récente,73.39,9.25,8.26,5.68,0.01,0.0,0.0,0.0,0.0,0.0,0.03
2022-05-03,Complet entre 3 mois et 6 mois - sans rappel,4679.32,950.99,850.14,453.13,32.55,26.93,3.3,2.04,3.49,3.23,4.14
2022-05-03,Complet - avec 1 rappel entre 3 mois et 6 mois,71258.23,15871.4,16290.04,9136.74,368.75,302.53,45.04,37.42,37.45,29.37,60.02
2022-05-03,Complet - avec 1 rappel de 6 mois ou plus,9011.35,1360.16,1807.06,778.6,100.96,82.82,11.83,8.37,22.5,20.48,4.4
2022-05-05,Complet de 6 mois ou plus - sans rappel,13605.38,2746.2,2067.81,1097.89,58.43,48.81,7.96,6.08,17.23,15.83,18.99
2022-05-05,Complet - avec 1 rappel entre 3 mois et 6 mois,50917.43,13609.78,13364.94,7821.59,334.49,260.64,38.74,30.11,34.28,25.88,60.29
2022-05-06,Non-vaccinés,15309.45,3858.85,3509.26,1921.87,110.62,89.82,14.62,11.11,14.63,12.1,
2022-05-06,Primo dose efficace,928.62,176.8,129.65,63.37,9.56,7.55,1.15,1.15,0.44,0.34,1.15
2022-05-07,Primo dose efficace,874.33,85.74,91.95,38.02,5.73,3.66,0.0,0.0,1.47,1.39,1.14
2022-05-08,Non-vaccinés,4741.37,759.25,618.93,237.61,103.28,80.32,9.15,6.82,14.01,9.88,
2022-05-09,Primo dose récente,78.07,10.26,7.98,4.52,0.0,0.0,0.0,0.0,0.0,0.0,0.03
2022-05-09,Primo dose efficace,1563.04,238.2,217.53,113.96,7.74,3.37,0.0,0.0,3.61,3.61,1.14
2022-05-09,Complet entre 3 mois et 6 mois - sans rappel,5596.29,1096.81,1120.56,616.53,28.74,23.45,0.79,0.42,6.69,5.51,4.12
2022-05-09,Complet - avec 2 rappels entre 3 mois et 6 mois,756.62,95.87,96.51,45.96,6.5,6.34,0.24,0.02,2.17,2.0,0.35
2022-05-12,Complet de moins de 3 mois - sans rappel,799.28,149.42,114.9,62.93,4.2,3.25,0.11,0.0,1.11,1.11,0.84
2022-05-12,Complet - avec 2 rappels de 6 mois ou plus,4.57,2.12,2.18,2.11,0.12,0.12,0.0,0.0,1.2,1.0,0.0
2022-05-13,Complet - avec 3 rappels de moins de 3 mois,11.81,1.1,1.03,1.0,0.0,0.0,0.0,0.0,0.0,0.0,0.0
2022-05-14,Complet entre 3 mois et 6 mois - sans rappel,3105.81,405.2,365.98,190.39,12.63,10.35,0.13,0.0,4.76,3.8,4.07
2022-05-14,Complet - avec 1 rappel de 6 mois ou plus,7483.13,661.24,810.37,295.56,51.09,40.53,5.8,5.37,17.69,16.17,6.21
2022-05-14,Complet - avec 2 rappels de 6 mois ou plus,6.34,0.04,0.05,0.04,0.0,0.0,0.0,0.0,0.09,0.09,0.0
2022-05-14,Complet - avec 3 rappels de moins de 3 mois,10.48,2.07,1.01,0.0,0.0,0.0,0.0,0.0,0.0,0.0,0.0
2022-05-18,Complet - avec 1 rappel de moins de 3 mois,3738.11,477.42,313.74,167.84,11.71,8.84,1.42,1.17,0.03,0.0,3.37
2022-05-18,Complet - avec 2 rappels entre 3 mois et 6 mois,535.57,61.29,62.72,28.3,1.75,1.55,0.14,0.14,0.01,0.0,0.44
2022-05-18,Complet - avec 3 rappels entre 3 et 6 mois ou plus,3.01,0.0,0.0,0.0,0.0,0.0,0.0,0.0,0.0,0.0,0.0
2022-05-19,Complet de moins de 3 mois - sans rappel,601.58,112.45,72.26,38.96,1.75,1.3,0.06,0.0,0.0,0.0,0.62
2022-05-22,Complet - avec 1 rappel entre 3 mois et 6 mois,11492.97,1222.05,1206.53,469.34,95.91,79.41,15.44,11.73,20.5,17.16,60.74
2022-05-22,Complet - avec 3 rappels entre 3 et 6 mois ou plus,0.0,0.0,0.0,0.0,0.0,0.0,0.0,0.0,0.01,0.01,0.0
2022-05-23,Complet - avec 2 rappels de moins de 3 mois,4761.63,409.69,382.18,140.38,21.22,15.28,2.85,2.22,2.21,2.1,2.82
2022-05-24,Primo dose efficace,810.35,112.76,78.21,34.61,2.92,2.47,1.07,1.01,2.23,2.0,1.13
2022-05-24,Complet - avec 2 rappels de moins de 3 mois,2635.57,299.79,247.18,91.65,22.29,18.15,0.42,0.15,2.36,1.09,2.85
2022-05-24,Complet - avec 3 rappels entre 3 et 6 mois ou plus,0.09,0.05,0.05,0.05,0.14,0.14,0.0,0.0,0.0,0.0,0.0
2022-05-25,Complet - avec 2 rappels de moins de 3 mois,2531.42,317.49,236.47,107.81,22.88,15.53,2.26,1.5,0.43,0.26,2.92
2022-05-27,Non-vaccinés,11329.29,2191.76,1742.76,882.8,58.44,40.11,8.55,7.56,5.18,3.2,
2022-05-27,Complet - avec 3 rappels entre 3 et 6 mois ou plus,1.04,0.04,0.04,0.04,0.0,0.0,0.0,0.0,0.0,0.0,0.0
2022-05-28,Non-vaccinés,10284.28,1192.8,889.66,381.0,47.05,35.2,3.04,1.66,6.61,4.41,
2022-05-28,Complet - avec 1 rappel de 6 mois ou plus,10486.83,862.75,966.07,396.75,52.73,42.43,7.11,6.31,6.83,4.44,10.4
2022-06-06,Complet - avec 2 rappels entre 3 mois et 6 mois,243.92,14.26,27.01,5.86,0.21,0.0,0.04,0.04,0.0,0.0,0.58
2022-06-07,Complet - avec 1 rappel de 6 mois ou plus,32595.52,5307.92,6105.76,3355.06,127.44,104.6,18.73,14.94,16.44,14.58,17.34
2022-06-08,Primo dose récente,41.13,3.4,3.85,2.08,0.06,0.0,0.0,0.0,0.07,0.0,0.02
2022-06-08,Primo dose efficace,1053.61,149.49,113.77,62.28,2.83,1.27,0.05,0.05,0.0,0.0,1.12
2022-06-09,Complet de moins de 3 mois - sans rappel,325.86,32.65,28.83,8.82,2.14,2.0,0.0,0.0,0.04,0.04,0.33
2022-06-10,Complet - avec 1 rappel entre 3 mois et 6 mois,32907.39,7935.16,7967.01,4532.09,92.08,68.57,12.77,9.87,10.66,10.0,48.42
2022-06-10,Complet - avec 3 rappels entre 3 et 6 mois ou plus,1.09,0.01,0.0,0.0,0.0,0.0,0.0,0.0,0.0,0.0,0.0
2022-06-14,Complet - avec 1 rappel de 6 mois ou plus,31663.75,6605.03,7130.46,4109.02,156.34,125.28,20.75,17.06,11.36,8.95,24.78
2022-06-15,Complet entre 3 mois et 6 mois - sans rappel,2735.36,664.52,584.69,345.07,12.37,8.84,0.97,0.48,1.25,1.11,3.1
2022-06-15,Complet de 6 mois ou plus - sans rappel,16890.57,3342.55,2651.56,1450.61,64.51,42.68,5.56,3.28,3.1,2.74,20.34
2022-06-16,Complet entre 3 mois et 6 mois - sans rappel,2265.68,578.02,520.48,302.41,15.65,12.39,1.19,1.07,1.35,1.11,3.04
2022-06-16,Complet de 6 mois ou plus - sans rappel,14431.69,3170.75,2417.69,1342.57,54.95,42.55,9.46,7.72,2.0,1.23,20.39
2022-06-19,Primo dose récente,9.0,1.24,0.32,0.01,0.0,0.0,0.0,0.0,0.0,0.0,0.02
2022-06-20,Complet entre 3 mois et 6 mois - sans rappel,3659.75,915.76,888.4,534.74,16.23,14.83,3.36,3.19,1.0,1.0,2.86
2022-06-20,Complet de 6 mois ou plus - sans rappel,24755.84,5126.21,4872.89,2741.22,69.81,55.53,9.05,8.19,5.61,2.99,20.54
2022-06-20,Complet - avec 1 rappel de moins de 3 mois,2499.0,380.14,328.11,150.55,9.91,8.2,1.23,1.01,1.1,1.1,1.45
2022-06-22,Primo dose récente,48.52,4.14,10.02,3.07,0.04,0.0,0.0,0.0,0.0,0.0,0.02
2022-06-22,Primo dose efficace,1265.98,226.37,179.85,105.69,9.22,7.74,0.47,0.35,0.0,0.0,1.11
2022-06-25,Complet - avec 3 rappels entre 3 et 6 mois ou plus,1.1,0.0,0.09,0.0,0.0,0.0,0.0,0.0,0.0,0.0,0.0
2022-06-26,Complet - avec 2 rappels de moins de 3 mois,1373.44,173.77,174.95,65.02,28.33,20.87,2.47,2.03,0.53,0.0,3.84
2022-06-26,Complet - avec 2 rappels entre 3 mois et 6 mois,325.45,39.17,60.39,16.86,9.73,7.44,0.13,0.01,0.18,0.12,1.0
2022-06-26,Complet - avec 3 rappels entre 3 et 6 mois ou plus,1.02,0.0,1.02,0.0,1.09,1.0,1.0,1.0,0.0,0.0,0.0
2022-06-27,Complet de moins de 3 mois - sans rappel,653.19,116.43,110.48,52.9,4.89,4.11,0.04,0.0,0.29,0.25,0.26
2022-06-27,Complet - avec 3 rappels de moins de 3 mois,25.93,2.68,2.53,1.25,0.01,0.0,0.0,0.0,0.0,0.0,0.01
2022-06-28,Primo dose récente,57.97,4.6,7.55,1.1,1.05,1.05,0.04,0.0,0.0,0.0,0.02
2022-06-30,Non-vaccinés,27507.39,8697.36,7225.34,4261.32,180.09,134.46,18.17,14.87,8.07,7.0,
2022-06-30,Complet entre 3 mois et 6 mois - sans rappel,3184.75,1085.3,1018.25,618.29,14.82,11.16,1.15,1.07,0.23,0.0,2.52
2022-07-02,Primo dose efficace,1270.18,190.27,202.5,94.65,6.59,4.31,1.16,1.14,0.2,0.17,1.1
2022-07-02,Complet - avec 2 rappels de 6 mois ou plus,98.21,21.17,22.51,12.71,0.24,0.0,0.0,0.0,0.0,0.0,0.05
2022-07-03,Complet - avec 1 rappel de moins de 3 mois,604.86,77.58,70.05,19.81,7.51,5.22,2.02,2.02,0.05,0.0,1.36
2022-07-04,Primo dose récente,93.88,12.67,10.42,3.95,1.0,1.0,0.0,0.0,0.0,0.0,0.02
2022-07-04,Complet - avec 1 rappel de 6 mois ou plus,105735.99,38762.83,44633.29,28057.23,519.71,406.83,49.87,42.85,34.02,22.95,40.64
2022-07-04,Complet - avec 3 rappels entre 3 et 6 mois ou plus,7.98,2.18,2.24,1.07,0.0,0.0,0.0,0.0,0.0,0.0,0.0
2022-07-05,Complet de moins de 3 mois - sans rappel,607.65,105.14,113.59,51.5,4.01,2.17,0.0,0.0,1.29,1.07,0.25
2022-07-07,Complet - avec 1 rappel de 6 mois ou plus,67536.47,27724.64,28464.57,18012.31,519.25,399.16,66.6,53.26,25.15,17.1,43.77
2022-07-07,Complet - avec 2 rappels de 6 mois ou plus,128.86,46.26,48.25,27.86,2.15,1.11,0.01,0.0,0.0,0.0,0.07
2022-07-08,Complet de moins de 3 mois - sans rappel,564.08,124.32,109.46,58.66,2.39,2.08,1.07,1.02,0.05,0.0,0.24
2022-07-09,Complet - avec 1 rappel de moins de 3 mois,1992.66,260.6,262.48,113.54,11.53,9.63,0.16,0.14,0.0,0.0,1.36
2022-07-09,Complet - avec 3 rappels entre 3 et 6 mois ou plus,3.31,0.06,1.03,0.01,0.0,0.0,0.0,0.0,0.0,0.0,0.0
2022-07-10,Primo dose récente,17.11,0.11,0.11,0.08,0.0,0.0,0.0,0.0,0.0,0.0,0.03
2022-07-10,Complet - avec 1 rappel de moins de 3 mois,659.35,67.39,88.37,23.73,9.38,5.05,0.28,0.21,0.23,0.1,1.35
2022-07-11,Complet de moins de 3 mois - sans rappel,770.49,144.13,161.97,80.95,3.78,2.44,0.21,0.06,1.04,1.0,0.24
2022-07-12,Primo dose récente,66.73,6.47,8.58,3.5,0.39,0.0,0.0,0.0,0.0,0.0,0.03
2022-07-12,Primo dose efficace,1646.9,414.77,384.08,214.28,16.02,12.98,1.27,1.06,2.68,2.68,1.09
2022-07-13,Primo dose efficace,1729.24,401.47,400.8,202.41,8.17,5.31,2.54,2.48,0.15,0.15,1.09
2022-07-15,Complet de 6 mois ou plus - sans rappel,31726.83,8155.0,7915.63,4553.4,144.8,115.01,17.81,14.21,12.62,9.64,21.19
2022-07-16,Non-vaccinés,20747.8,3811.85,3908.65,1931.0,180.15,127.38,18.51,16.14,20.28,13.63,
2022-07-16,Primo dose récente,63.67,5.64,6.49,2.2,0.26,0.0,0.0,0.0,0.0,0.0,0.02
2022-07-16,Primo dose efficace,1156.85,170.1,186.13,81.18,11.79,6.43,0.4,0.4,1.18,1.1,1.08
2022-07-16,Complet - avec 1 rappel entre 3 mois et 6 mois,13871.26,3779.86,4404.2,2559.08,71.48,51.57,18.86,14.13,3.89,3.44,15.47
2022-07-18,Complet de moins de 3 mois - sans rappel,624.57,98.69,100.57,45.72,3.55,3.46,1.16,1.14,0.19,0.17,0.24
2022-07-18,Complet entre 3 mois et 6 mois - sans rappel,2815.78,846.31,942.6,554.16,16.44,11.72,1.22,1.2,0.09,0.0,1.76
2022-07-18,Complet - avec 2 rappels de moins de 3 mois,11222.4,2181.18,2777.12,1319.2,74.33,50.09,4.04,2.99,4.94,3.57,5.48
2022-07-18,Complet - avec 2 rappels entre 3 mois et 6 mois,4516.9,960.78,1223.53,605.54,60.18,49.47,4.79,3.89,9.92,7.9,1.85
2022-07-19,Complet de moins de 3 mois - sans rappel,494.27,69.1,71.99,31.07,2.52,2.45,0.05,0.01,1.02,1.02,0.24
2022-07-22,Complet de 6 mois ou plus - sans rappel,24044.2,5302.74,4360.14,2427.4,112.12,87.81,7.4,6.57,13.12,11.96,21.38
2022-07-22,Complet - avec 1 rappel entre 3 mois et 6 mois,11299.77,3608.95,3601.47,2174.55,74.39,60.32,12.4,9.78,6.12,4.07,12.08
2022-07-23,Primo dose récente,51.38,4.28,5.44,2.1,0.07,0.07,0.0,0.0,0.0,0.0,0.02
2022-07-23,Complet - avec 2 rappels entre 3 mois et 6 mois,2073.04,342.94,416.02,183.26,36.28,26.74,2.39,2.32,7.12,5.2,2.05
2022-07-24,Complet entre 3 mois et 6 mois - sans rappel,364.89,44.9,63.44,17.98,11.36,7.17,0.04,0.04,0.04,0.0,1.49
2022-07-25,Primo dose récente,71.01,0.94,9.29,0.76,0.0,0.0,0.01,0.01,0.0,0.0,0.02
2022-07-25,Complet de 6 mois ou plus - sans rappel,29393.05,6477.36,5820.18,3382.58,105.66,83.67,8.29,6.59,9.78,7.25,21.45
2022-07-25,Complet - avec 2 rappels entre 3 mois et 6 mois,4518.2,779.54,1012.8,437.35,40.93,33.23,8.48,5.97,2.76,0.56,2.07
2022-07-26,Non-vaccinés,21255.25,4541.27,4024.25,2118.88,176.86,133.45,18.05,13.97,15.03,11.44,
2022-07-27,Complet entre 3 mois et 6 mois - sans rappel,1267.43,287.24,256.94,152.38,10.59,4.69,0.36,0.24,0.12,0.08,1.4
2022-07-27,Complet - avec 2 rappels entre 3 mois et 6 mois,3040.07,527.53,609.37,252.08,35.49,31.43,5.54,4.4,3.2,2.43,2.17
2022-07-28,Complet - avec 1 rappel de moins de 3 mois,1704.49,241.5,180.44,65.13,9.96,7.54,0.19,0.12,0.03,0.0,1.37
2022-07-28,Complet - avec 1 rappel entre 3 mois et 6 mois,7138.52,2095.49,1867.95,1135.57,40.2,31.38,6.28,5.88,5.55,5.07,9.52
2022-07-29,Primo dose efficace,1107.86,178.85,140.45,66.2,12.32,10.75,1.36,1.01,1.47,1.09,1.08
2022-07-29,Complet - avec 1 rappel de moins de 3 mois,1866.57,267.19,208.05,99.6,10.37,5.87,0.05,0.01,0.01,0.0,1.36
2022-07-29,Complet - avec 2 rappels entre 3 mois et 6 mois,2678.84,494.29,586.06,225.14,35.81,27.62,4.78,4.38,4.41,3.29,2.27
2022-07-29,Complet - avec 3 rappels entre 3 et 6 mois ou plus,10.74,0.14,3.41,0.09,0.01,0.0,0.0,0.0,0.0,0.0,0.0
2022-07-30,Non-vaccinés,16056.76,2209.81,1839.26,871.4,89.31,66.8,6.71,6.03,13.52,11.45,
2022-07-30,Complet - avec 1 rappel de 6 mois ou plus,36273.66,7386.96,7729.64,4307.42,224.38,167.41,31.1,26.25,43.23,34.14,56.73
2022-07-31,Complet de 6 mois ou plus - sans rappel,5293.12,491.45,503.86,156.85,70.04,58.86,11.4,9.77,9.17,7.2,21.66
2022-07-31,Complet - avec 2 rappels entre 3 mois et 6 mois,810.05,104.24,102.78,34.12,21.54,18.54,2.6,2.4,3.8,2.36,2.34
2022-08-01,Non-vaccinés,22587.09,4007.05,3672.77,1959.43,120.49,89.08,14.62,10.31,16.86,13.38,
2022-08-01,Primo dose efficace,1468.12,192.19,182.12,78.88,5.3,3.1,0.25,0.0,0.35,0.2,1.07
2022-08-01,Complet entre 3 mois et 6 mois - sans rappel,1290.25,262.52,266.8,155.05,5.11,4.64,0.0,0.0,0.08,0.0,1.18
2022-08-01,Complet - avec 2 rappels entre 3 mois et 6 mois,3963.41,580.47,793.09,330.55,48.05,37.39,4.44,4.08,6.64,4.61,2.35
2022-08-02,Non-vaccinés,17055.38,3035.28,2555.55,1330.43,129.78,95.53,14.14,10.81,13.57,9.87,
2022-08-02,Complet de moins de 3 mois - sans rappel,443.0,41.42,42.56,15.22,3.68,3.43,0.04,0.0,0.04,0.0,0.22
2022-08-02,Complet - avec 2 rappels entre 3 mois et 6 mois,3112.58,520.32,553.4,233.14,38.58,32.56,2.08,1.31,4.92,4.28,2.37
2022-08-03,Non-vaccinés,15476.46,2731.46,2258.01,1204.91,132.49,106.4,14.04,11.0,18.38,14.05,
2022-08-03,Primo dose efficace,1007.61,153.27,112.01,58.2,7.12,4.33,0.56,0.38,0.21,0.07,1.07
2022-08-05,Primo dose efficace,929.3,121.69,104.71,48.39,5.14,4.3,0.21,0.21,1.74,0.07,1.07
2022-08-05,Complet - avec 3 rappels entre 3 et 6 mois ou plus,14.73,3.18,2.15,0.05,0.01,0.0,0.0,0.0,0.09,0.0,0.0
2022-08-06,Complet de moins de 3 mois - sans rappel,238.56,16.7,17.3,9.59,1.38,1.14,0.02,0.0,0.03,0.0,0.22
2022-08-06,Complet - avec 2 rappels de moins de 3 mois,4220.14,525.84,490.83,222.51,28.71,23.01,1.99,1.4,5.11,4.57,6.93
2022-08-06,Complet - avec 3 rappels de moins de 3 mois,39.74,7.49,4.57,1.18,0.03,0.0,0.0,0.0,0.25,0.0,0.04
2022-08-07,Complet de moins de 3 mois - sans rappel,91.73,8.26,4.26,0.59,0.9,0.88,0.08,0.08,0.25,0.25,0.22
2022-08-07,Complet - avec 1 rappel de 6 mois ou plus,9485.44,1397.44,1401.73,583.46,163.71,125.21,29.53,21.72,29.86,24.57,58.62
2022-08-08,Primo dose efficace,1166.66,165.93,146.34,70.71,8.32,7.26,0.02,0.0,0.34,0.09,1.07
2022-08-09,Complet - avec 1 rappel de moins de 3 mois,1287.95,179.92,114.77,58.57,6.2,3.27,2.09,2.07,0.08,0.06,1.31
2022-08-09,Complet - avec 2 rappels de 6 mois ou plus,315.73,53.18,53.54,30.08,4.57,4.14,0.02,0.02,0.05,0.0,0.34
2022-08-10,Complet de moins de 3 mois - sans rappel,256.29,27.97,25.0,11.28,0.33,0.07,0.0,0.0,0.03,0.01,0.21
2022-08-10,Complet - avec 1 rappel entre 3 mois et 6 mois,3173.53,664.73,579.26,331.74,23.22,18.17,1.47,1.24,4.87,3.2,5.4
2022-08-10,Complet - avec 2 rappels de 6 mois ou plus,256.11,40.5,37.47,15.56,4.17,3.02,1.01,1.01,1.0,1.0,0.35
2022-08-11,Primo dose récente,28.51,1.7,0.24,0.02,0.14,0.14,0.01,0.0,0.0,0.0,0.01
2022-08-11,Primo dose efficace,626.81,90.65,86.49,36.93,4.82,4.51,1.25,1.24,0.2,0.07,1.07
2022-08-11,Complet de 6 mois ou plus - sans rappel,12359.98,2189.74,1517.65,837.99,57.26,43.36,6.84,4.3,8.62,7.75,21.99
2022-08-11,Complet - avec 2 rappels de moins de 3 mois,3722.53,728.46,616.89,311.07,41.9,30.15,2.97,2.29,5.93,3.52,7.02
2022-08-12,Primo dose récente,26.78,2.5,1.26,0.01,0.15,0.01,0.01,0.01,0.0,0.0,0.01
2022-08-12,Complet - avec 2 rappels de 6 mois ou plus,204.56,42.7,35.42,21.11,2.14,2.1,0.03,0.03,0.0,0.0,0.37
2022-08-13,Complet - avec 3 rappels de moins de 3 mois,32.26,2.31,2.37,0.17,0.01,0.0,0.01,0.01,0.0,0.0,0.05
2022-08-14,Non-vaccinés,4207.62,475.12,403.54,138.46,64.98,46.31,8.71,6.87,13.98,12.13,
2022-08-14,Complet - avec 1 rappel de moins de 3 mois,346.0,44.15,27.53,10.71,1.74,0.43,0.11,0.0,0.06,0.02,1.25
2022-08-14,Complet - avec 2 rappels entre 3 mois et 6 mois,877.44,123.78,106.88,31.62,25.48,23.19,1.88,1.4,4.35,4.0,2.84
2022-08-14,Complet - avec 2 rappels de 6 mois ou plus,84.84,12.15,10.33,3.24,1.35,1.33,2.03,1.03,0.05,0.0,0.39
2022-08-14,Complet - avec 3 rappels de moins de 3 mois,13.23,0.41,2.41,0.19,0.0,0.0,0.01,0.0,0.0,0.0,0.05
2022-08-15,Non-vaccinés,4651.0,543.09,498.53,188.67,64.06,48.92,8.41,7.0,12.96,10.3,
2022-08-15,Complet de 6 mois ou plus - sans rappel,5155.95,469.36,405.97,130.53,37.63,29.26,13.38,11.98,3.61,2.12,22.09
2022-08-15,Complet - avec 3 rappels entre 3 et 6 mois ou plus,4.39,1.02,0.12,0.0,0.0,0.0,0.0,0.0,0.0,0.0,0.01
2022-08-18,Complet entre 3 mois et 6 mois - sans rappel,279.26,51.63,43.03,19.29,2.37,1.99,1.0,1.0,0.02,0.0,0.57
2022-08-18,Complet - avec 1 rappel de 6 mois ou plus,26249.35,7468.82,5929.9,3702.97,246.87,196.67,27.75,23.89,22.37,17.67,61.08
2022-08-19,Complet - avec 1 rappel entre 3 mois et 6 mois,1587.63,307.89,235.03,134.67,9.57,7.13,1.23,1.23,0.21,0.0,3.04
2022-08-20,Complet de 6 mois ou plus - sans rappel,9753.69,1179.03,886.25,459.84,39.08,32.1,1.81,0.53,1.92,1.27,22.2
2022-08-20,Complet - avec 2 rappels entre 3 mois et 6 mois,2289.05,255.47,212.43,91.23,22.81,18.09,0.29,0.29,5.24,4.57,3.1
2022-08-21,Complet - avec 3 rappels entre 3 et 6 mois ou plus,5.21,0.0,0.05,0.0,0.0,0.0,0.0,0.0,0.0,0.0,0.01
2022-08-22,Primo dose récente,26.51,4.24,4.82,2.15,0.0,0.0,0.0,0.0,0.0,0.0,0.01
2022-08-23,Complet de moins de 3 mois - sans rappel,202.79,23.75,18.45,9.26,1.03,1.0,0.0,0.0,0.0,0.0,0.19
2022-08-23,Complet - avec 1 rappel de 6 mois ou plus,36589.5,7771.51,6025.62,3663.04,201.58,161.77,23.58,19.81,25.3,19.9,61.66
2022-08-24,Complet de 6 mois ou plus - sans rappel,11098.13,2058.98,1298.86,739.54,32.11,28.16,5.59,4.2,1.39,0.68,22.26
2022-08-25,Complet de moins de 3 mois - sans rappel,144.77,13.83,11.32,5.01,0.0,0.0,0.01,0.0,0.0,0.0,0.19
2022-08-27,Complet - avec 1 rappel entre 3 mois et 6 mois,1125.74,127.21,96.74,46.15,3.36,3.08,0.44,0.35,2.09,2.0,2.13
2022-08-27,Complet - avec 1 rappel de 6 mois ou plus,30948.58,4041.55,3531.95,2017.31,107.98,86.37,18.44,13.68,26.01,18.46,61.96
2022-08-29,Complet de moins de 3 mois - sans rappel,226.12,28.27,15.24,7.35,2.04,2.0,0.0,0.0,0.0,0.0,0.19
2022-08-29,Complet - avec 1 rappel de moins de 3 mois,1107.17,121.68,93.53,40.13,1.73,1.5,0.32,0.0,0.16,0.12,1.13
2022-08-30,Complet - avec 1 rappel de moins de 3 mois,892.63,109.76,49.95,27.46,1.13,1.07,0.13,0.11,0.0,0.0,1.12
2022-08-30,Complet - avec 1 rappel entre 3 mois et 6 mois,1411.57,220.72,158.07,72.02,9.93,8.98,0.1,0.0,0.4,0.4,1.96
2022-08-31,Primo dose récente,10.23,0.08,0.02,0.0,0.0,0.0,0.0,0.0,0.0,0.0,0.01
2022-09-01,Non-vaccinés,7377.62,1626.03,1099.07,656.88,57.55,41.27,8.01,6.37,7.63,4.94,
2022-09-01,Complet de moins de 3 mois - sans rappel,124.93,16.89,3.81,2.89,0.01,0.0,0.0,0.0,0.0,0.0,0.18
2022-09-01,Complet de 6 mois ou plus - sans rappel,9066.8,1742.62,1031.42,601.16,47.38,35.85,5.51,4.94,2.06,1.5,22.36
2022-09-01,Complet - avec 1 rappel entre 3 mois et 6 mois,922.22,154.84,112.03,60.52,6.0,4.74,0.06,0.0,0.05,0.0,1.83
2022-09-01,Complet - avec 1 rappel de 6 mois ou plus,25591.67,6398.08,4536.58,2895.2,157.37,123.79,27.35,22.14,23.08,19.06,62.17
2022-09-02,Complet - avec 3 rappels de moins de 3 mois,47.87,7.89,6.02,5.45,0.0,0.0,0.1,0.0,0.0,0.0,0.06
2022-09-04,Primo dose récente,2.28,1.02,0.02,0.0,0.0,0.0,0.0,0.0,0.0,0.0,0.01
2022-09-04,Complet de moins de 3 mois - sans rappel,63.95,5.84,3.53,1.12,0.0,0.0,0.0,0.0,0.01,0.01,0.18
2022-09-05,Non-vaccinés,13447.88,2698.88,2078.48,1276.96,61.42,51.21,9.59,7.67,3.32,2.46,
2022-09-07,Non-vaccinés,11160.32,2406.13,1626.63,945.88,60.58,43.23,5.74,3.49,6.27,6.27,
2022-09-07,Complet de moins de 3 mois - sans rappel,160.12,16.81,12.19,4.32,0.2,0.05,0.0,0.0,0.0,0.0,0.18
2022-09-07,Complet entre 3 mois et 6 mois - sans rappel,244.59,37.53,34.68,16.34,0.34,0.34,0.0,0.0,0.0,0.0,0.31
2022-09-09,Primo dose récente,8.83,0.0,0.05,0.0,0.0,0.0,0.0,0.0,0.0,0.0,0.01
2022-09-09,Primo dose efficace,603.58,105.01,57.58,36.75,0.88,0.27,1.4,1.03,1.09,1.0,1.06
2022-09-09,Complet de moins de 3 mois - sans rappel,120.86,16.13,12.2,6.37,1.05,1.05,0.0,0.0,0.0,0.0,0.17
2022-09-09,Complet - avec 2 rappels entre 3 mois et 6 mois,3146.79,427.8,285.41,138.47,32.02,22.2,1.23,1.23,2.53,2.0,3.72
2022-09-09,Complet - avec 2 rappels de 6 mois ou plus,398.6,57.8,41.43,20.87,4.98,4.46,0.13,0.13,0.0,0.0,0.57
2022-09-10,Complet entre 3 mois et 6 mois - sans rappel,191.87,24.49,20.47,11.55,0.06,0.04,0.0,0.0,0.0,0.0,0.29
2022-09-10,Complet - avec 3 rappels entre 3 et 6 mois ou plus,7.69,1.08,0.03,0.01,0.0,0.0,0.0,0.0,0.0,0.0,0.01
2022-09-11,Complet de 6 mois ou plus - sans rappel,3420.25,342.91,247.58,103.51,24.18,20.33,2.22,2.12,4.36,3.32,22.4
2022-09-12,Complet de moins de 3 mois - sans rappel,206.39,32.22,19.06,7.02,0.0,0.0,0.0,0.0,0.0,0.0,0.17
2022-09-13,Non-vaccinés,14761.64,4688.84,2995.23,1950.49,71.97,58.26,5.49,4.38,3.5,2.5,
2022-09-13,Complet - avec 1 rappel entre 3 mois et 6 mois,1350.97,258.24,158.4,103.51,11.49,9.77,2.69,1.3,1.1,1.1,1.58
2022-09-14,Primo dose efficace,803.32,202.4,111.02,67.83,4.28,3.97,0.11,0.1,0.0,0.0,1.06
2022-09-14,Complet - avec 2 rappels entre 3 mois et 6 mois,4215.73,541.83,451.56,208.09,35.46,29.53,2.68,2.5,2.0,2.0,3.92
2022-09-15,Complet de moins de 3 mois - sans rappel,127.09,22.13,15.32,7.85,0.09,0.0,0.0,0.0,0.0,0.0,0.16
2022-09-15,Complet - avec 2 rappels de 6 mois ou plus,409.6,97.84,68.81,42.85,3.74,1.49,1.24,1.0,0.14,0.0,0.65
2022-09-16,Primo dose efficace,639.23,175.71,107.81,64.71,3.52,2.97,1.2,1.2,1.01,1.0,1.06
2022-09-16,Complet de moins de 3 mois - sans rappel,142.15,27.33,10.93,5.79,0.02,0.0,0.0,0.0,0.0,0.0,0.16
2022-09-16,Complet de 6 mois ou plus - sans rappel,13029.97,3819.31,2067.73,1350.28,39.36,28.65,4.08,3.9,1.31,0.0,22.41
2022-09-16,Complet - avec 1 rappel entre 3 mois et 6 mois,1101.4,242.01,127.91,72.38,4.3,2.64,0.26,0.26,0.18,0.14,1.56
2022-09-17,Complet - avec 2 rappels de moins de 3 mois,5855.76,472.41,352.04,176.3,14.63,11.68,1.6,1.17,1.43,1.14,6.66
2022-09-18,Complet de 6 mois ou plus - sans rappel,3579.47,529.47,301.27,123.23,29.87,20.45,2.92,1.58,1.2,1.08,22.41
2022-09-19,Complet entre 3 mois et 6 mois - sans rappel,318.73,79.14,61.41,34.03,0.12,0.04,0.06,0.0,0.0,0.0,0.26
2022-09-19,Complet - avec 2 rappels de moins de 3 mois,9779.44,1092.67,902.55,475.67,37.14,30.89,1.98,1.57,1.22,1.0,6.64
2022-09-21,Complet de moins de 3 mois - sans rappel,158.69,31.23,14.99,8.55,0.02,0.0,0.0,0.0,0.01,0.0,0.15
2022-09-23,Non-vaccinés,11518.56,4258.6,2198.74,1454.86,82.9,62.29,5.32,4.07,5.04,3.91,
2022-09-23,Complet - avec 1 rappel de 6 mois ou plus,43411.07,14439.36,9957.37,6799.79,210.3,165.89,23.53,17.28,15.7,13.55,62.07
2022-09-24,Complet - avec 3 rappels entre 3 et 6 mois ou plus,11.59,1.45,1.68,1.26,0.02,0.0,0.0,0.0,0.0,0.0,0.01
2022-09-25,Non-vaccinés,3534.69,729.88,394.77,176.89,64.82,51.63,7.37,6.82,5.01,4.34,
2022-09-25,Complet - avec 2 rappels de moins de 3 mois,1574.44,167.72,143.81,51.85,24.66,19.05,3.35,3.11,2.3,1.0,6.35
2022-09-26,Primo dose récente,19.5,3.18,5.46,1.16,0.0,0.0,0.0,0.0,0.0,0.0,0.01
2022-09-26,Complet - avec 2 rappels de moins de 3 mois,10333.43,1775.95,1548.14,907.96,62.36,48.72,4.85,4.25,2.58,2.5,6.34
2022-09-26,Complet - avec 3 rappels entre 3 et 6 mois ou plus,38.11,5.82,3.91,2.51,1.03,0.0,0.0,0.0,0.0,0.0,0.01
2022-09-27,Complet - avec 3 rappels de moins de 3 mois,102.05,11.07,8.27,4.21,1.03,1.0,0.05,0.0,0.0,0.0,0.07
2022-09-29,Complet - avec 2 rappels de moins de 3 mois,4768.75,1446.29,1106.59,660.96,56.68,45.3,11.47,10.72,2.38,1.34,6.04
2022-09-30,Primo dose efficace,656.94,169.09,109.56,57.34,5.11,4.38,0.12,0.0,1.18,1.14,1.06
2022-09-30,Complet - avec 1 rappel de 6 mois ou plus,48691.67,17127.97,13337.12,8901.62,341.05,256.72,27.62,20.72,18.18,15.83,62.0
2022-10-01,Non-vaccinés,10417.26,2439.21,1486.91,822.52,73.64,60.83,10.87,10.58,5.05,2.34,
2022-10-02,Non-vaccinés,3546.76,727.78,407.42,153.15,76.94,59.42,9.17,6.31,10.06,7.62,
2022-10-03,Complet - avec 1 rappel de moins de 3 mois,1062.15,222.62,150.39,81.07,6.98,6.77,0.04,0.01,0.0,0.0,0.75
2022-10-04,Complet entre 3 mois et 6 mois - sans rappel,310.7,77.65,51.14,27.69,2.51,1.35,0.0,0.0,0.0,0.0,0.24
2022-10-04,Complet - avec 1 rappel de moins de 3 mois,883.43,198.94,109.9,58.74,3.87,3.32,1.13,1.07,0.26,0.2,0.73
2022-10-04,Complet - avec 2 rappels de moins de 3 mois,7994.22,1701.97,1481.9,872.29,73.11,58.17,11.51,10.5,2.28,2.07,5.53
2022-10-04,Complet - avec 3 rappels de moins de 3 mois,116.57,24.88,23.41,11.9,3.15,2.11,0.3,0.25,0.0,0.0,0.08
2022-10-06,Complet - avec 1 rappel entre 3 mois et 6 mois,1280.41,384.78,280.54,152.44,18.54,17.05,1.16,1.14,2.1,2.0,1.49
2022-10-07,Primo dose efficace,749.05,221.99,126.01,71.84,7.33,5.66,0.46,0.28,1.13,1.0,1.06
2022-10-07,Complet entre 3 mois et 6 mois - sans rappel,263.92,56.01,64.09,24.92,3.74,3.32,0.01,0.01,2.0,1.0,0.24
2022-10-09,Primo dose efficace,219.15,32.76,27.17,10.13,1.83,1.59,0.48,0.18,0.0,0.0,1.05
2022-10-09,Complet entre 3 mois et 6 mois - sans rappel,73.04,14.73,11.83,6.28,0.13,0.03,0.02,0.02,0.0,0.0,0.23
2022-10-09,Complet - avec 3 rappels entre 3 et 6 mois ou plus,8.53,1.08,2.32,1.04,1.0,1.0,1.0,1.0,0.0,0.0,0.02
2022-10-10,Complet - avec 2 rappels de 6 mois ou plus,3771.49,826.92,933.98,488.82,56.73,43.31,6.88,6.41,4.6,3.48,1.58
2022-10-11,Complet - avec 2 rappels de moins de 3 mois,6615.87,1411.22,1226.15,693.17,59.26,50.21,1.55,0.45,3.77,3.12,4.52
2022-10-12,Complet - avec 1 rappel de moins de 3 mois,694.46,143.1,75.44,36.14,1.74,1.25,0.11,0.01,0.0,0.0,0.58
2022-10-13,Complet de moins de 3 mois - sans rappel,137.25,27.89,21.45,12.71,1.04,1.03,0.0,0.0,0.01,0.01,0.11
2022-10-13,Complet - avec 2 rappels de 6 mois ou plus,2322.06,686.42,687.39,358.19,54.01,41.02,5.69,4.67,8.27,6.69,1.76
2022-10-13,Complet - avec 3 rappels entre 3 et 6 mois ou plus,56.14,19.4,16.86,10.7,1.32,1.14,0.06,0.0,0.36,0.34,0.03
2022-10-14,Non-vaccinés,12549.06,4389.97,2375.55,1444.51,114.92,90.53,12.7,11.39,9.21,8.4,
2022-10-15,Complet de moins de 3 mois - sans rappel,83.84,9.73,10.61,5.38,1.06,1.05,0.0,0.0,0.0,0.0,0.11
2022-10-16,Complet de 6 mois ou plus - sans rappel,3776.78,564.54,468.08,174.11,56.02,37.09,9.14,8.55,4.8,3.48,22.41
2022-10-16,Complet - avec 2 rappels de 6 mois ou plus,795.5,119.31,162.01,57.48,40.85,32.3,3.56,3.16,5.4,3.48,1.91
2022-10-17,Complet entre 3 mois et 6 mois - sans rappel,371.55,93.36,82.62,46.75,2.41,1.32,1.03,1.0,0.0,0.0,0.23
2022-10-17,Complet de 6 mois ou plus - sans rappel,24122.63,7509.1,5117.67,3371.33,99.82,77.12,9.83,8.93,4.52,3.62,22.41
2022-10-18,Non-vaccinés,17144.35,5123.62,2719.73,1611.0,134.28,104.33,13.67,11.65,12.18,9.51,
2022-10-18,Complet entre 3 mois et 6 mois - sans rappel,239.72,69.27,60.42,37.08,4.93,4.67,1.0,1.0,0.0,0.0,0.23
2022-10-18,Complet de 6 mois ou plus - sans rappel,18705.18,5725.11,3404.98,2163.36,99.51,78.2,11.38,7.74,9.62,8.28,22.41
2022-10-18,Complet - avec 1 rappel de moins de 3 mois,741.5,129.27,93.25,46.37,2.68,2.57,1.0,1.0,1.0,0.0,0.52
2022-10-19,Complet - avec 1 rappel entre 3 mois et 6 mois,1647.09,368.69,265.39,143.7,9.99,7.94,0.35,0.02,0.02,0.0,1.49
2022-10-19,Complet - avec 2 rappels de moins de 3 mois,4806.6,1041.93,902.94,488.59,42.76,30.57,4.55,3.09,0.04,0.04,3.81
2022-10-22,Complet de 6 mois ou plus - sans rappel,12959.1,2192.15,1542.85,810.54,60.98,50.62,5.42,4.58,10.14,7.98,22.4
2022-10-23,Primo dose efficace,191.98,26.49,17.78,3.95,3.36,2.5,0.05,0.0,2.04,2.0,1.05
2022-10-24,Primo dose efficace,1018.15,211.59,146.07,74.48,9.54,8.19,0.26,0.26,0.17,0.11,1.05
2022-10-24,Complet - avec 3 rappels entre 3 et 6 mois ou plus,92.61,12.17,24.95,7.1,1.44,1.36,0.01,0.01,0.03,0.0,0.04
2022-10-25,Complet - avec 2 rappels entre 3 mois et 6 mois,8997.76,1874.39,1855.08,940.76,98.23,69.49,7.53,6.38,7.02,6.33,6.93
2022-10-25,Complet - avec 2 rappels de 6 mois ou plus,3499.43,653.3,686.39,308.45,67.15,52.08,1.59,1.42,3.84,3.51,2.19
2022-10-27,Complet de 6 mois ou plus - sans rappel,4853.21,1052.33,725.09,364.63,61.67,45.27,9.69,8.98,9.76,6.61,22.4
2022-10-30,Complet - avec 1 rappel de moins de 3 mois,60.77,8.43,3.13,1.24,0.35,0.15,0.09,0.09,0.0,0.0,0.4
2022-10-31,Complet de moins de 3 mois - sans rappel,53.33,10.85,5.73,2.19,0.02,0.0,0.0,0.0,0.0,0.0,0.09
2022-10-31,Complet - avec 2 rappels de 6 mois ou plus,1879.73,321.34,362.3,142.9,42.75,30.9,5.34,3.9,7.51,5.52,2.41
2022-11-01,Complet entre 3 mois et 6 mois - sans rappel,34.18,5.62,3.52,0.17,1.51,1.28,0.03,0.0,1.14,0.0,0.21
2022-11-03,Complet - avec 3 rappels de moins de 3 mois,225.52,51.7,27.81,10.65,3.11,3.1,0.01,0.01,1.0,0.0,0.27
2022-11-13,Complet - avec 1 rappel de moins de 3 mois,98.81,15.25,7.08,1.2,1.21,0.17,0.04,0.0,0.0,0.0,0.37
2022-11-13,Complet - avec 2 rappels entre 3 mois et 6 mois,1944.86,223.64,221.91,72.35,52.87,44.33,5.57,4.36,6.61,5.25,7.23
2022-11-13,Complet - avec 3 rappels de moins de 3 mois,124.2,11.68,9.52,3.33,1.2,0.06,0.05,0.0,0.14,0.12,0.4
2022-11-14,Complet - avec 1 rappel de 6 mois ou plus,35391.38,5207.05,5046.84,2732.08,319.13,256.45,39.74,32.45,26.6,21.23,60.86
2022-11-14,Complet - avec 2 rappels entre 3 mois et 6 mois,7484.75,693.2,752.03,280.99,107.66,88.19,4.96,2.78,7.44,4.48,7.23
2022-11-15,Primo dose efficace,444.7,63.64,54.07,19.25,5.27,4.5,2.09,1.08,0.01,0.01,1.05
2022-11-15,Complet - avec 3 rappels entre 3 et 6 mois ou plus,81.31,9.15,8.37,4.44,0.48,0.0,0.21,0.17,0.0,0.0,0.06
2022-11-16,Primo dose efficace,402.84,64.17,36.42,12.93,8.12,7.54,0.13,0.01,1.0,1.0,1.04
2022-11-16,Complet - avec 1 rappel de moins de 3 mois,250.16,33.19,15.24,7.67,1.74,1.27,0.0,0.0,0.04,0.02,0.37
2022-11-16,Complet - avec 1 rappel entre 3 mois et 6 mois,618.36,88.41,65.27,26.68,9.16,8.33,1.04,1.03,2.07,1.0,1.24
2022-11-16,Complet - avec 2 rappels de moins de 3 mois,2244.96,249.19,174.62,69.59,23.86,17.31,3.11,2.08,2.09,2.06,3.33
2022-11-17,Complet - avec 1 rappel entre 3 mois et 6 mois,767.86,202.18,127.52,64.15,3.8,3.3,0.02,0.02,0.17,0.0,1.23
2022-11-17,Complet - avec 1 rappel de 6 mois ou plus,36075.54,12616.52,9436.35,6372.98,324.06,261.05,45.79,37.77,17.11,14.9,60.7
2022-11-18,Complet - avec 1 rappel entre 3 mois et 6 mois,795.8,163.16,107.82,55.62,4.38,4.13,1.57,1.5,0.0,0.0,1.22
2022-11-18,Complet - avec 2 rappels de moins de 3 mois,2901.88,543.43,300.21,180.75,20.32,17.67,2.53,1.5,0.21,0.13,3.38
2022-11-22,Complet - avec 1 rappel de moins de 3 mois,416.94,88.95,51.49,26.81,6.82,6.17,0.0,0.0,0.17,0.17,0.36
2022-11-23,Complet - avec 1 rappel entre 3 mois et 6 mois,1019.37,269.92,176.15,105.08,8.86,7.26,0.18,0.12,0.0,0.0,1.17
2022-11-24,Primo dose récente,9.4,1.06,2.13,0.01,0.0,0.0,0.0,0.0,0.0,0.0,0.01
2022-11-25,Complet - avec 1 rappel de 6 mois ou plus,38633.23,13451.08,10380.85,6928.8,330.39,257.26,42.37,36.92,25.96,23.47,60.44
2022-11-25,Complet - avec 2 rappels de moins de 3 mois,2997.1,580.1,376.23,203.97,32.83,26.17,2.22,1.05,2.15,2.0,3.43
2022-11-25,Complet - avec 2 rappels de 6 mois ou plus,3713.07,782.22,824.56,387.61,80.94,58.01,7.53,7.01,4.81,3.43,3.19
2022-11-26,Complet - avec 3 rappels entre 3 et 6 mois ou plus,82.9,4.97,10.82,0.45,1.61,1.08,0.0,0.0,0.04,0.0,0.07
2022-11-27,Primo dose efficace,188.95,34.59,27.43,8.32,2.22,2.09,1.0,0.0,0.37,0.25,1.04
2022-11-27,Complet - avec 1 rappel de moins de 3 mois,96.01,14.62,10.44,4.22,1.0,0.24,0.0,0.0,1.0,0.0,0.36
2022-11-28,Complet - avec 3 rappels de moins de 3 mois,1411.77,198.94,199.09,87.01,17.08,12.08,2.07,2.07,0.0,0.0,0.66
2022-12-01,Complet entre 3 mois et 6 mois - sans rappel,131.36,15.7,20.89,8.73,2.88,1.29,0.01,0.0,0.0,0.0,0.17
2022-12-02,Primo dose efficace,395.9,100.36,51.48,28.69,6.0,4.64,0.53,0.2,0.26,0.14,1.04
2022-12-02,Complet - avec 2 rappels de moins de 3 mois,2432.83,410.48,281.68,128.58,27.45,23.05,2.34,2.34,1.34,1.0,3.56
2022-12-02,Complet - avec 2 rappels de 6 mois ou plus,3033.19,542.36,656.68,265.27,98.73,76.5,5.45,5.04,11.72,9.79,3.33
2022-12-05,Complet - avec 1 rappel de moins de 3 mois,768.66,146.22,96.53,44.78,7.65,4.32,0.01,0.01,0.07,0.07,0.35
2022-12-06,Complet - avec 2 rappels entre 3 mois et 6 mois,10622.02,2438.9,2427.19,1255.93,151.69,114.86,12.21,7.69,10.34,8.07,6.98
2022-12-09,Complet - avec 2 rappels de 6 mois ou plus,4910.06,1304.05,1341.35,661.82,124.88,98.53,11.56,11.01,9.22,5.43,3.47
2022-12-10,Complet de moins de 3 mois - sans rappel,70.36,16.82,8.06,4.37,0.0,0.0,0.0,0.0,0.0,0.0,0.08
2022-12-12,Complet entre 3 mois et 6 mois - sans rappel,259.98,69.17,42.49,20.37,0.65,0.56,0.0,0.0,0.14,0.0,0.16
2022-12-12,Complet de 6 mois ou plus - sans rappel,24501.14,9902.82,5901.54,4030.91,124.02,94.94,16.39,15.45,10.03,9.47,22.34
2022-12-12,Complet - avec 3 rappels de moins de 3 mois,2381.88,442.79,402.17,166.99,32.02,27.42,3.84,2.37,1.29,1.2,1.01
2022-12-13,Complet - avec 1 rappel de 6 mois ou plus,61535.4,22274.03,15709.11,10097.85,555.65,436.08,87.47,79.07,43.22,34.96,59.66
2022-12-17,Non-vaccinés,10683.49,3295.75,1154.2,551.36,127.4,95.77,8.9,7.93,18.07,16.7,
2022-12-18,Complet - avec 1 rappel de moins de 3 mois,121.17,29.51,15.7,8.43,3.31,2.23,0.0,0.0,1.0,1.0,0.37
2022-12-19,Complet de 6 mois ou plus - sans rappel,19889.83,7741.46,3855.97,2496.86,119.41,94.83,14.45,11.84,12.75,11.58,22.31
2022-12-19,Complet - avec 1 rappel entre 3 mois et 6 mois,1354.34,409.1,263.63,150.34,14.88,8.57,3.47,2.2,1.25,1.25,0.94
2022-12-20,Complet - avec 1 rappel entre 3 mois et 6 mois,1028.99,306.75,191.5,105.42,14.11,10.26,2.3,2.3,0.25,0.23,0.93
2022-12-21,Complet - avec 1 rappel entre 3 mois et 6 mois,950.63,328.84,184.46,91.97,12.69,8.75,3.08,2.99,1.51,0.2,0.91
2022-12-21,Complet - avec 3 rappels de moins de 3 mois,2076.18,614.0,458.63,218.06,30.07,24.04,5.62,5.46,3.45,2.0,1.54
2022-12-22,Complet entre 3 mois et 6 mois - sans rappel,139.84,54.35,16.32,5.92,1.05,1.0,1.17,1.11,1.09,1.0,0.14
2022-12-23,Primo dose efficace,564.89,216.6,93.54,57.56,8.12,7.46,0.01,0.01,1.04,1.0,1.03
2022-12-23,Complet de moins de 3 mois - sans rappel,100.03,33.53,15.11,7.73,1.04,1.04,1.0,0.0,0.0,0.0,0.08
2022-12-23,Complet entre 3 mois et 6 mois - sans rappel,119.52,38.6,28.02,12.08,2.16,2.07,0.0,0.0,0.0,0.0,0.14
2022-12-23,Complet - avec 1 rappel entre 3 mois et 6 mois,699.55,266.05,134.2,65.68,10.48,7.75,0.33,0.1,1.32,0.01,0.89
2022-12-24,Primo dose efficace,323.84,90.75,40.54,22.57,5.87,4.41,0.05,0.05,0.04,0.0,1.03
2022-12-25,Complet - avec 2 rappels de moins de 3 mois,934.68,196.9,85.76,27.73,26.18,21.94,1.6,1.47,2.58,2.27,5.1
2022-12-27,Complet entre 3 mois et 6 mois - sans rappel,99.27,25.02,18.77,9.34,2.2,2.12,0.0,0.0,0.0,0.0,0.14
2022-12-27,Complet - avec 2 rappels entre 3 mois et 6 mois,5465.88,1688.16,1171.73,609.43,106.37,82.29,12.24,8.3,8.79,4.27,6.17
2022-12-29,Complet de 6 mois ou plus - sans rappel,7249.97,2898.79,1180.13,744.34,69.94,52.4,8.91,5.47,7.49,4.67,22.26
2022-12-30,Primo dose efficace,459.56,111.61,55.66,21.77,4.27,3.45,0.14,0.0,1.04,1.0,1.03
2022-12-30,Complet de moins de 3 mois - sans rappel,90.18,18.65,9.27,3.44,0.01,0.01,0.0,0.0,1.0,1.0,0.08
2023-01-02,Primo dose efficace,624.57,127.74,59.33,29.27,5.35,4.57,0.01,0.01,1.0,1.0,1.03
2023-01-03,Complet - avec 1 rappel de moins de 3 mois,317.37,67.18,16.48,7.02,1.64,1.23,1.21,1.18,0.0,0.0,0.4
2023-01-04,Non-vaccinés,6089.19,1399.36,380.86,153.1,67.86,50.38,10.02,7.9,18.83,15.2,
2023-01-04,Complet - avec 1 rappel de 6 mois ou plus,22413.92,5141.06,2123.77,1001.11,233.56,181.59,34.5,24.75,45.18,33.8,57.79
2023-01-05,Complet entre 3 mois et 6 mois - sans rappel,50.24,19.31,8.59,3.09,1.0,1.0,0.0,0.0,0.05,0.0,0.12
2023-01-05,Complet - avec 1 rappel entre 3 mois et 6 mois,293.4,70.73,29.81,12.47,7.32,5.18,1.01,1.01,0.0,0.0,0.69
2023-01-05,Complet - avec 2 rappels entre 3 mois et 6 mois,2656.39,726.76,331.3,146.58,46.29,36.27,4.94,3.6,10.88,9.57,5.12
2023-01-05,Complet - avec 3 rappels de moins de 3 mois,1423.44,354.41,112.89,43.66,20.33,12.12,1.6,1.29,2.85,2.48,2.19
2023-01-06,Non-vaccinés,5444.24,1551.08,350.49,146.32,70.07,49.43,8.96,8.39,13.59,9.84,
2023-01-06,Complet - avec 2 rappels entre 3 mois et 6 mois,3302.55,695.01,312.5,124.28,47.65,34.01,6.72,6.38,10.57,8.11,4.93
2023-01-07,Primo dose récente,8.92,0.05,0.07,0.0,0.0,0.0,0.0,0.0,0.0,0.0,0.01
2023-01-08,Primo dose récente,3.3,1.05,0.14,0.0,0.0,0.0,0.0,0.0,0.0,0.0,0.01
2023-01-08,Complet - avec 2 rappels de moins de 3 mois,1096.21,160.06,41.38,9.89,11.93,9.27,1.62,1.36,1.69,1.51,5.45
2023-01-09,Non-vaccinés,8190.54,1353.49,483.97,190.18,60.13,43.64,7.8,5.49,14.64,11.64,
2023-01-10,Primo dose récente,10.74,0.05,0.69,0.0,0.0,0.0,0.0,0.0,0.0,0.0,0.01
2023-01-10,Complet - avec 2 rappels entre 3 mois et 6 mois,4362.43,496.05,293.14,87.25,30.57,22.89,12.92,12.28,5.63,3.57,4.56
2023-01-11,Complet - avec 1 rappel de 6 mois ou plus,27526.28,4184.2,1762.97,800.19,152.63,119.71,21.78,19.07,26.77,18.5,57.67
2023-01-12,Primo dose efficace,339.63,59.4,14.32,5.59,2.69,2.24,0.46,0.25,0.0,0.0,1.03
2023-01-13,Complet - avec 3 rappels de moins de 3 mois,1931.49,209.1,93.7,18.56,10.26,8.57,4.4,4.15,0.0,0.0,2.41
2023-01-14,Complet de moins de 3 mois - sans rappel,67.98,5.59,3.29,1.1,1.13,1.07,0.0,0.0,0.01,0.01,0.07
2023-01-15,Complet - avec 1 rappel entre 3 mois et 6 mois,103.17,12.95,6.75,1.05,0.43,0.11,1.17,1.0,1.06,1.0,0.55
2023-01-17,Complet - avec 1 rappel de 6 mois ou plus,29633.14,3836.68,1415.87,641.96,121.05,96.91,12.93,7.14,25.63,22.39,57.43
2023-01-17,Complet - avec 2 rappels entre 3 mois et 6 mois,4080.52,377.69,180.99,56.38,27.06,21.84,3.64,2.1,3.68,2.51,4.15
2023-01-18,Primo dose efficace,475.67,66.9,14.18,4.17,2.31,2.15,0.02,0.0,0.0,0.0,1.03
2023-01-18,Complet - avec 1 rappel entre 3 mois et 6 mois,291.44,51.48,14.39,6.73,4.35,3.11,0.02,0.02,1.0,1.0,0.52
2023-01-19,Primo dose efficace,310.17,56.83,19.25,9.61,2.48,2.25,0.0,0.0,1.03,1.0,1.03
2023-01-20,Complet - avec 1 rappel de 6 mois ou plus,19289.13,3026.46,1054.29,518.16,98.71,80.66,14.41,12.48,18.09,13.92,57.3
2023-01-21,Non-vaccinés,6322.45,922.98,219.11,82.66,23.78,15.73,0.31,0.25,9.82,6.91,
2023-01-21,Complet de moins de 3 mois - sans rappel,51.96,3.76,0.3,0.2,0.37,0.0,0.0,0.0,0.0,0.0,0.07
2023-01-21,Complet entre 3 mois et 6 mois - sans rappel,46.85,7.57,2.16,1.0,0.0,0.0,0.0,0.0,0.09,0.06,0.1
2023-01-21,Complet - avec 2 rappels entre 3 mois et 6 mois,3163.18,162.64,74.83,14.88,9.37,7.84,0.27,0.08,3.12,2.62,3.84
2023-01-23,Complet - avec 3 rappels entre 3 et 6 mois ou plus,447.06,40.09,17.55,3.05,3.28,3.26,0.0,0.0,0.0,0.0,0.26
2023-01-24,Primo dose efficace,447.64,55.91,10.72,4.63,0.18,0.0,0.01,0.0,1.29,1.23,1.03
2023-01-24,Complet - avec 2 rappels entre 3 mois et 6 mois,3339.94,268.26,104.63,35.44,12.04,10.16,1.85,1.33,2.96,1.49,3.79
2023-01-25,Non-vaccinés,7526.55,1569.96,310.78,140.71,23.37,18.43,1.77,0.58,7.5,6.25,
2023-01-25,Primo dose récente,8.77,0.05,0.14,0.0,0.0,0.0,0.0,0.0,0.0,0.0,0.01
2023-01-25,Complet entre 3 mois et 6 mois - sans rappel,60.25,6.9,3.21,3.08,0.0,0.0,0.0,0.0,0.0,0.0,0.09
2023-01-25,Complet de 6 mois ou plus - sans rappel,7630.0,1206.64,343.99,181.09,20.24,14.52,0.92,0.34,1.49,1.33,22.23
2023-01-25,Complet - avec 3 rappels de moins de 3 mois,2223.66,177.36,67.61,22.16,8.28,6.92,1.22,1.16,0.24,0.0,2.78
2023-01-26,Primo dose récente,5.45,0.08,0.07,0.0,0.0,0.0,0.0,0.0,0.0,0.0,0.01
2023-01-29,Complet - avec 1 rappel entre 3 mois et 6 mois,83.61,6.5,2.59,0.28,2.42,2.07,0.01,0.01,0.0,0.0,0.43
2023-01-30,Complet - avec 1 rappel de 6 mois ou plus,36699.2,4151.92,1738.58,963.9,89.3,63.28,11.22,9.52,12.91,8.91,57.09
2023-01-31,Complet - avec 2 rappels de 6 mois ou plus,6217.54,483.28,256.94,79.63,46.19,38.21,3.05,2.29,8.33,7.0,6.67
2023-02-01,Complet - avec 2 rappels de moins de 3 mois,,,,,8.28,,0.34,,1.17,,5.24
2023-02-03,Non-vaccinés,,,,,20.46,,2.89,,4.92,,
2023-02-03,Primo dose efficace,,,,,0.17,,0.0,,0.01,,1.03
2023-02-03,Complet - avec 1 rappel de 6 mois ou plus,,,,,83.75,,8.11,,10.48,,57.02
2023-02-03,Complet - avec 2 rappels de 6 mois ou plus,,,,,43.28,,4.85,,4.92,,6.79
2023-02-03,Complet - avec 3 rappels de moins de 3 mois,,,,,9.88,,3.16,,2.04,,2.97
2023-02-04,Primo dose efficace,,,,,0.51,,0.25,,0.06,,1.03
2023-02-05,Complet de moins de 3 mois - sans rappel,,,,,0.0,,0.0,,0.0,,0.07
2023-02-06,Primo dose récente,,,,,0.0,,0.0,,0.0,,0.01
2023-02-06,Complet de 6 mois ou plus - sans rappel,,,,,16.1,,2.73,,1.3,,22.22
2023-02-06,Complet - avec 1 rappel de 6 mois ou plus,,,,,86.36,,13.95,,10.37,,56.99
2023-02-06,Complet - avec 3 rappels de moins de 3 mois,,,,,11.05,,2.39,,1.44,,3.0
2023-02-07,Non-vaccinés,,,,,25.21,,2.78,,1.0,,
2023-02-08,Complet - avec 2 rappels de moins de 3 mois,,,,,6.52,,1.24,,0.22,,5.0
2023-02-08,Complet - avec 2 rappels de 6 mois ou plus,,,,,28.07,,7.56,,5.99,,6.88
2023-02-08,Complet - avec 3 rappels entre 3 et 6 mois ou plus,,,,,0.8,,1.22,,2.02,,0.51
2023-02-09,Primo dose récente,,,,,0.0,,0.0,,0.0,,0.01
2023-02-11,Complet entre 3 mois et 6 mois - sans rappel,,,,,0.25,,0.0,,0.0,,0.08
2023-02-12,Primo dose efficace,,,,,1.19,,0.01,,0.0,,1.03
2023-02-12,Complet - avec 3 rappels de moins de 3 mois,,,,,6.01,,0.23,,0.2,,3.05
2023-02-12,Complet - avec 3 rappels entre 3 et 6 mois ou plus,,,,,1.33,,0.01,,0.0,,0.57
2023-02-13,Non-vaccinés,,,,,23.95,,3.6,,1.11,,
2023-02-14,Complet - avec 1 rappel de moins de 3 mois,,,,,0.1,,0.2,,0.17,,0.36
2023-02-14,Complet - avec 3 rappels de moins de 3 mois,,,,,11.47,,2.25,,2.28,,3.05
2023-02-15,Complet - avec 2 rappels de 6 mois ou plus,,,,,39.29,,6.44,,4.29,,6.93
2023-02-18,Complet - avec 1 rappel de moins de 3 mois,205.68,18.15,4.0,1.37,0.2,0.0,0.0,0.0,0.0,0.0,0.35
2023-02-18,Complet - avec 2 rappels entre 3 mois et 6 mois,2217.0,150.26,55.31,18.64,7.76,5.71,0.12,0.0,0.41,0.06,3.64
2023-02-18,Complet - avec 3 rappels de moins de 3 mois,1963.67,124.58,58.35,12.9,7.47,6.42,2.32,1.2,0.09,0.0,3.03
2023-02-19,Complet de 6 mois ou plus - sans rappel,1711.27,180.72,68.14,15.07,9.97,7.01,1.81,1.65,0.13,0.13,22.22
2023-02-20,Complet entre 3 mois et 6 mois - sans rappel,51.09,7.45,1.22,0.05,0.0,0.0,0.0,0.0,0.0,0.0,0.08
2023-02-21,Complet de 6 mois ou plus - sans rappel,6648.8,844.94,273.15,121.93,19.49,12.22,2.45,2.11,2.5,1.18,22.22
2023-02-22,Non-vaccinés,5766.83,1015.45,218.14,70.57,31.28,23.37,3.47,3.0,5.28,5.28,
2023-02-22,Complet de 6 mois ou plus - sans rappel,6140.99,707.91,268.79,97.43,14.47,8.27,0.39,0.0,3.2,2.2,22.22
2023-02-23,Non-vaccinés,4254.53,961.44,190.34,65.89,25.4,18.87,1.27,1.22,3.92,3.2,
2023-02-23,Primo dose récente,5.58,0.0,0.24,0.0,0.0,0.0,0.0,0.0,0.0,0.0,0.01
2023-02-24,Complet - avec 3 rappels entre 3 et 6 mois ou plus,560.81,74.27,43.17,20.05,3.94,3.72,0.03,0.01,0.06,0.0,0.82
2023-02-25,Complet entre 3 mois et 6 mois - sans rappel,43.58,5.41,2.33,1.25,1.0,0.0,0.0,0.0,0.0,0.0,0.08
2023-02-26,Complet de moins de 3 mois - sans rappel,8.49,3.26,0.22,0.0,0.03,0.0,0.0,0.0,0.0,0.0,0.06
2023-02-26,Complet - avec 1 rappel entre 3 mois et 6 mois,72.57,14.41,0.8,0.26,2.05,1.0,0.0,0.0,0.0,0.0,0.38
2023-02-28,Complet de 6 mois ou plus - sans rappel,6100.74,752.61,288.31,115.97,24.45,17.95,4.71,2.24,1.34,1.0,22.22
2023-02-28,Complet - avec 1 rappel entre 3 mois et 6 mois,239.76,20.49,12.87,3.43,1.05,1.01,0.01,0.01,0.0,0.0,0.38
2023-03-01,Complet - avec 2 rappels de moins de 3 mois,2206.12,165.3,69.11,27.71,7.08,5.75,0.18,0.12,0.07,0.0,4.19
2023-03-02,Primo dose efficace,207.37,29.74,14.55,5.22,0.69,0.33,0.02,0.01,0.0,0.0,1.03
2023-03-02,Complet de moins de 3 mois - sans rappel,15.18,1.72,2.26,0.03,0.03,0.0,0.0,0.0,0.0,0.0,0.06
2023-03-02,Complet - avec 2 rappels de 6 mois ou plus,2324.27,341.95,220.78,81.06,51.08,34.81,6.45,4.81,3.0,3.0,7.21
2023-03-03,Complet - avec 2 rappels entre 3 mois et 6 mois,1923.64,208.5,111.12,43.1,11.63,6.8,0.52,0.12,1.2,0.0,3.92
2023-03-05,Primo dose récente,2.08,0.0,0.0,0.0,0.0,0.0,0.0,0.0,0.0,0.0,0.0
2023-03-05,Complet de 6 mois ou plus - sans rappel,1527.7,164.95,72.24,15.63,12.43,7.07,0.13,0.13,0.73,0.66,22.22
2023-03-06,Primo dose efficace,398.84,40.04,24.82,8.43,0.49,0.05,0.0,0.0,0.0,0.0,1.03
2023-03-06,Complet entre 3 mois et 6 mois - sans rappel,57.56,0.5,1.4,0.06,0.14,0.14,0.12,0.12,0.0,0.0,0.08
2023-03-10,Complet de 6 mois ou plus - sans rappel,4149.76,780.8,394.17,205.4,29.95,23.57,7.48,6.37,1.73,0.37,22.22
2023-03-10,Complet - avec 2 rappels de moins de 3 mois,1413.12,155.2,86.41,36.8,9.72,6.65,0.03,0.0,2.33,1.25,3.4
2023-03-11,Complet - avec 1 rappel de moins de 3 mois,122.02,12.56,5.76,3.24,1.0,1.0,0.01,0.01,1.0,1.0,0.27
2023-03-13,Primo dose récente,3.06,0.0,0.0,0.0,0.0,0.0,0.0,0.0,0.0,0.0,0.0
2023-03-13,Complet de 6 mois ou plus - sans rappel,7334.66,1114.3,606.01,311.4,32.87,24.54,4.34,4.17,1.26,1.0,22.22
2023-03-13,Complet - avec 1 rappel de 6 mois ou plus,26872.25,3342.04,2340.22,1215.12,124.05,84.35,14.69,7.34,10.32,7.14,56.85
2023-03-14,Non-vaccinés,5588.38,1191.87,408.13,191.15,51.31,40.54,3.03,1.4,3.2,1.0,
2023-03-14,Complet - avec 1 rappel de moins de 3 mois,140.2,16.16,5.24,1.34,0.03,0.0,0.0,0.0,0.0,0.0,0.26
2023-03-15,Complet - avec 1 rappel de 6 mois ou plus,16457.14,2563.69,1697.8,876.87,119.05,89.25,24.48,21.27,12.62,9.72,56.85
2023-03-15,Complet - avec 2 rappels de moins de 3 mois,1244.46,137.64,84.11,38.77,5.91,4.88,1.42,1.12,0.46,0.28,2.81
2023-03-16,Complet - avec 3 rappels entre 3 et 6 mois ou plus,703.37,139.76,104.46,42.61,17.25,10.41,2.21,2.0,1.18,1.0,1.68
2023-03-17,Primo dose récente,1.0,0.0,0.0,0.0,0.0,0.0,0.0,0.0,0.0,0.0,0.0
2023-03-18,Complet - avec 2 rappels de 6 mois ou plus,4078.88,315.86,285.34,104.46,41.7,29.47,3.47,2.17,4.65,3.34,7.61
2023-03-19,Complet - avec 1 rappel de 6 mois ou plus,3913.82,503.49,381.59,110.82,90.15,64.87,10.36,8.57,4.14,1.0,56.85
2023-03-19,Complet - avec 3 rappels de moins de 3 mois,293.48,40.09,22.82,6.92,4.76,3.18,1.24,1.07,1.0,0.0,2.09
2023-03-20,Non-vaccinés,6757.99,1347.87,484.83,227.62,62.13,39.54,6.15,4.71,6.59,5.13,
2023-03-20,Complet - avec 1 rappel entre 3 mois et 6 mois,323.72,34.23,28.06,13.32,0.76,0.19,1.0,0.0,0.0,0.0,0.42
2023-03-20,Complet - avec 1 rappel de 6 mois ou plus,24438.22,3449.2,2561.41,1385.87,140.99,95.07,12.87,10.58,7.81,6.28,56.86
2023-03-20,Complet - avec 2 rappels de 6 mois ou plus,6500.27,640.93,592.88,259.14,81.11,52.0,4.04,3.57,3.96,2.81,7.62
2023-03-20,Complet - avec 3 rappels entre 3 et 6 mois ou plus,1990.17,199.57,213.23,67.1,24.85,19.36,1.77,0.3,1.37,1.09,1.91
2023-03-21,Primo dose efficace,287.35,42.29,25.92,12.34,1.56,1.52,0.16,0.0,0.0,0.0,1.03
2023-03-21,Complet - avec 2 rappels de 6 mois ou plus,4873.88,577.85,548.15,215.53,71.59,55.26,6.69,5.91,1.3,1.12,7.64
2023-03-22,Non-vaccinés,4798.62,1098.86,374.74,170.19,48.82,38.59,6.01,4.14,3.32,3.0,
2023-03-22,Complet entre 3 mois et 6 mois - sans rappel,38.21,6.74,5.32,2.11,0.0,0.0,0.0,0.0,0.0,0.0,0.08
2023-03-23,Non-vaccinés,3534.36,1094.95,388.97,173.77,47.84,34.89,5.29,4.91,1.85,1.4,
2023-03-23,Primo dose récente,3.2,0.0,1.05,0.0,0.0,0.0,0.0,0.0,0.0,0.0,0.0
2023-03-23,Complet - avec 2 rappels entre 3 mois et 6 mois,1575.71,359.58,251.82,117.05,23.03,16.99,2.51,2.18,2.2,2.2,5.55
2023-03-24,Non-vaccinés,3624.58,1011.41,366.0,168.76,48.13,35.56,1.59,1.28,4.79,4.55,
2023-03-24,Complet - avec 2 rappels de moins de 3 mois,621.5,99.65,58.46,31.17,2.36,1.87,0.06,0.03,0.05,0.05,1.77
2023-03-25,Complet entre 3 mois et 6 mois - sans rappel,27.76,3.34,3.15,1.05,0.0,0.0,1.0,1.0,0.02,0.02,0.08
2023-03-26,Complet - avec 2 rappels de 6 mois ou plus,1109.08,163.81,112.71,33.27,36.6,23.95,3.55,2.82,9.1,6.69,7.79
2023-03-27,Complet - avec 1 rappel de 6 mois ou plus,22457.93,3612.61,2688.73,1463.33,156.03,111.52,13.41,11.4,10.09,7.34,56.87
2023-03-27,Complet - avec 3 rappels entre 3 et 6 mois ou plus,1968.18,228.29,226.28,91.1,20.84,13.83,0.52,0.1,0.73,0.17,2.19
2023-03-28,Primo dose efficace,260.99,48.71,28.55,16.33,3.04,1.26,0.05,0.05,0.04,0.0,1.03
2023-03-28,Complet de moins de 3 mois - sans rappel,16.34,4.27,1.11,0.0,0.0,0.0,0.04,0.0,0.01,0.0,0.05
2023-03-28,Complet de 6 mois ou plus - sans rappel,4713.12,991.18,520.64,287.26,29.17,20.18,4.65,2.55,1.12,1.08,22.23
2023-03-28,Complet - avec 1 rappel de moins de 3 mois,94.63,14.31,7.13,2.33,1.24,1.0,0.02,0.01,0.01,0.0,0.18
2023-03-28,Complet - avec 3 rappels de moins de 3 mois,1001.03,128.28,118.04,52.77,9.96,7.82,0.16,0.09,1.35,1.35,1.83
2023-03-29,Non-vaccinés,4575.88,1053.37,389.38,187.13,41.77,28.27,7.9,5.84,2.4,1.25,
2023-03-29,Complet - avec 1 rappel de moins de 3 mois,73.69,16.07,7.13,3.27,0.1,0.03,1.0,1.0,0.0,0.0,0.18
2023-03-30,Complet de 6 mois ou plus - sans rappel,3233.32,942.8,496.67,265.18,28.85,23.14,2.15,1.42,1.5,0.0,22.23
2023-03-30,Complet - avec 1 rappel de moins de 3 mois,65.65,12.76,8.87,1.17,1.39,1.15,0.01,0.01,0.0,0.0,0.17
2023-03-31,Complet - avec 3 rappels entre 3 et 6 mois ou plus,1095.43,208.08,176.56,72.6,29.08,19.68,3.24,3.2,1.2,1.2,2.3
2023-04-01,Complet - avec 3 rappels entre 3 et 6 mois ou plus,1077.61,125.2,116.1,45.69,27.54,20.4,1.32,1.32,2.38,1.2,2.32
2023-04-03,Complet - avec 2 rappels de 6 mois ou plus,5736.69,698.42,663.41,288.73,77.5,60.03,6.87,4.18,4.57,3.0,7.96
2023-04-04,Primo dose récente,2.06,0.0,1.0,0.0,0.02,0.0,0.0,0.0,0.0,0.0,0.0
2023-04-04,Complet - avec 2 rappels de moins de 3 mois,603.12,80.85,39.38,21.32,0.76,0.53,1.02,1.01,0.01,0.01,1.45
2023-04-04,Complet - avec 3 rappels de moins de 3 mois,864.65,135.23,88.27,38.03,7.48,5.2,1.12,1.06,1.16,1.16,1.72
2023-04-05,Primo dose récente,0.07,0.0,0.0,0.0,0.0,0.0,0.0,0.0,0.0,0.0,0.0
2023-04-05,Complet - avec 2 rappels entre 3 mois et 6 mois,2197.79,409.89,265.83,135.47,22.77,13.14,2.64,2.2,0.25,0.0,5.69
2023-04-06,Primo dose efficace,181.21,41.18,22.91,8.38,4.93,4.33,0.0,0.0,0.04,0.04,1.03
2023-04-06,Complet - avec 2 rappels entre 3 mois et 6 mois,1422.48,412.86,254.0,136.82,22.32,13.62,4.87,4.0,1.0,1.0,5.72
2023-04-07,Complet - avec 3 rappels entre 3 et 6 mois ou plus,899.89,229.17,176.23,76.33,24.43,18.82,0.05,0.0,3.19,3.0,2.54
2023-04-08,Primo dose efficace,149.21,20.69,13.4,5.6,0.51,0.19,0.0,0.0,0.0,0.0,1.03
2023-04-08,Complet entre 3 mois et 6 mois - sans rappel,28.18,8.55,3.42,2.19,0.0,0.0,0.0,0.0,0.0,0.0,0.07
2023-04-09,Complet - avec 3 rappels entre 3 et 6 mois ou plus,345.33,82.34,58.13,23.27,13.41,9.03,5.06,5.06,0.2,0.2,2.63
2023-04-10,Complet de 6 mois ou plus - sans rappel,1220.76,175.43,124.25,35.54,25.37,15.17,2.12,1.26,1.02,1.02,22.24
2023-04-10,Complet - avec 3 rappels de moins de 3 mois,172.24,29.65,19.27,5.58,6.31,6.04,1.0,1.0,0.2,0.2,1.46
2023-04-11,Complet de 6 mois ou plus - sans rappel,5839.55,1160.14,695.31,410.86,37.72,29.97,4.34,4.08,1.12,1.0,22.24
2023-04-14,Complet - avec 1 rappel de moins de 3 mois,54.5,11.05,7.53,5.3,0.0,0.0,0.0,0.0,0.0,0.0,0.13
2023-04-15,Complet - avec 2 rappels de 6 mois ou plus,2971.57,411.97,339.74,144.03,51.38,40.52,6.66,5.16,13.61,8.2,8.44
2023-04-16,Primo dose récente,0.02,0.0,0.0,0.0,0.02,0.02,0.0,0.0,0.0,0.0,0.0
2023-04-16,Primo dose efficace,69.35,8.87,11.7,4.79,1.16,1.09,0.0,0.0,0.0,0.0,1.03
2023-04-17,Primo dose efficace,292.31,48.82,32.19,12.62,4.55,4.29,0.0,0.0,0.01,0.0,1.03
2023-04-18,Complet - avec 1 rappel entre 3 mois et 6 mois,193.06,33.25,18.18,8.23,0.71,0.47,2.73,2.44,0.0,0.0,0.42
2023-04-18,Complet - avec 2 rappels de 6 mois ou plus,3982.46,730.47,607.23,277.2,73.44,53.37,9.24,7.29,8.64,6.0,8.51
2023-04-19,Complet de 6 mois ou plus - sans rappel,3527.79,745.54,435.44,220.7,24.61,19.97,9.24,7.04,4.67,4.42,22.24
2023-04-19,Complet - avec 1 rappel entre 3 mois et 6 mois,174.7,39.81,24.67,15.65,2.29,1.0,0.39,0.39,0.0,0.0,0.42
2023-04-20,Complet - avec 3 rappels entre 3 et 6 mois ou plus,1068.15,285.2,213.91,101.32,27.0,13.36,0.68,0.68,2.88,2.58,3.09
2023-04-21,Complet - avec 2 rappels de 6 mois ou plus,3025.43,619.85,517.03,204.51,66.15,51.5,6.32,4.97,5.04,2.5,8.74
2023-04-22,Complet de moins de 3 mois - sans rappel,10.29,0.3,1.19,0.07,0.0,0.0,0.0,0.0,0.0,0.0,0.03
2023-04-22,Complet - avec 1 rappel de moins de 3 mois,32.4,8.88,5.28,4.16,0.0,0.0,0.0,0.0,0.0,0.0,0.1
2023-04-22,Complet - avec 2 rappels de moins de 3 mois,193.47,25.24,14.24,6.87,0.02,0.0,0.0,0.0,0.08,0.0,0.58
2023-04-23,Primo dose efficace,63.04,7.86,3.49,1.68,2.6,2.37,0.0,0.0,0.0,0.0,1.03
2023-04-23,Complet entre 3 mois et 6 mois - sans rappel,8.28,1.34,0.06,0.0,0.0,0.0,0.0,0.0,0.0,0.0,0.07
2023-04-24,Complet - avec 1 rappel de moins de 3 mois,42.21,4.82,6.5,0.1,0.09,0.03,0.0,0.0,0.02,0.0,0.1
2023-04-25,Non-vaccinés,3460.01,747.36,348.84,151.02,43.97,36.24,4.76,3.22,6.71,3.07,
2023-04-25,Primo dose récente,3.64,1.06,1.03,1.03,0.0,0.0,0.0,0.0,0.0,0.0,0.0
2023-04-26,Non-vaccinés,3113.94,662.92,309.73,125.28,40.14,23.98,4.64,4.2,2.24,1.92,
2023-04-26,Complet - avec 1 rappel de 6 mois ou plus,10133.03,2444.5,1467.66,813.41,115.7,89.68,21.03,16.5,15.13,11.25,56.96
2023-04-26,Complet - avec 3 rappels entre 3 et 6 mois ou plus,1298.36,291.88,221.46,99.65,27.1,20.08,2.5,1.1,2.47,2.27,3.29
2023-04-27,Non-vaccinés,2436.27,705.98,292.63,144.09,35.58,24.56,3.9,3.4,6.5,3.5,
2023-04-27,Complet - avec 1 rappel de 6 mois ou plus,7093.1,2243.51,1273.57,720.94,88.67,56.58,5.57,4.0,10.3,9.75,56.96
2023-04-28,Complet - avec 1 rappel entre 3 mois et 6 mois,118.33,36.43,17.87,5.89,0.53,0.45,1.08,1.0,0.2,0.0,0.4
2023-04-29,Complet de moins de 3 mois - sans rappel,3.59,0.0,0.0,0.0,0.0,0.0,0.0,0.0,0.0,0.0,0.03
2023-04-29,Complet entre 3 mois et 6 mois - sans rappel,21.77,3.69,3.56,1.44,1.6,0.0,0.0,0.0,0.0,0.0,0.07
2023-04-29,Complet - avec 2 rappels de 6 mois ou plus,2694.59,401.53,271.83,117.73,43.32,27.65,6.42,4.0,11.32,10.32,9.21
2023-04-30,Complet de 6 mois ou plus - sans rappel,745.12,145.79,73.12,29.65,12.36,9.21,3.62,3.37,1.0,0.0,22.25
2023-04-30,Complet - avec 3 rappels entre 3 et 6 mois ou plus,417.2,94.49,53.66,16.75,13.79,6.56,1.06,0.06,3.25,3.25,3.43
2023-05-04,Complet - avec 3 rappels de moins de 3 mois,145.8,51.59,15.45,10.37,0.37,0.24,1.0,1.0,1.0,1.0,0.66
2023-05-05,Complet de 6 mois ou plus - sans rappel,1797.85,541.06,238.88,140.31,11.43,6.47,3.4,3.35,0.58,0.51,22.26
2023-05-06,Primo dose efficace,120.62,17.27,8.12,2.83,1.47,1.42,0.01,0.01,0.15,0.0,1.03
2023-05-10,Complet - avec 3 rappels entre 3 et 6 mois ou plus,1269.86,233.79,152.76,69.08,12.0,9.43,3.18,3.06,2.44,0.07,3.64
2023-05-11,Complet - avec 3 rappels entre 3 et 6 mois ou plus,838.45,185.92,110.54,49.41,12.25,9.56,5.39,5.0,0.28,0.07,3.66
2023-05-13,Primo dose récente,0.0,0.0,0.0,0.0,0.0,0.0,0.0,0.0,0.0,0.0,0.0
2023-05-14,Complet de moins de 3 mois - sans rappel,1.25,0.2,0.0,0.0,0.0,0.0,0.0,0.0,0.0,0.0,0.03
2023-05-15,Primo dose efficace,172.41,31.51,16.09,6.46,2.38,0.89,0.0,0.0,0.18,0.18,1.03
2023-05-15,Complet - avec 1 rappel entre 3 mois et 6 mois,160.29,31.53,14.14,7.07,3.21,3.21,0.0,0.0,0.0,0.0,0.37
2023-05-16,Complet entre 3 mois et 6 mois - sans rappel,16.84,5.98,0.44,0.44,0.0,0.0,0.0,0.0,0.0,0.0,0.07
2023-05-17,Complet - avec 1 rappel de 6 mois ou plus,5396.42,1423.66,677.76,407.86,58.41,37.84,6.89,6.65,8.19,6.42,57.03
2023-05-17,Complet - avec 2 rappels de 6 mois ou plus,2028.45,530.72,278.17,157.57,34.58,25.48,6.71,5.59,2.4,1.12,9.88
2023-05-19,Non-vaccinés,1895.25,451.3,167.91,76.84,26.17,14.11,2.95,1.95,8.52,4.47,
2023-05-20,Complet - avec 1 rappel de moins de 3 mois,6.2,0.32,0.22,0.17,0.0,0.0,0.0,0.0,0.0,0.0,0.06
2023-05-22,Primo dose efficace,185.39,37.99,15.73,9.3,1.39,1.23,0.05,0.04,0.0,0.0,1.03
2023-05-23,Complet - avec 1 rappel de moins de 3 mois,18.21,2.31,2.08,0.08,1.3,1.0,0.0,0.0,0.0,0.0,0.06
2023-05-24,Complet entre 3 mois et 6 mois - sans rappel,11.17,2.07,0.07,0.0,0.0,0.0,0.0,0.0,0.0,0.0,0.06
2023-05-25,Primo dose efficace,87.29,23.04,8.87,4.55,0.69,0.5,0.01,0.01,1.0,1.0,1.03
2023-05-25,Complet de moins de 3 mois - sans rappel,3.5,2.21,1.04,1.0,0.2,0.0,0.0,0.0,0.0,0.0,0.02
2023-05-25,Complet - avec 1 rappel de 6 mois ou plus,4844.31,1607.72,697.31,424.12,39.43,27.84,8.2,4.52,3.75,2.0,57.05
2023-05-25,Complet - avec 2 rappels de 6 mois ou plus,1801.09,482.56,256.54,130.92,24.72,15.87,4.15,3.65,4.75,1.0,10.25
2023-05-27,Complet - avec 1 rappel de 6 mois ou plus,5467.55,814.14,379.47,198.9,37.02,23.24,6.4,4.0,1.87,1.6,57.07
2023-05-28,Complet de moins de 3 mois - sans rappel,1.09,0.02,0.0,0.0,0.0,0.0,0.0,0.0,0.0,0.0,0.02
2023-05-29,Complet - avec 3 rappels de moins de 3 mois,40.6,5.88,4.98,0.76,0.2,0.0,0.0,0.0,0.0,0.0,0.37
2023-05-30,Primo dose efficace,160.18,21.06,14.45,5.06,1.68,1.2,0.02,0.02,0.0,0.0,1.03
2023-06-01,Complet - avec 3 rappels entre 3 et 6 mois ou plus,739.93,192.99,99.11,56.5,13.12,8.8,0.82,0.22,1.28,1.28,3.9
2023-06-05,Complet de moins de 3 mois - sans rappel,3.16,0.03,0.0,0.0,0.02,0.02,0.0,0.0,0.02,0.01,0.02
2023-06-05,Complet - avec 3 rappels de moins de 3 mois,129.54,23.84,8.07,3.34,0.39,0.03,0.0,0.0,0.01,0.0,0.34
2023-06-06,Primo dose efficace,107.37,19.7,5.3,2.83,0.34,0.15,0.01,0.01,0.04,0.0,1.03
2023-06-09,Non-vaccinés,1518.55,407.26,111.15,63.73,12.59,8.7,5.39,4.15,1.69,0.0,
2023-06-10,Complet - avec 1 rappel de moins de 3 mois,5.92,0.16,0.0,0.0,0.0,0.0,0.0,0.0,0.04,0.02,0.04
2023-06-10,Complet - avec 3 rappels de moins de 3 mois,66.9,9.22,6.0,3.0,1.05,1.0,0.14,0.0,0.0,0.0,0.32
2023-06-11,Non-vaccinés,599.67,145.69,32.04,7.49,4.58,2.0,0.0,0.0,1.81,1.81,
